{
	"textures": {
		"2": "expansion:vehicles/mech_torso/blaster_right"
	},
	"elements": [
		{
			"from": [
				30.702702702702705,
				-7.243243243243244,
				4.108108108108108
			],
			"to": [
				32,
				6.378378378378378,
				11.243243243243244
			],
			"rotation": {
				"angle": 0,
				"axis": "y",
				"origin": [
					8,
					8,
					8
				]
			},
			"faces": {
				"north": {
					"uv": [
						0,
						5.25,
						0.5,
						10.5
					],
					"texture": "#2"
				},
				"east": {
					"uv": [
						0,
						0,
						2.75,
						5.25
					],
					"texture": "#2"
				},
				"south": {
					"uv": [
						0.5,
						5.25,
						1,
						10.5
					],
					"texture": "#2"
				},
				"west": {
					"uv": [
						2.75,
						0,
						5.5,
						5.25
					],
					"texture": "#2"
				},
				"up": {
					"uv": [
						1.5,
						8,
						1,
						5.25
					],
					"texture": "#2"
				},
				"down": {
					"uv": [
						2,
						5.25,
						1.5,
						8
					],
					"texture": "#2"
				}
			}
		}
	],
	"display": {
		"head": {
			"rotation": [
				0,
				180,
				0
			]
		}
	}
}