{
	"textures": {
		"5": "expansion:vehicles/mech_torso/drill"
	},
	"elements": [
		{
			"from": [
				5.4915,
				6.996459999999999,
				6.99887
			],
			"to": [
				6.7415,
				8.996459999999999,
				8.99887
			],
			"rotation": {
				"angle": 0,
				"axis": "y",
				"origin": [
					13.054610000000002,
					18.99646,
					11.1488
				]
			},
			"faces": {
				"north": {
					"uv": [
						13.25,
						0.5,
						13.4375,
						0.75
					],
					"texture": "#5"
				},
				"east": {
					"uv": [
						9.125,
						7.5,
						9.375,
						7.75
					],
					"texture": "#5"
				},
				"south": {
					"uv": [
						0.75,
						13.25,
						0.9375,
						13.5
					],
					"texture": "#5"
				},
				"west": {
					"uv": [
						3.375,
						9.375,
						3.625,
						9.625
					],
					"texture": "#5"
				},
				"up": {
					"uv": [
						13.4375,
						1.125,
						13.25,
						0.875
					],
					"texture": "#5"
				},
				"down": {
					"uv": [
						13.4375,
						1.25,
						13.25,
						1.5
					],
					"texture": "#5"
				}
			}
		},
		{
			"from": [
				7.66957,
				3.2728,
				2.9226900000000002
			],
			"to": [
				9.669570000000002,
				8.243369999999999,
				14.922690000000001
			],
			"rotation": {
				"angle": 45,
				"axis": "x",
				"origin": [
					17.982680000000002,
					7.985420000000001,
					11.15002
				]
			},
			"faces": {
				"north": {
					"uv": [
						0.375,
						12.5,
						0.625,
						13.125
					],
					"texture": "#5"
				},
				"east": {
					"uv": [
						5.25,
						5.25,
						6.75,
						5.875
					],
					"texture": "#5"
				},
				"south": {
					"uv": [
						0.75,
						12.5,
						1,
						13.125
					],
					"texture": "#5"
				},
				"west": {
					"uv": [
						5.5,
						3.75,
						7,
						4.375
					],
					"texture": "#5"
				},
				"up": {
					"uv": [
						3.875,
						12.375,
						3.625,
						10.875
					],
					"texture": "#5"
				},
				"down": {
					"uv": [
						11.125,
						7.375,
						10.875,
						8.875
					],
					"texture": "#5"
				}
			}
		},
		{
			"from": [
				7.66957,
				5.500139999999998,
				2.00009
			],
			"to": [
				9.669570000000002,
				10.4707,
				14.00009
			],
			"rotation": {
				"angle": 0,
				"axis": "y",
				"origin": [
					17.982680000000002,
					7.985420000000001,
					11.15002
				]
			},
			"faces": {
				"north": {
					"uv": [
						3.125,
						12.5,
						3.375,
						13.125
					],
					"texture": "#5"
				},
				"east": {
					"uv": [
						5.75,
						0,
						7.25,
						0.625
					],
					"texture": "#5"
				},
				"south": {
					"uv": [
						3.5,
						12.5,
						3.75,
						13.125
					],
					"texture": "#5"
				},
				"west": {
					"uv": [
						5.75,
						0.75,
						7.25,
						1.375
					],
					"texture": "#5"
				},
				"up": {
					"uv": [
						7.875,
						12.375,
						7.625,
						10.875
					],
					"texture": "#5"
				},
				"down": {
					"uv": [
						10.875,
						10.875,
						10.625,
						12.375
					],
					"texture": "#5"
				}
			}
		},
		{
			"from": [
				7.66957,
				-0.24191000000000074,
				6.4374
			],
			"to": [
				9.669570000000002,
				11.75809,
				11.40797
			],
			"rotation": {
				"angle": 45,
				"axis": "x",
				"origin": [
					17.982680000000002,
					7.985420000000001,
					11.15002
				]
			},
			"faces": {
				"north": {
					"uv": [
						6.375,
						11,
						6.625,
						12.5
					],
					"texture": "#5"
				},
				"east": {
					"uv": [
						5.25,
						6,
						5.875,
						7.5
					],
					"texture": "#5"
				},
				"south": {
					"uv": [
						6.75,
						11,
						7,
						12.5
					],
					"texture": "#5"
				},
				"west": {
					"uv": [
						6,
						6,
						6.625,
						7.5
					],
					"texture": "#5"
				},
				"up": {
					"uv": [
						12.75,
						5.125,
						12.5,
						4.5
					],
					"texture": "#5"
				},
				"down": {
					"uv": [
						12.75,
						5.25,
						12.5,
						5.875
					],
					"texture": "#5"
				}
			}
		},
		{
			"from": [
				8.16957,
				-1.2419100000000007,
				7.4374
			],
			"to": [
				9.16957,
				12.75809,
				10.40797
			],
			"rotation": {
				"angle": 45,
				"axis": "x",
				"origin": [
					10.98268,
					7.985420000000001,
					11.15002
				]
			},
			"faces": {
				"north": {
					"uv": [
						10.375,
						11.5,
						10.5,
						13.25
					],
					"texture": "#5"
				},
				"east": {
					"uv": [
						8.25,
						2.375,
						8.625,
						4.125
					],
					"texture": "#5"
				},
				"south": {
					"uv": [
						11.625,
						2.125,
						11.75,
						3.875
					],
					"texture": "#5"
				},
				"west": {
					"uv": [
						2.875,
						8.25,
						3.25,
						10
					],
					"texture": "#5"
				},
				"up": {
					"uv": [
						13.375,
						2,
						13.25,
						1.625
					],
					"texture": "#5"
				},
				"down": {
					"uv": [
						13.375,
						2.125,
						13.25,
						2.5
					],
					"texture": "#5"
				}
			}
		},
		{
			"from": [
				8.16957,
				0.9854200000000013,
				6.514810000000001
			],
			"to": [
				9.16957,
				14.985420000000001,
				9.48537
			],
			"rotation": {
				"angle": 0,
				"axis": "y",
				"origin": [
					10.98268,
					7.985420000000001,
					11.15002
				]
			},
			"faces": {
				"north": {
					"uv": [
						8.25,
						11.625,
						8.375,
						13.375
					],
					"texture": "#5"
				},
				"east": {
					"uv": [
						0.5,
						8.375,
						0.875,
						10.125
					],
					"texture": "#5"
				},
				"south": {
					"uv": [
						11.625,
						8.375,
						11.75,
						10.125
					],
					"texture": "#5"
				},
				"west": {
					"uv": [
						1,
						8.375,
						1.375,
						10.125
					],
					"texture": "#5"
				},
				"up": {
					"uv": [
						13.375,
						3,
						13.25,
						2.625
					],
					"texture": "#5"
				},
				"down": {
					"uv": [
						3.125,
						13.25,
						3,
						13.625
					],
					"texture": "#5"
				}
			}
		},
		{
			"from": [
				8.16957,
				6.500139999999998,
				1.0000900000000001
			],
			"to": [
				9.16957,
				9.4707,
				15.00009
			],
			"rotation": {
				"angle": 0,
				"axis": "y",
				"origin": [
					10.98268,
					7.985420000000001,
					11.15002
				]
			},
			"faces": {
				"north": {
					"uv": [
						13.25,
						3.125,
						13.375,
						3.5
					],
					"texture": "#5"
				},
				"east": {
					"uv": [
						8.25,
						0.5,
						10,
						0.875
					],
					"texture": "#5"
				},
				"south": {
					"uv": [
						3.25,
						13.25,
						3.375,
						13.625
					],
					"texture": "#5"
				},
				"west": {
					"uv": [
						8.25,
						1,
						10,
						1.375
					],
					"texture": "#5"
				},
				"up": {
					"uv": [
						8.625,
						13.375,
						8.5,
						11.625
					],
					"texture": "#5"
				},
				"down": {
					"uv": [
						8.875,
						11.625,
						8.75,
						13.375
					],
					"texture": "#5"
				}
			}
		},
		{
			"from": [
				8.16957,
				3.2127499999999998,
				7.4374
			],
			"to": [
				9.16957,
				17.21275,
				10.40797
			],
			"rotation": {
				"angle": -45,
				"axis": "x",
				"origin": [
					10.98268,
					7.985420000000001,
					11.15002
				]
			},
			"faces": {
				"north": {
					"uv": [
						9,
						11.625,
						9.125,
						13.375
					],
					"texture": "#5"
				},
				"east": {
					"uv": [
						4.25,
						8.5,
						4.625,
						10.25
					],
					"texture": "#5"
				},
				"south": {
					"uv": [
						9.25,
						11.625,
						9.375,
						13.375
					],
					"texture": "#5"
				},
				"west": {
					"uv": [
						8.5,
						4.25,
						8.875,
						6
					],
					"texture": "#5"
				},
				"up": {
					"uv": [
						3.625,
						13.625,
						3.5,
						13.25
					],
					"texture": "#5"
				},
				"down": {
					"uv": [
						3.875,
						13.25,
						3.75,
						13.625
					],
					"texture": "#5"
				}
			}
		},
		{
			"from": [
				7.66957,
				1.9854200000000013,
				5.514810000000001
			],
			"to": [
				9.669570000000002,
				13.985420000000001,
				10.48537
			],
			"rotation": {
				"angle": 0,
				"axis": "y",
				"origin": [
					17.982680000000002,
					7.985420000000001,
					11.15002
				]
			},
			"faces": {
				"north": {
					"uv": [
						11,
						9,
						11.25,
						10.5
					],
					"texture": "#5"
				},
				"east": {
					"uv": [
						2.25,
						6.125,
						2.875,
						7.625
					],
					"texture": "#5"
				},
				"south": {
					"uv": [
						11,
						10.625,
						11.25,
						12.125
					],
					"texture": "#5"
				},
				"west": {
					"uv": [
						3,
						6.125,
						3.625,
						7.625
					],
					"texture": "#5"
				},
				"up": {
					"uv": [
						12.75,
						6.625,
						12.5,
						6
					],
					"texture": "#5"
				},
				"down": {
					"uv": [
						12.75,
						6.75,
						12.5,
						7.375
					],
					"texture": "#5"
				}
			}
		},
		{
			"from": [
				6.471730000000001,
				4.070060000000002,
				6.35981
			],
			"to": [
				7.791730000000001,
				11.99006,
				9.64038
			],
			"rotation": {
				"angle": 0,
				"axis": "y",
				"origin": [
					9.194840000000001,
					7.780059999999999,
					11.15002
				]
			},
			"faces": {
				"north": {
					"uv": [
						9.5,
						12.125,
						9.6875,
						13.125
					],
					"texture": "#5"
				},
				"east": {
					"uv": [
						4.625,
						10.375,
						5.0625,
						11.375
					],
					"texture": "#5"
				},
				"south": {
					"uv": [
						11.375,
						12.125,
						11.5625,
						13.125
					],
					"texture": "#5"
				},
				"west": {
					"uv": [
						10,
						10.375,
						10.4375,
						11.375
					],
					"texture": "#5"
				},
				"up": {
					"uv": [
						13.0625,
						4.9375,
						12.875,
						4.5
					],
					"texture": "#5"
				},
				"down": {
					"uv": [
						13.0625,
						5.125,
						12.875,
						5.5625
					],
					"texture": "#5"
				}
			}
		},
		{
			"from": [
				6.471730000000001,
				4.089220000000001,
				4.78591
			],
			"to": [
				7.791730000000001,
				7.369789999999998,
				12.705910000000001
			],
			"rotation": {
				"angle": 45,
				"axis": "x",
				"origin": [
					9.194840000000001,
					7.780059999999999,
					11.15002
				]
			},
			"faces": {
				"north": {
					"uv": [
						12.875,
						5.75,
						13.0625,
						6.1875
					],
					"texture": "#5"
				},
				"east": {
					"uv": [
						10.5,
						2.75,
						11.5,
						3.1875
					],
					"texture": "#5"
				},
				"south": {
					"uv": [
						12.875,
						6.375,
						13.0625,
						6.8125
					],
					"texture": "#5"
				},
				"west": {
					"uv": [
						10.5,
						3.375,
						11.5,
						3.8125
					],
					"texture": "#5"
				},
				"up": {
					"uv": [
						12.4375,
						2.125,
						12.25,
						1.125
					],
					"texture": "#5"
				},
				"down": {
					"uv": [
						12.4375,
						2.25,
						12.25,
						3.25
					],
					"texture": "#5"
				}
			}
		},
		{
			"from": [
				6.471730000000001,
				6.389769999999999,
				4.04009
			],
			"to": [
				7.791730000000001,
				9.67035,
				11.960090000000001
			],
			"rotation": {
				"angle": 0,
				"axis": "y",
				"origin": [
					9.194840000000001,
					7.780059999999999,
					11.15002
				]
			},
			"faces": {
				"north": {
					"uv": [
						1.125,
						13,
						1.3125,
						13.4375
					],
					"texture": "#5"
				},
				"east": {
					"uv": [
						10.5,
						4,
						11.5,
						4.4375
					],
					"texture": "#5"
				},
				"south": {
					"uv": [
						13,
						8,
						13.1875,
						8.4375
					],
					"texture": "#5"
				},
				"west": {
					"uv": [
						10.5,
						4.625,
						11.5,
						5.0625
					],
					"texture": "#5"
				},
				"up": {
					"uv": [
						12.4375,
						4.375,
						12.25,
						3.375
					],
					"texture": "#5"
				},
				"down": {
					"uv": [
						5.4375,
						12.25,
						5.25,
						13.25
					],
					"texture": "#5"
				}
			}
		},
		{
			"from": [
				6.471730000000001,
				1.7694999999999972,
				7.10562
			],
			"to": [
				7.791730000000001,
				9.689499999999999,
				10.386190000000001
			],
			"rotation": {
				"angle": 45,
				"axis": "x",
				"origin": [
					9.194840000000001,
					7.780059999999999,
					11.15002
				]
			},
			"faces": {
				"north": {
					"uv": [
						5.625,
						12.25,
						5.8125,
						13.25
					],
					"texture": "#5"
				},
				"east": {
					"uv": [
						8.25,
						10.5,
						8.6875,
						11.5
					],
					"texture": "#5"
				},
				"south": {
					"uv": [
						6,
						12.25,
						6.1875,
						13.25
					],
					"texture": "#5"
				},
				"west": {
					"uv": [
						8.875,
						10.5,
						9.3125,
						11.5
					],
					"texture": "#5"
				},
				"up": {
					"uv": [
						13.1875,
						9.0625,
						13,
						8.625
					],
					"texture": "#5"
				},
				"down": {
					"uv": [
						13.1875,
						9.25,
						13,
						9.6875
					],
					"texture": "#5"
				}
			}
		}
	],
	"display": {
		"head": {
			"rotation": [
				0,
				180,
				0
			]
		}
	}
}