{
	"credit": "Made with Blockbench",
	"texture_size": [64, 64],
	"textures": {
		"2": "expansion:tools/pocket_space",
		"particle": "expansion:tools/pocket_space"
	},
	"elements": [
		{
			"from": [2, 0, 2],
			"to": [14, 1, 14],
			"faces": {
				"north": {"uv": [10, 9, 13, 9.25], "texture": "#2"},
				"east": {"uv": [9.25, 10, 12.25, 10.25], "texture": "#2"},
				"south": {"uv": [10, 9.25, 13, 9.5], "texture": "#2"},
				"west": {"uv": [9.25, 10.25, 12.25, 10.5], "texture": "#2"},
				"up": {"uv": [3, 3, 0, 0], "texture": "#2"},
				"down": {"uv": [3, 3, 0, 6], "texture": "#2"}
			}
		},
		{
			"from": [2, 13, 2],
			"to": [14, 14, 14],
			"rotation": {"angle": 0, "axis": "y", "origin": [0, 16, 0]},
			"faces": {
				"north": {"uv": [0, 10.5, 3, 10.75], "texture": "#2"},
				"east": {"uv": [10.5, 0, 13.5, 0.25], "texture": "#2"},
				"south": {"uv": [10.5, 0.25, 13.5, 0.5], "texture": "#2"},
				"west": {"uv": [10.5, 0.5, 13.5, 0.75], "texture": "#2"},
				"up": {"uv": [6, 3, 3, 0], "texture": "#2"},
				"down": {"uv": [6, 3, 3, 6], "texture": "#2"}
			}
		},
		{
			"from": [4, 14, 4],
			"to": [12, 14.5, 12],
			"rotation": {"angle": 0, "axis": "y", "origin": [0, 16, 0]},
			"faces": {
				"north": {"uv": [10.5, 9.75, 12.5, 10], "texture": "#2"},
				"east": {"uv": [0, 10.75, 2, 11], "texture": "#2"},
				"south": {"uv": [10.75, 0.75, 12.75, 1], "texture": "#2"},
				"west": {"uv": [10.75, 1, 12.75, 1.25], "texture": "#2"},
				"up": {"uv": [7, 8, 5, 6], "texture": "#2"},
				"down": {"uv": [9, 5, 7, 7], "texture": "#2"}
			}
		},
		{
			"from": [13, 1.25, 13],
			"to": [14, 12.75, 14],
			"rotation": {"angle": 0, "axis": "y", "origin": [0, 16, 0]},
			"faces": {
				"north": {"uv": [10.5, 0.75, 10.75, 3.75], "texture": "#2"},
				"east": {"uv": [3, 10.5, 3.25, 13.5], "texture": "#2"},
				"south": {"uv": [3.25, 10.5, 3.5, 13.5], "texture": "#2"},
				"west": {"uv": [3.5, 10.5, 3.75, 13.5], "texture": "#2"},
				"up": {"uv": [10, 12.5, 9.75, 12.25], "texture": "#2"},
				"down": {"uv": [10.25, 12.25, 10, 12.5], "texture": "#2"}
			}
		},
		{
			"from": [12.75, -0.25, 12.75],
			"to": [14.25, 1.25, 14.25],
			"rotation": {"angle": 0, "axis": "y", "origin": [0, 16, 0]},
			"faces": {
				"north": {"uv": [4, 9.5, 4.5, 10], "texture": "#2"},
				"east": {"uv": [4.5, 9.5, 5, 10], "texture": "#2"},
				"south": {"uv": [10.75, 3.25, 11.25, 3.75], "texture": "#2"},
				"west": {"uv": [7.75, 10.75, 8.25, 11.25], "texture": "#2"},
				"up": {"uv": [8.75, 11.25, 8.25, 10.75], "texture": "#2"},
				"down": {"uv": [9.25, 10.75, 8.75, 11.25], "texture": "#2"}
			}
		},
		{
			"from": [12.75, 12.75, 12.75],
			"to": [14.25, 14.25, 14.25],
			"faces": {
				"north": {"uv": [9.25, 10.75, 9.75, 11.25], "texture": "#2"},
				"east": {"uv": [9.75, 10.75, 10.25, 11.25], "texture": "#2"},
				"south": {"uv": [10.25, 10.75, 10.75, 11.25], "texture": "#2"},
				"west": {"uv": [10.75, 10.75, 11.25, 11.25], "texture": "#2"},
				"up": {"uv": [0.5, 11.5, 0, 11], "texture": "#2"},
				"down": {"uv": [1, 11, 0.5, 11.5], "texture": "#2"}
			}
		},
		{
			"from": [1.75, -0.25, 12.75],
			"to": [3.25, 1.25, 14.25],
			"rotation": {"angle": 0, "axis": "y", "origin": [16, 16, 0]},
			"faces": {
				"north": {"uv": [1, 11, 1.5, 11.5], "texture": "#2"},
				"east": {"uv": [1.5, 11, 2, 11.5], "texture": "#2"},
				"south": {"uv": [11, 5, 11.5, 5.5], "texture": "#2"},
				"west": {"uv": [11, 5.5, 11.5, 6], "texture": "#2"},
				"up": {"uv": [11.5, 6.5, 11, 6], "texture": "#2"},
				"down": {"uv": [11.5, 6.5, 11, 7], "texture": "#2"}
			}
		},
		{
			"from": [1.75, 12.75, 12.75],
			"to": [3.25, 14.25, 14.25],
			"rotation": {"angle": 0, "axis": "y", "origin": [16, 0, 0]},
			"faces": {
				"north": {"uv": [11, 7, 11.5, 7.5], "texture": "#2"},
				"east": {"uv": [11.25, 3.25, 11.75, 3.75], "texture": "#2"},
				"south": {"uv": [7.75, 11.25, 8.25, 11.75], "texture": "#2"},
				"west": {"uv": [8.25, 11.25, 8.75, 11.75], "texture": "#2"},
				"up": {"uv": [9.25, 11.75, 8.75, 11.25], "texture": "#2"},
				"down": {"uv": [9.75, 11.25, 9.25, 11.75], "texture": "#2"}
			}
		},
		{
			"from": [1.75, -0.25, 1.75],
			"to": [3.25, 1.25, 3.25],
			"rotation": {"angle": 0, "axis": "y", "origin": [16, 16, 16]},
			"faces": {
				"north": {"uv": [9.75, 11.25, 10.25, 11.75], "texture": "#2"},
				"east": {"uv": [10.25, 11.25, 10.75, 11.75], "texture": "#2"},
				"south": {"uv": [10.75, 11.25, 11.25, 11.75], "texture": "#2"},
				"west": {"uv": [11.25, 10.75, 11.75, 11.25], "texture": "#2"},
				"up": {"uv": [11.75, 11.75, 11.25, 11.25], "texture": "#2"},
				"down": {"uv": [0.5, 11.5, 0, 12], "texture": "#2"}
			}
		},
		{
			"from": [1.75, 12.75, 1.75],
			"to": [3.25, 14.25, 3.25],
			"rotation": {"angle": 0, "axis": "y", "origin": [16, 0, 16]},
			"faces": {
				"north": {"uv": [0.5, 11.5, 1, 12], "texture": "#2"},
				"east": {"uv": [1, 11.5, 1.5, 12], "texture": "#2"},
				"south": {"uv": [1.5, 11.5, 2, 12], "texture": "#2"},
				"west": {"uv": [11.5, 5, 12, 5.5], "texture": "#2"},
				"up": {"uv": [12, 6, 11.5, 5.5], "texture": "#2"},
				"down": {"uv": [12, 6, 11.5, 6.5], "texture": "#2"}
			}
		},
		{
			"from": [12.75, -0.25, 1.75],
			"to": [14.25, 1.25, 3.25],
			"rotation": {"angle": 0, "axis": "y", "origin": [0, 16, 16]},
			"faces": {
				"north": {"uv": [11.5, 6.5, 12, 7], "texture": "#2"},
				"east": {"uv": [11.5, 7, 12, 7.5], "texture": "#2"},
				"south": {"uv": [11.75, 3.25, 12.25, 3.75], "texture": "#2"},
				"west": {"uv": [11.75, 7.5, 12.25, 8], "texture": "#2"},
				"up": {"uv": [8.25, 12.25, 7.75, 11.75], "texture": "#2"},
				"down": {"uv": [12.25, 8, 11.75, 8.5], "texture": "#2"}
			}
		},
		{
			"from": [12.75, 12.75, 1.75],
			"to": [14.25, 14.25, 3.25],
			"rotation": {"angle": 0, "axis": "y", "origin": [0, 0, 16]},
			"faces": {
				"north": {"uv": [8.25, 11.75, 8.75, 12.25], "texture": "#2"},
				"east": {"uv": [11.75, 8.5, 12.25, 9], "texture": "#2"},
				"south": {"uv": [8.75, 11.75, 9.25, 12.25], "texture": "#2"},
				"west": {"uv": [9.25, 11.75, 9.75, 12.25], "texture": "#2"},
				"up": {"uv": [10.25, 12.25, 9.75, 11.75], "texture": "#2"},
				"down": {"uv": [10.75, 11.75, 10.25, 12.25], "texture": "#2"}
			}
		},
		{
			"from": [13, 1, 2],
			"to": [14, 13, 3],
			"rotation": {"angle": 0, "axis": "y", "origin": [0, 16, 0]},
			"faces": {
				"north": {"uv": [3.75, 10.5, 4, 13.5], "texture": "#2"},
				"east": {"uv": [4, 10.5, 4.25, 13.5], "texture": "#2"},
				"south": {"uv": [4.25, 10.5, 4.5, 13.5], "texture": "#2"},
				"west": {"uv": [4.5, 10.5, 4.75, 13.5], "texture": "#2"},
				"up": {"uv": [12.5, 10.25, 12.25, 10], "texture": "#2"},
				"down": {"uv": [10.5, 12.25, 10.25, 12.5], "texture": "#2"}
			}
		},
		{
			"from": [2, 1, 2],
			"to": [3, 13, 3],
			"rotation": {"angle": 0, "axis": "y", "origin": [0, 16, 0]},
			"faces": {
				"north": {"uv": [4.75, 10.5, 5, 13.5], "texture": "#2"},
				"east": {"uv": [5, 10.5, 5.25, 13.5], "texture": "#2"},
				"south": {"uv": [5.25, 10.5, 5.5, 13.5], "texture": "#2"},
				"west": {"uv": [5.5, 10.5, 5.75, 13.5], "texture": "#2"},
				"up": {"uv": [12.5, 10.5, 12.25, 10.25], "texture": "#2"},
				"down": {"uv": [10.75, 12.25, 10.5, 12.5], "texture": "#2"}
			}
		},
		{
			"from": [2, 1, 13],
			"to": [3, 13, 14],
			"rotation": {"angle": 0, "axis": "y", "origin": [0, 16, 0]},
			"faces": {
				"north": {"uv": [5.75, 10.5, 6, 13.5], "texture": "#2"},
				"east": {"uv": [6, 10.5, 6.25, 13.5], "texture": "#2"},
				"south": {"uv": [6.25, 10.5, 6.5, 13.5], "texture": "#2"},
				"west": {"uv": [6.5, 10.5, 6.75, 13.5], "texture": "#2"},
				"up": {"uv": [12.5, 12.25, 12.25, 12], "texture": "#2"},
				"down": {"uv": [12.5, 12.25, 12.25, 12.5], "texture": "#2"}
			}
		},
		{
			"from": [2.75, 1, 7],
			"to": [4, 2.25, 7.25],
			"rotation": {"angle": 0, "axis": "y", "origin": [0, 16, 0]},
			"faces": {
				"north": {"uv": [1, 12.5, 1.25, 12.75], "texture": "#2"},
				"east": {"uv": [1.25, 12.5, 1.5, 12.75], "texture": "#2"},
				"south": {"uv": [1.5, 12.5, 1.75, 12.75], "texture": "#2"},
				"west": {"uv": [1.75, 12.5, 2, 12.75], "texture": "#2"},
				"up": {"uv": [2.25, 12.75, 2, 12.5], "texture": "#2"},
				"down": {"uv": [2.5, 12.5, 2.25, 12.75], "texture": "#2"}
			}
		},
		{
			"from": [2.75, 11.75, 7],
			"to": [4, 13, 7.25],
			"faces": {
				"north": {"uv": [2.5, 12.5, 2.75, 12.75], "texture": "#2"},
				"east": {"uv": [2.75, 12.5, 3, 12.75], "texture": "#2"},
				"south": {"uv": [12.5, 3.25, 12.75, 3.5], "texture": "#2"},
				"west": {"uv": [12.5, 3.5, 12.75, 3.75], "texture": "#2"},
				"up": {"uv": [12.75, 5.25, 12.5, 5], "texture": "#2"},
				"down": {"uv": [12.75, 5.25, 12.5, 5.5], "texture": "#2"}
			}
		},
		{
			"from": [2.75, 1, 8.75],
			"to": [4, 2.25, 9],
			"rotation": {"angle": 0, "axis": "y", "origin": [0, 16, 0]},
			"faces": {
				"north": {"uv": [12.5, 5.5, 12.75, 5.75], "texture": "#2"},
				"east": {"uv": [12.5, 5.75, 12.75, 6], "texture": "#2"},
				"south": {"uv": [12.5, 6, 12.75, 6.25], "texture": "#2"},
				"west": {"uv": [12.5, 6.25, 12.75, 6.5], "texture": "#2"},
				"up": {"uv": [12.75, 6.75, 12.5, 6.5], "texture": "#2"},
				"down": {"uv": [7, 12.5, 6.75, 12.75], "texture": "#2"}
			}
		},
		{
			"from": [2.75, 11.75, 8.75],
			"to": [4, 13, 9],
			"faces": {
				"north": {"uv": [12.5, 6.75, 12.75, 7], "texture": "#2"},
				"east": {"uv": [7, 12.5, 7.25, 12.75], "texture": "#2"},
				"south": {"uv": [12.5, 7, 12.75, 7.25], "texture": "#2"},
				"west": {"uv": [7.25, 12.5, 7.5, 12.75], "texture": "#2"},
				"up": {"uv": [12.75, 7.5, 12.5, 7.25], "texture": "#2"},
				"down": {"uv": [7.75, 12.5, 7.5, 12.75], "texture": "#2"}
			}
		},
		{
			"from": [7, 1, 12],
			"to": [7.25, 2.25, 13.25],
			"rotation": {"angle": 0, "axis": "y", "origin": [3.25, 1.75, 17]},
			"faces": {
				"north": {"uv": [12.5, 7.5, 12.75, 7.75], "texture": "#2"},
				"east": {"uv": [12.5, 7.75, 12.75, 8], "texture": "#2"},
				"south": {"uv": [12.5, 8, 12.75, 8.25], "texture": "#2"},
				"west": {"uv": [12.5, 8.25, 12.75, 8.5], "texture": "#2"},
				"up": {"uv": [12.75, 8.75, 12.5, 8.5], "texture": "#2"},
				"down": {"uv": [12.75, 8.75, 12.5, 9], "texture": "#2"}
			}
		},
		{
			"from": [7, 11.75, 12],
			"to": [7.25, 13, 13.25],
			"rotation": {"angle": 0, "axis": "y", "origin": [3.25, 14.25, 17]},
			"faces": {
				"north": {"uv": [9.75, 12.5, 10, 12.75], "texture": "#2"},
				"east": {"uv": [12.5, 9.75, 12.75, 10], "texture": "#2"},
				"south": {"uv": [10, 12.5, 10.25, 12.75], "texture": "#2"},
				"west": {"uv": [12.5, 10, 12.75, 10.25], "texture": "#2"},
				"up": {"uv": [10.5, 12.75, 10.25, 12.5], "texture": "#2"},
				"down": {"uv": [12.75, 10.25, 12.5, 10.5], "texture": "#2"}
			}
		},
		{
			"from": [8.75, 1, 12],
			"to": [9, 2.25, 13.25],
			"rotation": {"angle": 0, "axis": "y", "origin": [3.25, 1.75, 17]},
			"faces": {
				"north": {"uv": [10.5, 12.5, 10.75, 12.75], "texture": "#2"},
				"east": {"uv": [10.75, 12.5, 11, 12.75], "texture": "#2"},
				"south": {"uv": [11, 12.5, 11.25, 12.75], "texture": "#2"},
				"west": {"uv": [11.25, 12.5, 11.5, 12.75], "texture": "#2"},
				"up": {"uv": [11.75, 12.75, 11.5, 12.5], "texture": "#2"},
				"down": {"uv": [12, 12.5, 11.75, 12.75], "texture": "#2"}
			}
		},
		{
			"from": [8.75, 11.75, 12],
			"to": [9, 13, 13.25],
			"rotation": {"angle": 0, "axis": "y", "origin": [3.25, 14.25, 17]},
			"faces": {
				"north": {"uv": [12, 12.5, 12.25, 12.75], "texture": "#2"},
				"east": {"uv": [12.5, 12, 12.75, 12.25], "texture": "#2"},
				"south": {"uv": [12.25, 12.5, 12.5, 12.75], "texture": "#2"},
				"west": {"uv": [12.5, 12.25, 12.75, 12.5], "texture": "#2"},
				"up": {"uv": [12.75, 12.75, 12.5, 12.5], "texture": "#2"},
				"down": {"uv": [0.25, 12.75, 0, 13], "texture": "#2"}
			}
		},
		{
			"from": [4, 1, 4],
			"to": [12, 2.5, 4.5],
			"rotation": {"angle": 0, "axis": "y", "origin": [3.25, 1.75, -1]},
			"faces": {
				"north": {"uv": [8.5, 4, 10.5, 4.5], "texture": "#2"},
				"east": {"uv": [1, 12, 1.25, 12.5], "texture": "#2"},
				"south": {"uv": [8.5, 4.5, 10.5, 5], "texture": "#2"},
				"west": {"uv": [1.25, 12, 1.5, 12.5], "texture": "#2"},
				"up": {"uv": [12.75, 1.5, 10.75, 1.25], "texture": "#2"},
				"down": {"uv": [12.75, 1.5, 10.75, 1.75], "texture": "#2"}
			}
		},
		{
			"from": [4, 11.5, 4],
			"to": [12, 13, 4.5],
			"rotation": {"angle": 0, "axis": "y", "origin": [3.25, 14.25, -1]},
			"faces": {
				"north": {"uv": [9, 5, 11, 5.5], "texture": "#2"},
				"east": {"uv": [1.5, 12, 1.75, 12.5], "texture": "#2"},
				"south": {"uv": [9, 5.5, 11, 6], "texture": "#2"},
				"west": {"uv": [1.75, 12, 2, 12.5], "texture": "#2"},
				"up": {"uv": [12.75, 2, 10.75, 1.75], "texture": "#2"},
				"down": {"uv": [12.75, 2, 10.75, 2.25], "texture": "#2"}
			}
		},
		{
			"from": [4, 1, 11.5],
			"to": [12, 2.5, 12],
			"rotation": {"angle": 0, "axis": "y", "origin": [3.25, 1.75, -1]},
			"faces": {
				"north": {"uv": [9, 6, 11, 6.5], "texture": "#2"},
				"east": {"uv": [12, 5, 12.25, 5.5], "texture": "#2"},
				"south": {"uv": [9, 6.5, 11, 7], "texture": "#2"},
				"west": {"uv": [12, 5.5, 12.25, 6], "texture": "#2"},
				"up": {"uv": [12.75, 2.5, 10.75, 2.25], "texture": "#2"},
				"down": {"uv": [12.75, 2.5, 10.75, 2.75], "texture": "#2"}
			}
		},
		{
			"from": [4, 11.5, 11.5],
			"to": [12, 13, 12],
			"rotation": {"angle": 0, "axis": "y", "origin": [3.25, 14.25, -1]},
			"faces": {
				"north": {"uv": [7, 9, 9, 9.5], "texture": "#2"},
				"east": {"uv": [12, 6, 12.25, 6.5], "texture": "#2"},
				"south": {"uv": [9, 7, 11, 7.5], "texture": "#2"},
				"west": {"uv": [12, 6.5, 12.25, 7], "texture": "#2"},
				"up": {"uv": [12.75, 3, 10.75, 2.75], "texture": "#2"},
				"down": {"uv": [12.75, 3, 10.75, 3.25], "texture": "#2"}
			}
		},
		{
			"from": [4, 1, 4.5],
			"to": [4.5, 2.5, 11.5],
			"rotation": {"angle": 0, "axis": "y", "origin": [3.25, 1.75, -1]},
			"faces": {
				"north": {"uv": [12, 7, 12.25, 7.5], "texture": "#2"},
				"east": {"uv": [7, 9.5, 8.75, 10], "texture": "#2"},
				"south": {"uv": [10.75, 12, 11, 12.5], "texture": "#2"},
				"west": {"uv": [8.75, 9.5, 10.5, 10], "texture": "#2"},
				"up": {"uv": [2.25, 12.5, 2, 10.75], "texture": "#2"},
				"down": {"uv": [2.5, 10.75, 2.25, 12.5], "texture": "#2"}
			}
		},
		{
			"from": [4, 11.5, 4.5],
			"to": [4.5, 13, 11.5],
			"rotation": {"angle": 0, "axis": "y", "origin": [3.25, 14.25, -1]},
			"faces": {
				"north": {"uv": [11, 12, 11.25, 12.5], "texture": "#2"},
				"east": {"uv": [4, 10, 5.75, 10.5], "texture": "#2"},
				"south": {"uv": [11.25, 12, 11.5, 12.5], "texture": "#2"},
				"west": {"uv": [5.75, 10, 7.5, 10.5], "texture": "#2"},
				"up": {"uv": [2.75, 12.5, 2.5, 10.75], "texture": "#2"},
				"down": {"uv": [3, 10.75, 2.75, 12.5], "texture": "#2"}
			}
		},
		{
			"from": [11.5, 1, 4.5],
			"to": [12, 2.5, 11.5],
			"rotation": {"angle": 0, "axis": "y", "origin": [3.25, 1.75, -1]},
			"faces": {
				"north": {"uv": [11.5, 12, 11.75, 12.5], "texture": "#2"},
				"east": {"uv": [7.5, 10, 9.25, 10.5], "texture": "#2"},
				"south": {"uv": [11.75, 12, 12, 12.5], "texture": "#2"},
				"west": {"uv": [10, 7.5, 11.75, 8], "texture": "#2"},
				"up": {"uv": [7, 12.5, 6.75, 10.75], "texture": "#2"},
				"down": {"uv": [7.25, 10.75, 7, 12.5], "texture": "#2"}
			}
		},
		{
			"from": [11.5, 11.5, 4.5],
			"to": [12, 13, 11.5],
			"rotation": {"angle": 0, "axis": "y", "origin": [3.25, 14.25, -1]},
			"faces": {
				"north": {"uv": [12, 12, 12.25, 12.5], "texture": "#2"},
				"east": {"uv": [10, 8, 11.75, 8.5], "texture": "#2"},
				"south": {"uv": [0, 12.25, 0.25, 12.75], "texture": "#2"},
				"west": {"uv": [10, 8.5, 11.75, 9], "texture": "#2"},
				"up": {"uv": [7.5, 12.5, 7.25, 10.75], "texture": "#2"},
				"down": {"uv": [7.75, 10.75, 7.5, 12.5], "texture": "#2"}
			}
		},
		{
			"from": [8.75, 1, 2.75],
			"to": [9, 2.25, 4],
			"rotation": {"angle": 0, "axis": "y", "origin": [3.25, 1.75, -1]},
			"faces": {
				"north": {"uv": [0.25, 12.75, 0.5, 13], "texture": "#2"},
				"east": {"uv": [0.5, 12.75, 0.75, 13], "texture": "#2"},
				"south": {"uv": [0.75, 12.75, 1, 13], "texture": "#2"},
				"west": {"uv": [12.75, 0.75, 13, 1], "texture": "#2"},
				"up": {"uv": [1.25, 13, 1, 12.75], "texture": "#2"},
				"down": {"uv": [13, 1, 12.75, 1.25], "texture": "#2"}
			}
		},
		{
			"from": [8.75, 11.75, 2.75],
			"to": [9, 13, 4],
			"rotation": {"angle": 0, "axis": "y", "origin": [3.25, 14.25, -1]},
			"faces": {
				"north": {"uv": [1.25, 12.75, 1.5, 13], "texture": "#2"},
				"east": {"uv": [12.75, 1.25, 13, 1.5], "texture": "#2"},
				"south": {"uv": [1.5, 12.75, 1.75, 13], "texture": "#2"},
				"west": {"uv": [12.75, 1.5, 13, 1.75], "texture": "#2"},
				"up": {"uv": [2, 13, 1.75, 12.75], "texture": "#2"},
				"down": {"uv": [13, 1.75, 12.75, 2], "texture": "#2"}
			}
		},
		{
			"from": [7, 1, 2.75],
			"to": [7.25, 2.25, 4],
			"rotation": {"angle": 0, "axis": "y", "origin": [3.25, 1.75, -1]},
			"faces": {
				"north": {"uv": [2, 12.75, 2.25, 13], "texture": "#2"},
				"east": {"uv": [12.75, 2, 13, 2.25], "texture": "#2"},
				"south": {"uv": [2.25, 12.75, 2.5, 13], "texture": "#2"},
				"west": {"uv": [12.75, 2.25, 13, 2.5], "texture": "#2"},
				"up": {"uv": [2.75, 13, 2.5, 12.75], "texture": "#2"},
				"down": {"uv": [13, 2.5, 12.75, 2.75], "texture": "#2"}
			}
		},
		{
			"from": [7, 11.75, 2.75],
			"to": [7.25, 13, 4],
			"rotation": {"angle": 0, "axis": "y", "origin": [3.25, 14.25, -1]},
			"faces": {
				"north": {"uv": [2.75, 12.75, 3, 13], "texture": "#2"},
				"east": {"uv": [12.75, 2.75, 13, 3], "texture": "#2"},
				"south": {"uv": [12.75, 3, 13, 3.25], "texture": "#2"},
				"west": {"uv": [12.75, 3.25, 13, 3.5], "texture": "#2"},
				"up": {"uv": [13, 3.75, 12.75, 3.5], "texture": "#2"},
				"down": {"uv": [13, 5, 12.75, 5.25], "texture": "#2"}
			}
		},
		{
			"from": [12, 1, 8.75],
			"to": [13.25, 2.25, 9],
			"rotation": {"angle": 0, "axis": "y", "origin": [0, 16, 0]},
			"faces": {
				"north": {"uv": [12.75, 5.25, 13, 5.5], "texture": "#2"},
				"east": {"uv": [12.75, 5.5, 13, 5.75], "texture": "#2"},
				"south": {"uv": [12.75, 5.75, 13, 6], "texture": "#2"},
				"west": {"uv": [12.75, 6, 13, 6.25], "texture": "#2"},
				"up": {"uv": [13, 6.5, 12.75, 6.25], "texture": "#2"},
				"down": {"uv": [13, 6.5, 12.75, 6.75], "texture": "#2"}
			}
		},
		{
			"from": [12, 11.75, 8.75],
			"to": [13.25, 13, 9],
			"faces": {
				"north": {"uv": [6.75, 12.75, 7, 13], "texture": "#2"},
				"east": {"uv": [12.75, 6.75, 13, 7], "texture": "#2"},
				"south": {"uv": [7, 12.75, 7.25, 13], "texture": "#2"},
				"west": {"uv": [12.75, 7, 13, 7.25], "texture": "#2"},
				"up": {"uv": [7.5, 13, 7.25, 12.75], "texture": "#2"},
				"down": {"uv": [13, 7.25, 12.75, 7.5], "texture": "#2"}
			}
		},
		{
			"from": [12, 1, 7],
			"to": [13.25, 2.25, 7.25],
			"rotation": {"angle": 0, "axis": "y", "origin": [0, 16, 0]},
			"faces": {
				"north": {"uv": [7.5, 12.75, 7.75, 13], "texture": "#2"},
				"east": {"uv": [12.75, 7.5, 13, 7.75], "texture": "#2"},
				"south": {"uv": [7.75, 12.75, 8, 13], "texture": "#2"},
				"west": {"uv": [12.75, 7.75, 13, 8], "texture": "#2"},
				"up": {"uv": [8.25, 13, 8, 12.75], "texture": "#2"},
				"down": {"uv": [13, 8, 12.75, 8.25], "texture": "#2"}
			}
		},
		{
			"from": [12, 11.75, 7],
			"to": [13.25, 13, 7.25],
			"faces": {
				"north": {"uv": [8.25, 12.75, 8.5, 13], "texture": "#2"},
				"east": {"uv": [12.75, 8.25, 13, 8.5], "texture": "#2"},
				"south": {"uv": [8.5, 12.75, 8.75, 13], "texture": "#2"},
				"west": {"uv": [12.75, 8.5, 13, 8.75], "texture": "#2"},
				"up": {"uv": [9, 13, 8.75, 12.75], "texture": "#2"},
				"down": {"uv": [13, 8.75, 12.75, 9], "texture": "#2"}
			}
		},
		{
			"from": [3, 1, 3],
			"to": [13, 2, 13],
			"faces": {
				"north": {"uv": [10.5, 3.75, 13, 4], "texture": "#2"},
				"east": {"uv": [10.5, 4, 13, 4.25], "texture": "#2"},
				"south": {"uv": [10.5, 4.25, 13, 4.5], "texture": "#2"},
				"west": {"uv": [10.5, 4.5, 13, 4.75], "texture": "#2"},
				"up": {"uv": [2.5, 8.5, 0, 6], "texture": "#2"},
				"down": {"uv": [8.5, 0, 6, 2.5], "texture": "#2"}
			}
		},
		{
			"from": [3, 12, 3],
			"to": [13, 13, 13],
			"rotation": {"angle": 0, "axis": "y", "origin": [0, 16, 0]},
			"faces": {
				"north": {"uv": [10.5, 4.75, 13, 5], "texture": "#2"},
				"east": {"uv": [6.75, 10.5, 9.25, 10.75], "texture": "#2"},
				"south": {"uv": [9.25, 10.5, 11.75, 10.75], "texture": "#2"},
				"west": {"uv": [10.5, 9.5, 13, 9.75], "texture": "#2"},
				"up": {"uv": [5, 8.5, 2.5, 6], "texture": "#2"},
				"down": {"uv": [8.5, 2.5, 6, 5], "texture": "#2"}
			}
		},
		{
			"from": [6, 2, 6],
			"to": [10, 2.75, 10],
			"faces": {
				"north": {"uv": [11.75, 10.5, 12.75, 10.75], "texture": "#2"},
				"east": {"uv": [10.75, 11.75, 11.75, 12], "texture": "#2"},
				"south": {"uv": [11.75, 10.75, 12.75, 11], "texture": "#2"},
				"west": {"uv": [11.75, 11, 12.75, 11.25], "texture": "#2"},
				"up": {"uv": [7, 6, 6, 5], "texture": "#2"},
				"down": {"uv": [5, 8.5, 4, 9.5], "texture": "#2"}
			}
		},
		{
			"from": [6, 11.25, 6],
			"to": [10, 12, 10],
			"rotation": {"angle": 0, "axis": "y", "origin": [0, 16, 0]},
			"faces": {
				"north": {"uv": [11.75, 11.25, 12.75, 11.5], "texture": "#2"},
				"east": {"uv": [11.75, 11.5, 12.75, 11.75], "texture": "#2"},
				"south": {"uv": [11.75, 11.75, 12.75, 12], "texture": "#2"},
				"west": {"uv": [0, 12, 1, 12.25], "texture": "#2"},
				"up": {"uv": [10, 8.5, 9, 7.5], "texture": "#2"},
				"down": {"uv": [10, 8.5, 9, 9.5], "texture": "#2"}
			}
		},
		{
			"from": [4, 3, 4],
			"to": [12, 11, 12],
			"faces": {
				"north": {"uv": [7, 7, 9, 9], "texture": "#2"},
				"east": {"uv": [5, 8, 7, 10], "texture": "#2"},
				"south": {"uv": [0, 8.5, 2, 10.5], "texture": "#2"},
				"west": {"uv": [8.5, 0, 10.5, 2], "texture": "#2"},
				"up": {"uv": [4, 10.5, 2, 8.5], "texture": "#2"},
				"down": {"uv": [10.5, 2, 8.5, 4], "texture": "#2"}
			}
		},
		{
			"from": [7.75, 4, 7.5],
			"to": [8.25, 5.5, 8],
			"faces": {
				"north": {"uv": [0.25, 12.25, 0.5, 12.75], "texture": "#2"},
				"east": {"uv": [0.5, 12.25, 0.75, 12.75], "texture": "#2"},
				"south": {"uv": [0.75, 12.25, 1, 12.75], "texture": "#2"},
				"west": {"uv": [12.25, 3.25, 12.5, 3.75], "texture": "#2"},
				"up": {"uv": [9.25, 13, 9, 12.75], "texture": "#2"},
				"down": {"uv": [9.5, 12.75, 9.25, 13], "texture": "#2"}
			}
		},
		{
			"from": [7.75, 4, 8],
			"to": [8.25, 5.5, 8.5],
			"faces": {
				"north": {"uv": [12.25, 5, 12.5, 5.5], "texture": "#2"},
				"east": {"uv": [12.25, 5.5, 12.5, 6], "texture": "#2"},
				"south": {"uv": [12.25, 6, 12.5, 6.5], "texture": "#2"},
				"west": {"uv": [12.25, 6.5, 12.5, 7], "texture": "#2"},
				"up": {"uv": [9.75, 13, 9.5, 12.75], "texture": "#2"},
				"down": {"uv": [10, 12.75, 9.75, 13], "texture": "#2"}
			}
		},
		{
			"from": [7.75, 5.5, 7.5],
			"to": [8.25, 7, 8.5],
			"faces": {
				"north": {"uv": [12.25, 7, 12.5, 7.5], "texture": "#2"},
				"east": {"uv": [12.25, 7.5, 12.5, 8], "texture": "#2"},
				"south": {"uv": [7.75, 12.25, 8, 12.75], "texture": "#2"},
				"west": {"uv": [8, 12.25, 8.25, 12.75], "texture": "#2"},
				"up": {"uv": [13, 10, 12.75, 9.75], "texture": "#2"},
				"down": {"uv": [10.25, 12.75, 10, 13], "texture": "#2"}
			}
		},
		{
			"from": [7.5, 7, 7.5],
			"to": [8.5, 8, 8.5],
			"faces": {
				"north": {"uv": [12.75, 10, 13, 10.25], "texture": "#2"},
				"east": {"uv": [10.25, 12.75, 10.5, 13], "texture": "#2"},
				"south": {"uv": [12.75, 10.25, 13, 10.5], "texture": "#2"},
				"west": {"uv": [10.5, 12.75, 10.75, 13], "texture": "#2"},
				"up": {"uv": [13, 10.75, 12.75, 10.5], "texture": "#2"},
				"down": {"uv": [11, 12.75, 10.75, 13], "texture": "#2"}
			}
		},
		{
			"from": [7.75, 5.5, 8.5],
			"to": [8.25, 7, 9],
			"rotation": {"angle": 0, "axis": "x", "origin": [8.75, 26.25, 5.25]},
			"faces": {
				"north": {"uv": [12.25, 8, 12.5, 8.5], "texture": "#2"},
				"east": {"uv": [8.25, 12.25, 8.5, 12.75], "texture": "#2"},
				"south": {"uv": [8.5, 12.25, 8.75, 12.75], "texture": "#2"},
				"west": {"uv": [12.25, 8.5, 12.5, 9], "texture": "#2"},
				"up": {"uv": [13, 11, 12.75, 10.75], "texture": "#2"},
				"down": {"uv": [11.25, 12.75, 11, 13], "texture": "#2"}
			}
		},
		{
			"from": [7.75, 5.5, 7],
			"to": [8.25, 7, 7.5],
			"faces": {
				"north": {"uv": [8.75, 12.25, 9, 12.75], "texture": "#2"},
				"east": {"uv": [9, 12.25, 9.25, 12.75], "texture": "#2"},
				"south": {"uv": [9.25, 12.25, 9.5, 12.75], "texture": "#2"},
				"west": {"uv": [9.5, 12.25, 9.75, 12.75], "texture": "#2"},
				"up": {"uv": [13, 11.25, 12.75, 11], "texture": "#2"},
				"down": {"uv": [11.5, 12.75, 11.25, 13], "texture": "#2"}
			}
		}
	],
	"gui_light": "front",
	"display": {
		"thirdperson_righthand": {
			"rotation": [75, 45, 0],
			"translation": [0, 2.5, 0],
			"scale": [0.375, 0.375, 0.375]
		},
		"thirdperson_lefthand": {
			"rotation": [75, 45, 0],
			"translation": [0, 2.5, 0],
			"scale": [0.375, 0.375, 0.375]
		},
		"firstperson_righthand": {
			"rotation": [0, 45, 0],
			"translation": [0, 3, 0],
			"scale": [0.4, 0.4, 0.4]
		},
		"firstperson_lefthand": {
			"rotation": [0, 225, 0],
			"translation": [0, 3, 0],
			"scale": [0.4, 0.4, 0.4]
		},
		"ground": {
			"translation": [0, 3, 0],
			"scale": [0.25, 0.25, 0.25]
		},
		"gui": {
			"rotation": [30, 225, 0],
			"scale": [0.625, 0.625, 0.625]
		},
		"head": {
			"translation": [0, -27, 0],
			"scale": [2, 2, 2]
		},
		"fixed": {
			"scale": [0.5, 0.5, 0.5]
		}
	},
	"groups": [
		0,
		1,
		2,
		3,
		4,
		5,
		6,
		7,
		8,
		9,
		10,
		11,
		12,
		13,
		14,
		15,
		16,
		17,
		18,
		19,
		20,
		21,
		22,
		23,
		24,
		25,
		26,
		27,
		28,
		29,
		30,
		31,
		32,
		33,
		34,
		35,
		36,
		37,
		38,
		39,
		40,
		41,
		42,
		43,
		{
			"name": "small_player",
			"origin": [0, 0, 0],
			"color": 0,
			"children": [44, 45, 46, 47, 48, 49]
		}
	]
}