{
	"textures": {
		"4": "animated_java:item/mech_torso/rocket"
	},
	"display": {
		"head": {
			"rotation": [0, 180, 0]
		}
	},
	"elements": [
		{
			"from": [10.16986, -0.67944, 5.83014],
			"to": [11.0378, 7.13206, 9.30192],
			"rotation": {
				"angle": 0,
				"axis": "y",
				"origin": [9.73589, 8, 8]
			},
			"faces": {
				"north": {
					"uv": [6.875, 4.5, 6.625, 6.75],
					"texture": "#4"
				},
				"east": {
					"uv": [2.125, 0, 1.125, 2.25],
					"texture": "#4"
				},
				"south": {
					"uv": [6.875, 6.875, 6.625, 9.125],
					"texture": "#4"
				},
				"west": {
					"uv": [1, 0, 0, 2.25],
					"texture": "#4"
				},
				"up": {
					"uv": [7.875, 7.75, 8.125, 6.75],
					"texture": "#4"
				},
				"down": {
					"uv": [7.875, 7.875, 8.125, 8.875],
					"texture": "#4"
				}
			}
		},
		{
			"from": [10.60383, -1.11341, 7.13206],
			"to": [11.47178, 3.22631, 8],
			"rotation": {
				"angle": 0,
				"axis": "y",
				"origin": [9.73589, 8, 8]
			},
			"faces": {
				"north": {
					"uv": [4.75, 7.125, 4.5, 8.375],
					"texture": "#4"
				},
				"east": {
					"uv": [7.625, 0, 7.375, 1.25],
					"texture": "#4"
				},
				"south": {
					"uv": [5.5, 7.125, 5.25, 8.375],
					"texture": "#4"
				},
				"west": {
					"uv": [5.125, 7.125, 4.875, 8.375],
					"texture": "#4"
				},
				"up": {
					"uv": [9.375, 8.75, 9.625, 8.5],
					"texture": "#4"
				},
				"down": {
					"uv": [9.375, 8.875, 9.625, 9.125],
					"texture": "#4"
				}
			}
		},
		{
			"from": [6.26411, -1.11341, 7.13206],
			"to": [7.13206, 3.22631, 8],
			"rotation": {
				"angle": 0,
				"axis": "y",
				"origin": [9.73589, 8, 8]
			},
			"faces": {
				"north": {
					"uv": [7.625, 1.375, 7.375, 2.625],
					"texture": "#4"
				},
				"east": {
					"uv": [7.625, 5.5, 7.375, 6.75],
					"texture": "#4"
				},
				"south": {
					"uv": [7.625, 4.125, 7.375, 5.375],
					"texture": "#4"
				},
				"west": {
					"uv": [7.625, 2.75, 7.375, 4],
					"texture": "#4"
				},
				"up": {
					"uv": [1.375, 9.75, 1.625, 9.5],
					"texture": "#4"
				},
				"down": {
					"uv": [1.75, 9.5, 2, 9.75],
					"texture": "#4"
				}
			}
		},
		{
			"from": [12.79583, 2.35926, 6.69808],
			"to": [13.2298, 3.66118, 8.43397],
			"rotation": {
				"angle": -22.5,
				"axis": "z",
				"origin": [11.26359, 7.86877, 8]
			},
			"faces": {
				"north": {
					"uv": [0.875, 9.875, 0.75, 10.25],
					"texture": "#4"
				},
				"east": {
					"uv": [8.875, 2.5, 8.375, 2.875],
					"texture": "#4"
				},
				"south": {
					"uv": [10, 0.75, 9.875, 1.125],
					"texture": "#4"
				},
				"west": {
					"uv": [8.875, 2, 8.375, 2.375],
					"texture": "#4"
				},
				"up": {
					"uv": [7.625, 9.75, 7.75, 9.25],
					"texture": "#4"
				},
				"down": {
					"uv": [2.125, 9.5, 2.25, 10],
					"texture": "#4"
				}
			}
		},
		{
			"from": [12.2976, 3.56208, 6.69808],
			"to": [12.73158, 4.864, 8.43397],
			"rotation": {
				"angle": -22.5,
				"axis": "z",
				"origin": [11.26359, 7.86877, 8]
			},
			"faces": {
				"north": {
					"uv": [1.125, 9.875, 1, 10.25],
					"texture": "#4"
				},
				"east": {
					"uv": [8.875, 3.5, 8.375, 3.875],
					"texture": "#4"
				},
				"south": {
					"uv": [1.375, 9.875, 1.25, 10.25],
					"texture": "#4"
				},
				"west": {
					"uv": [8.875, 3, 8.375, 3.375],
					"texture": "#4"
				},
				"up": {
					"uv": [2.375, 10, 2.5, 9.5],
					"texture": "#4"
				},
				"down": {
					"uv": [2.625, 9.5, 2.75, 10],
					"texture": "#4"
				}
			}
		},
		{
			"from": [11.79938, 4.76489, 6.69808],
			"to": [12.23335, 6.06681, 8.43397],
			"rotation": {
				"angle": -22.5,
				"axis": "z",
				"origin": [11.26359, 7.86877, 8]
			},
			"faces": {
				"north": {
					"uv": [10, 1.25, 9.875, 1.625],
					"texture": "#4"
				},
				"east": {
					"uv": [8.875, 4.5, 8.375, 4.875],
					"texture": "#4"
				},
				"south": {
					"uv": [1.625, 9.875, 1.5, 10.25],
					"texture": "#4"
				},
				"west": {
					"uv": [8.875, 4, 8.375, 4.375],
					"texture": "#4"
				},
				"up": {
					"uv": [2.875, 10, 3, 9.5],
					"texture": "#4"
				},
				"down": {
					"uv": [3.125, 9.5, 3.25, 10],
					"texture": "#4"
				}
			}
		},
		{
			"from": [11.30116, 5.96771, 6.69808],
			"to": [11.73513, 7.26962, 8.43397],
			"rotation": {
				"angle": -22.5,
				"axis": "z",
				"origin": [11.26359, 7.86877, 8]
			},
			"faces": {
				"north": {
					"uv": [1.875, 9.875, 1.75, 10.25],
					"texture": "#4"
				},
				"east": {
					"uv": [8.875, 5.5, 8.375, 5.875],
					"texture": "#4"
				},
				"south": {
					"uv": [5.625, 9.875, 5.5, 10.25],
					"texture": "#4"
				},
				"west": {
					"uv": [8.875, 5, 8.375, 5.375],
					"texture": "#4"
				},
				"up": {
					"uv": [3.375, 10, 3.5, 9.5],
					"texture": "#4"
				},
				"down": {
					"uv": [3.625, 9.5, 3.75, 10],
					"texture": "#4"
				}
			}
		},
		{
			"from": [6.69808, -0.67944, 5.83014],
			"to": [7.56603, 7.13206, 9.30192],
			"rotation": {
				"angle": 0,
				"axis": "y",
				"origin": [-5.88711, 8, 8]
			},
			"faces": {
				"north": {
					"uv": [7.25, 0, 7, 2.25],
					"texture": "#4"
				},
				"east": {
					"uv": [1, 2.375, 0, 4.625],
					"texture": "#4"
				},
				"south": {
					"uv": [7.25, 2.375, 7, 4.625],
					"texture": "#4"
				},
				"west": {
					"uv": [3.25, 0, 2.25, 2.25],
					"texture": "#4"
				},
				"up": {
					"uv": [8, 3, 8.25, 2],
					"texture": "#4"
				},
				"down": {
					"uv": [8, 3.125, 8.25, 4.125],
					"texture": "#4"
				}
			}
		},
		{
			"from": [3.44899, -2.9551, 6.69808],
			"to": [3.88297, -1.65319, 8.43397],
			"rotation": {
				"angle": 22.5,
				"axis": "z",
				"origin": [-7.41481, 7.86877, 8]
			},
			"faces": {
				"north": {
					"uv": [5.875, 9.875, 5.75, 10.25],
					"texture": "#4"
				},
				"east": {
					"uv": [5, 8.5, 4.5, 8.875],
					"texture": "#4"
				},
				"south": {
					"uv": [6.125, 9.875, 6, 10.25],
					"texture": "#4"
				},
				"west": {
					"uv": [8.875, 6, 8.375, 6.375],
					"texture": "#4"
				},
				"up": {
					"uv": [3.875, 10, 4, 9.5],
					"texture": "#4"
				},
				"down": {
					"uv": [4.125, 9.5, 4.25, 10],
					"texture": "#4"
				}
			}
		},
		{
			"from": [3.94722, -1.75229, 6.69808],
			"to": [4.38119, -0.45037, 8.43397],
			"rotation": {
				"angle": 22.5,
				"axis": "z",
				"origin": [-7.41481, 7.86877, 8]
			},
			"faces": {
				"north": {
					"uv": [6.375, 9.875, 6.25, 10.25],
					"texture": "#4"
				},
				"east": {
					"uv": [9.125, 0, 8.625, 0.375],
					"texture": "#4"
				},
				"south": {
					"uv": [6.625, 9.875, 6.5, 10.25],
					"texture": "#4"
				},
				"west": {
					"uv": [5.625, 8.5, 5.125, 8.875],
					"texture": "#4"
				},
				"up": {
					"uv": [9.5, 7.5, 9.625, 7],
					"texture": "#4"
				},
				"down": {
					"uv": [9.5, 7.625, 9.625, 8.125],
					"texture": "#4"
				}
			}
		},
		{
			"from": [4.44544, -0.54947, 6.69808],
			"to": [4.87941, 0.75244, 8.43397],
			"rotation": {
				"angle": 22.5,
				"axis": "z",
				"origin": [-7.41481, 7.86877, 8]
			},
			"faces": {
				"north": {
					"uv": [7.75, 9.875, 7.625, 10.25],
					"texture": "#4"
				},
				"east": {
					"uv": [9.125, 1, 8.625, 1.375],
					"texture": "#4"
				},
				"south": {
					"uv": [9.375, 9.875, 9.25, 10.25],
					"texture": "#4"
				},
				"west": {
					"uv": [9.125, 0.5, 8.625, 0.875],
					"texture": "#4"
				},
				"up": {
					"uv": [8.25, 10, 8.375, 9.5],
					"texture": "#4"
				},
				"down": {
					"uv": [8.5, 9.5, 8.625, 10],
					"texture": "#4"
				}
			}
		},
		{
			"from": [4.94366, 0.65334, 6.69808],
			"to": [5.37763, 1.95526, 8.43397],
			"rotation": {
				"angle": 22.5,
				"axis": "z",
				"origin": [-7.41481, 7.86877, 8]
			},
			"faces": {
				"north": {
					"uv": [0.125, 10, 0, 10.375],
					"texture": "#4"
				},
				"east": {
					"uv": [9.125, 6.5, 8.625, 6.875],
					"texture": "#4"
				},
				"south": {
					"uv": [10.125, 9.25, 10, 9.625],
					"texture": "#4"
				},
				"west": {
					"uv": [9.125, 1.5, 8.625, 1.875],
					"texture": "#4"
				},
				"up": {
					"uv": [8.75, 10, 8.875, 9.5],
					"texture": "#4"
				},
				"down": {
					"uv": [9, 9.5, 9.125, 10],
					"texture": "#4"
				}
			}
		},
		{
			"from": [10.26896, 6.63383, 5.83014],
			"to": [11.13691, 8.89049, 6.69808],
			"rotation": {
				"angle": 22.5,
				"axis": "z",
				"origin": [9.83499, 6.63383, 8]
			},
			"faces": {
				"north": {
					"uv": [8.875, 8.5, 8.625, 9.125],
					"texture": "#4"
				},
				"east": {
					"uv": [9.25, 2.75, 9, 3.375],
					"texture": "#4"
				},
				"south": {
					"uv": [9.25, 2, 9, 2.625],
					"texture": "#4"
				},
				"west": {
					"uv": [8.5, 8.75, 8.25, 9.375],
					"texture": "#4"
				},
				"up": {
					"uv": [9.25, 9.75, 9.5, 9.5],
					"texture": "#4"
				},
				"down": {
					"uv": [0, 9.625, 0.25, 9.875],
					"texture": "#4"
				}
			}
		},
		{
			"from": [10.26896, 6.63383, 8.43397],
			"to": [11.13691, 8.89049, 9.30192],
			"rotation": {
				"angle": 22.5,
				"axis": "z",
				"origin": [9.83499, 6.63383, 8]
			},
			"faces": {
				"north": {
					"uv": [9.25, 3.5, 9, 4.125],
					"texture": "#4"
				},
				"east": {
					"uv": [5.125, 9, 4.875, 9.625],
					"texture": "#4"
				},
				"south": {
					"uv": [4.75, 9, 4.5, 9.625],
					"texture": "#4"
				},
				"west": {
					"uv": [9.25, 4.25, 9, 4.875],
					"texture": "#4"
				},
				"up": {
					"uv": [9.625, 0.625, 9.875, 0.375],
					"texture": "#4"
				},
				"down": {
					"uv": [9.625, 9.25, 9.875, 9.5],
					"texture": "#4"
				}
			}
		},
		{
			"from": [10.26896, 6.63383, 6.69808],
			"to": [11.13691, 7.50178, 8.43397],
			"rotation": {
				"angle": 22.5,
				"axis": "z",
				"origin": [9.83499, 6.63383, 8]
			},
			"faces": {
				"north": {
					"uv": [9.875, 9.625, 9.625, 9.875],
					"texture": "#4"
				},
				"east": {
					"uv": [9.75, 0, 9.25, 0.25],
					"texture": "#4"
				},
				"south": {
					"uv": [10, 2.5, 9.75, 2.75],
					"texture": "#4"
				},
				"west": {
					"uv": [0.5, 9.25, 0, 9.5],
					"texture": "#4"
				},
				"up": {
					"uv": [9.25, 0.875, 9.5, 0.375],
					"texture": "#4"
				},
				"down": {
					"uv": [0.625, 9.25, 0.875, 9.75],
					"texture": "#4"
				}
			}
		},
		{
			"from": [5.54189, 11.9482, 6.69808],
			"to": [6.40983, 12.81614, 8.43397],
			"rotation": {
				"angle": -22.5,
				"axis": "z",
				"origin": [-5.98621, 6.63383, 8]
			},
			"faces": {
				"north": {
					"uv": [10, 2.875, 9.75, 3.125],
					"texture": "#4"
				},
				"east": {
					"uv": [9.75, 1.375, 9.25, 1.625],
					"texture": "#4"
				},
				"south": {
					"uv": [10, 3.25, 9.75, 3.5],
					"texture": "#4"
				},
				"west": {
					"uv": [9.75, 1, 9.25, 1.25],
					"texture": "#4"
				},
				"up": {
					"uv": [1, 9.75, 1.25, 9.25],
					"texture": "#4"
				},
				"down": {
					"uv": [6.375, 9.25, 6.625, 9.75],
					"texture": "#4"
				}
			}
		},
		{
			"from": [5.54189, 11.9482, 5.83014],
			"to": [6.40983, 14.20486, 6.69808],
			"rotation": {
				"angle": -22.5,
				"axis": "z",
				"origin": [-5.98621, 6.63383, 8]
			},
			"faces": {
				"north": {
					"uv": [9.25, 5, 9, 5.625],
					"texture": "#4"
				},
				"east": {
					"uv": [7.25, 9, 7, 9.625],
					"texture": "#4"
				},
				"south": {
					"uv": [9.25, 5.75, 9, 6.375],
					"texture": "#4"
				},
				"west": {
					"uv": [5.5, 9, 5.25, 9.625],
					"texture": "#4"
				},
				"up": {
					"uv": [9.75, 3.875, 10, 3.625],
					"texture": "#4"
				},
				"down": {
					"uv": [9.75, 4, 10, 4.25],
					"texture": "#4"
				}
			}
		},
		{
			"from": [5.54189, 11.9482, 8.43397],
			"to": [6.40983, 14.20486, 9.30192],
			"rotation": {
				"angle": -22.5,
				"axis": "z",
				"origin": [-5.98621, 6.63383, 8]
			},
			"faces": {
				"north": {
					"uv": [8.125, 9, 7.875, 9.625],
					"texture": "#4"
				},
				"east": {
					"uv": [6.25, 9.125, 6, 9.75],
					"texture": "#4"
				},
				"south": {
					"uv": [5.875, 9.125, 5.625, 9.75],
					"texture": "#4"
				},
				"west": {
					"uv": [9.25, 8.5, 9, 9.125],
					"texture": "#4"
				},
				"up": {
					"uv": [4.375, 10, 4.625, 9.75],
					"texture": "#4"
				},
				"down": {
					"uv": [9.75, 4.375, 10, 4.625],
					"texture": "#4"
				}
			}
		},
		{
			"from": [8.65096, -0.6751, 6.26411],
			"to": [9.08493, 7.1364, 8.86794],
			"rotation": {
				"angle": 0,
				"axis": "y",
				"origin": [9.73589, 8, 8]
			},
			"faces": {
				"north": {
					"uv": [7.5, 6.875, 7.375, 9.125],
					"texture": "#4"
				},
				"east": {
					"uv": [3.25, 2.375, 2.25, 4.625],
					"texture": "#4"
				},
				"south": {
					"uv": [7.75, 6.875, 7.625, 9.125],
					"texture": "#4"
				},
				"west": {
					"uv": [2.125, 2.375, 1.125, 4.625],
					"texture": "#4"
				},
				"up": {
					"uv": [6.75, 10.25, 6.875, 9.25],
					"texture": "#4"
				},
				"down": {
					"uv": [7.375, 9.25, 7.5, 10.25],
					"texture": "#4"
				}
			}
		},
		{
			"from": [7.56603, 1.92439, 5.83014],
			"to": [10.16986, 2.35836, 9.30192],
			"rotation": {
				"angle": 0,
				"axis": "y",
				"origin": [9.73589, 8, 8]
			},
			"faces": {
				"north": {
					"uv": [10, 6.75, 9.25, 6.875],
					"texture": "#4"
				},
				"east": {
					"uv": [10.25, 6.5, 9.25, 6.625],
					"texture": "#4"
				},
				"south": {
					"uv": [9.375, 9.25, 8.625, 9.375],
					"texture": "#4"
				},
				"west": {
					"uv": [10.25, 1.75, 9.25, 1.875],
					"texture": "#4"
				},
				"up": {
					"uv": [5.75, 5.75, 6.5, 4.75],
					"texture": "#4"
				},
				"down": {
					"uv": [5.75, 5.875, 6.5, 6.875],
					"texture": "#4"
				}
			}
		},
		{
			"from": [7.56603, -0.67944, 4.9622],
			"to": [10.16986, 7.13206, 6.26411],
			"rotation": {
				"angle": 0,
				"axis": "y",
				"origin": [7.34904, 3.22631, 4.52822]
			},
			"faces": {
				"north": {
					"uv": [4.125, 0, 3.375, 2.25],
					"texture": "#4"
				},
				"east": {
					"uv": [2.625, 4.75, 2.25, 7],
					"texture": "#4"
				},
				"south": {
					"uv": [4.125, 2.375, 3.375, 4.625],
					"texture": "#4"
				},
				"west": {
					"uv": [2.125, 4.75, 1.75, 7],
					"texture": "#4"
				},
				"up": {
					"uv": [7.75, 0.375, 8.5, 0],
					"texture": "#4"
				},
				"down": {
					"uv": [7.75, 0.5, 8.5, 0.875],
					"texture": "#4"
				}
			}
		},
		{
			"from": [8.43397, -1.11341, 4.52822],
			"to": [9.30192, 5.83014, 5.39617],
			"rotation": {
				"angle": 0,
				"axis": "y",
				"origin": [7.34904, 3.22631, 4.52822]
			},
			"faces": {
				"north": {
					"uv": [7.25, 4.75, 7, 6.75],
					"texture": "#4"
				},
				"east": {
					"uv": [7.25, 6.875, 7, 8.875],
					"texture": "#4"
				},
				"south": {
					"uv": [6.375, 7, 6.125, 9],
					"texture": "#4"
				},
				"west": {
					"uv": [6, 7, 5.75, 9],
					"texture": "#4"
				},
				"up": {
					"uv": [4.75, 10, 5, 9.75],
					"texture": "#4"
				},
				"down": {
					"uv": [9.75, 4.75, 10, 5],
					"texture": "#4"
				}
			}
		},
		{
			"from": [8.43397, 4.95129, 5.78201],
			"to": [9.30192, 5.81923, 6.64995],
			"rotation": {
				"angle": 45,
				"axis": "x",
				"origin": [8.86794, 6.90416, 6.21598]
			},
			"faces": {
				"north": {
					"uv": [5.375, 9.75, 5.125, 10],
					"texture": "#4"
				},
				"east": {
					"uv": [10, 5.875, 9.75, 6.125],
					"texture": "#4"
				},
				"south": {
					"uv": [10, 5.5, 9.75, 5.75],
					"texture": "#4"
				},
				"west": {
					"uv": [10, 5.125, 9.75, 5.375],
					"texture": "#4"
				},
				"up": {
					"uv": [7, 10, 7.25, 9.75],
					"texture": "#4"
				},
				"down": {
					"uv": [9.75, 7, 10, 7.25],
					"texture": "#4"
				}
			}
		},
		{
			"from": [8.43397, -1.11341, 9.71525],
			"to": [9.30192, 5.83014, 10.58319],
			"rotation": {
				"angle": 0,
				"axis": "y",
				"origin": [7.34904, 3.22631, 8.52183]
			},
			"faces": {
				"north": {
					"uv": [0.25, 7.125, 0, 9.125],
					"texture": "#4"
				},
				"east": {
					"uv": [1.375, 7.125, 1.125, 9.125],
					"texture": "#4"
				},
				"south": {
					"uv": [1, 7.125, 0.75, 9.125],
					"texture": "#4"
				},
				"west": {
					"uv": [0.625, 7.125, 0.375, 9.125],
					"texture": "#4"
				},
				"up": {
					"uv": [9.75, 7.625, 10, 7.375],
					"texture": "#4"
				},
				"down": {
					"uv": [9.75, 7.75, 10, 8],
					"texture": "#4"
				}
			}
		},
		{
			"from": [8.43397, 3.49369, 7.8577],
			"to": [9.30192, 4.36163, 8.72565],
			"rotation": {
				"angle": -45,
				"axis": "x",
				"origin": [8.86794, 6.90416, 6.83407]
			},
			"faces": {
				"north": {
					"uv": [8.125, 9.75, 7.875, 10],
					"texture": "#4"
				},
				"east": {
					"uv": [10, 8.875, 9.75, 9.125],
					"texture": "#4"
				},
				"south": {
					"uv": [10, 8.5, 9.75, 8.75],
					"texture": "#4"
				},
				"west": {
					"uv": [10, 8.125, 9.75, 8.375],
					"texture": "#4"
				},
				"up": {
					"uv": [9.875, 0.25, 10.125, 0],
					"texture": "#4"
				},
				"down": {
					"uv": [0.375, 9.875, 0.625, 10.125],
					"texture": "#4"
				}
			}
		},
		{
			"from": [9.95295, -0.67944, 5.05204],
			"to": [10.56659, 7.13206, 6.28018],
			"rotation": {
				"angle": 45,
				"axis": "y",
				"origin": [10.25977, 3.22631, 5.48601]
			},
			"faces": {
				"north": {
					"uv": [1.6875, 7.125, 1.5, 9.375],
					"texture": "#4"
				},
				"east": {
					"uv": [3.625, 4.75, 3.25, 7],
					"texture": "#4"
				},
				"south": {
					"uv": [2.0625, 7.125, 1.875, 9.375],
					"texture": "#4"
				},
				"west": {
					"uv": [3.125, 4.75, 2.75, 7],
					"texture": "#4"
				},
				"up": {
					"uv": [9.375, 2.875, 9.5625, 2.5],
					"texture": "#4"
				},
				"down": {
					"uv": [9.375, 3, 9.5625, 3.375],
					"texture": "#4"
				}
			}
		},
		{
			"from": [3.10186, -0.67944, -4.76763],
			"to": [3.71549, 7.13206, -3.53949],
			"rotation": {
				"angle": -45,
				"axis": "y",
				"origin": [-6.41099, 3.22631, 5.48601]
			},
			"faces": {
				"north": {
					"uv": [2.4375, 7.125, 2.25, 9.375],
					"texture": "#4"
				},
				"east": {
					"uv": [4.625, 4.75, 4.25, 7],
					"texture": "#4"
				},
				"south": {
					"uv": [2.8125, 7.125, 2.625, 9.375],
					"texture": "#4"
				},
				"west": {
					"uv": [4.125, 4.75, 3.75, 7],
					"texture": "#4"
				},
				"up": {
					"uv": [9.375, 3.875, 9.5625, 3.5],
					"texture": "#4"
				},
				"down": {
					"uv": [9.375, 4, 9.5625, 4.375],
					"texture": "#4"
				}
			}
		},
		{
			"from": [1.49082, -0.67944, 18.00423],
			"to": [2.10445, 7.13206, 19.23237],
			"rotation": {
				"angle": 45,
				"axis": "y",
				"origin": [-6.41099, 3.22631, 7.36769]
			},
			"faces": {
				"north": {
					"uv": [3.1875, 7.125, 3, 9.375],
					"texture": "#4"
				},
				"east": {
					"uv": [5.5, 0, 5.125, 2.25],
					"texture": "#4"
				},
				"south": {
					"uv": [3.5625, 7.125, 3.375, 9.375],
					"texture": "#4"
				},
				"west": {
					"uv": [5.125, 4.75, 4.75, 7],
					"texture": "#4"
				},
				"up": {
					"uv": [9.375, 4.875, 9.5625, 4.5],
					"texture": "#4"
				},
				"down": {
					"uv": [9.375, 5, 9.5625, 5.375],
					"texture": "#4"
				}
			}
		},
		{
			"from": [11.56399, -0.67944, 8.18456],
			"to": [12.17763, 7.13206, 9.4127],
			"rotation": {
				"angle": -45,
				"axis": "y",
				"origin": [10.25977, 3.22631, 7.36769]
			},
			"faces": {
				"north": {
					"uv": [3.9375, 7.125, 3.75, 9.375],
					"texture": "#4"
				},
				"east": {
					"uv": [5.625, 4.75, 5.25, 7],
					"texture": "#4"
				},
				"south": {
					"uv": [4.3125, 7.125, 4.125, 9.375],
					"texture": "#4"
				},
				"west": {
					"uv": [5.5, 2.375, 5.125, 4.625],
					"texture": "#4"
				},
				"up": {
					"uv": [9.375, 5.875, 9.5625, 5.5],
					"texture": "#4"
				},
				"down": {
					"uv": [9.375, 6, 9.5625, 6.375],
					"texture": "#4"
				}
			}
		},
		{
			"from": [7.57037, 6.8834, 5.34435],
			"to": [10.16552, 10.35518, 6.21229],
			"rotation": {
				"angle": 22.5,
				"axis": "x",
				"origin": [8.86794, 7.96833, 5.77832]
			},
			"faces": {
				"north": {
					"uv": [6.875, 0, 6.125, 1],
					"texture": "#4"
				},
				"east": {
					"uv": [8.25, 5.375, 8, 6.375],
					"texture": "#4"
				},
				"south": {
					"uv": [6.875, 1.125, 6.125, 2.125],
					"texture": "#4"
				},
				"west": {
					"uv": [8.25, 4.25, 8, 5.25],
					"texture": "#4"
				},
				"up": {
					"uv": [8.625, 7.25, 9.375, 7],
					"texture": "#4"
				},
				"down": {
					"uv": [8.625, 7.375, 9.375, 7.625],
					"texture": "#4"
				}
			}
		},
		{
			"from": [7.57037, 8.50031, 9.57408],
			"to": [10.16552, 11.97209, 10.44202],
			"rotation": {
				"angle": -22.5,
				"axis": "x",
				"origin": [10.16986, 7.13206, 13.74528]
			},
			"faces": {
				"north": {
					"uv": [6.875, 2.25, 6.125, 3.25],
					"texture": "#4"
				},
				"east": {
					"uv": [8.5, 7.625, 8.25, 8.625],
					"texture": "#4"
				},
				"south": {
					"uv": [6.875, 3.375, 6.125, 4.375],
					"texture": "#4"
				},
				"west": {
					"uv": [8.5, 6.5, 8.25, 7.5],
					"texture": "#4"
				},
				"up": {
					"uv": [8.625, 8, 9.375, 7.75],
					"texture": "#4"
				},
				"down": {
					"uv": [8.625, 8.125, 9.375, 8.375],
					"texture": "#4"
				}
			}
		},
		{
			"from": [7.56603, -0.67944, 8.86794],
			"to": [10.16986, 7.13206, 10.16986],
			"rotation": {
				"angle": 0,
				"axis": "y",
				"origin": [7.34904, 3.22631, 4.52822]
			},
			"faces": {
				"north": {
					"uv": [5, 0, 4.25, 2.25],
					"texture": "#4"
				},
				"east": {
					"uv": [6, 2.375, 5.625, 4.625],
					"texture": "#4"
				},
				"south": {
					"uv": [5, 2.375, 4.25, 4.625],
					"texture": "#4"
				},
				"west": {
					"uv": [6, 0, 5.625, 2.25],
					"texture": "#4"
				},
				"up": {
					"uv": [7.75, 1.375, 8.5, 1],
					"texture": "#4"
				},
				"down": {
					"uv": [7.75, 1.5, 8.5, 1.875],
					"texture": "#4"
				}
			}
		},
		{
			"from": [7.56603, -0.67944, 7.34904],
			"to": [10.16986, 7.13206, 7.78301],
			"rotation": {
				"angle": 0,
				"axis": "y",
				"origin": [7.34904, 3.22631, 4.52822]
			},
			"faces": {
				"north": {
					"uv": [0.75, 4.75, 0, 7],
					"texture": "#4"
				},
				"east": {
					"uv": [7.875, 4.375, 7.75, 6.625],
					"texture": "#4"
				},
				"south": {
					"uv": [1.625, 4.75, 0.875, 7],
					"texture": "#4"
				},
				"west": {
					"uv": [7.875, 2, 7.75, 4.25],
					"texture": "#4"
				},
				"up": {
					"uv": [9.375, 2.125, 10.125, 2],
					"texture": "#4"
				},
				"down": {
					"uv": [9.375, 2.25, 10.125, 2.375],
					"texture": "#4"
				}
			}
		}
	]
}