{
	"textures": {
		"0": "animated_java:item/assembler/assembler"
	},
	"display": {
		"head": {
			"rotation": [0, 180, 0]
		}
	},
	"elements": [
		{
			"from": [5.5, 0.62043, 17.68414],
			"to": [8.5, 3.62043, 18.92678],
			"rotation": {
				"angle": 45,
				"axis": "x",
				"origin": [22.25, 17.5, 20.25]
			},
			"faces": {
				"north": {
					"uv": [7.25, 10.5625, 7.4375, 10.75],
					"texture": "#0"
				},
				"east": {
					"uv": [6.125, 11.625, 6.1875, 11.8125],
					"texture": "#0"
				},
				"south": {
					"uv": [8.5, 10.5625, 8.6875, 10.75],
					"texture": "#0"
				},
				"west": {
					"uv": [11.625, 7, 11.6875, 7.1875],
					"texture": "#0"
				},
				"up": {
					"uv": [11.8125, 7.3125, 11.625, 7.25],
					"texture": "#0"
				},
				"down": {
					"uv": [11.8125, 8.5625, 11.625, 8.625],
					"texture": "#0"
				}
			}
		},
		{
			"from": [5.5, 7.37868, 6.5],
			"to": [8.5, 8.62132, 9.5],
			"rotation": {
				"angle": 0,
				"axis": "y",
				"origin": [22.25, 17.5, 20.25]
			},
			"faces": {
				"north": {
					"uv": [11.625, 6.125, 11.8125, 6.1875],
					"texture": "#0"
				},
				"east": {
					"uv": [11.625, 6.625, 11.8125, 6.6875],
					"texture": "#0"
				},
				"south": {
					"uv": [11.625, 6.75, 11.8125, 6.8125],
					"texture": "#0"
				},
				"west": {
					"uv": [11.625, 6.875, 11.8125, 6.9375],
					"texture": "#0"
				},
				"up": {
					"uv": [10.75, 7.0625, 10.5625, 6.875],
					"texture": "#0"
				},
				"down": {
					"uv": [7.1875, 10.5625, 7, 10.75],
					"texture": "#0"
				}
			}
		},
		{
			"from": [5.5, 0.62043, 9.19885],
			"to": [8.5, 3.62043, 10.4415],
			"rotation": {
				"angle": 45,
				"axis": "x",
				"origin": [22.25, 17.5, 20.25]
			},
			"faces": {
				"north": {
					"uv": [0.5, 10.625, 0.6875, 10.8125],
					"texture": "#0"
				},
				"east": {
					"uv": [0.5, 11.6875, 0.5625, 11.875],
					"texture": "#0"
				},
				"south": {
					"uv": [0.75, 10.625, 0.9375, 10.8125],
					"texture": "#0"
				},
				"west": {
					"uv": [0.625, 11.6875, 0.6875, 11.875],
					"texture": "#0"
				},
				"up": {
					"uv": [0.9375, 11.75, 0.75, 11.6875],
					"texture": "#0"
				},
				"down": {
					"uv": [11.875, 0.9375, 11.6875, 1],
					"texture": "#0"
				}
			}
		},
		{
			"from": [5.5, 13.37868, 0.5],
			"to": [8.5, 14.62132, 3.5],
			"rotation": {
				"angle": 0,
				"axis": "y",
				"origin": [22.25, 17.5, 20.25]
			},
			"faces": {
				"north": {
					"uv": [11.625, 10.4375, 11.8125, 10.5],
					"texture": "#0"
				},
				"east": {
					"uv": [11.625, 10.5625, 11.8125, 10.625],
					"texture": "#0"
				},
				"south": {
					"uv": [11.625, 10.6875, 11.8125, 10.75],
					"texture": "#0"
				},
				"west": {
					"uv": [11.625, 10.8125, 11.8125, 10.875],
					"texture": "#0"
				},
				"up": {
					"uv": [10, 10.75, 9.8125, 10.5625],
					"texture": "#0"
				},
				"down": {
					"uv": [10.25, 10.5625, 10.0625, 10.75],
					"texture": "#0"
				}
			}
		},
		{
			"from": [5.5, 1.49911, 8.32017],
			"to": [8.5, 2.74175, 11.32017],
			"rotation": {
				"angle": 45,
				"axis": "x",
				"origin": [22.25, 17.5, 20.25]
			},
			"faces": {
				"north": {
					"uv": [11.625, 10.9375, 11.8125, 11],
					"texture": "#0"
				},
				"east": {
					"uv": [11.625, 11.0625, 11.8125, 11.125],
					"texture": "#0"
				},
				"south": {
					"uv": [11.5, 11.625, 11.6875, 11.6875],
					"texture": "#0"
				},
				"west": {
					"uv": [11.6875, 0, 11.875, 0.0625],
					"texture": "#0"
				},
				"up": {
					"uv": [10.5, 10.75, 10.3125, 10.5625],
					"texture": "#0"
				},
				"down": {
					"uv": [10.75, 10.5625, 10.5625, 10.75],
					"texture": "#0"
				}
			}
		},
		{
			"from": [5.5, 12.5, 1.37868],
			"to": [8.5, 15.5, 2.62132],
			"rotation": {
				"angle": 0,
				"axis": "y",
				"origin": [22.25, 17.5, 20.25]
			},
			"faces": {
				"north": {
					"uv": [0, 10.625, 0.1875, 10.8125],
					"texture": "#0"
				},
				"east": {
					"uv": [0.125, 11.6875, 0.1875, 11.875],
					"texture": "#0"
				},
				"south": {
					"uv": [0.25, 10.625, 0.4375, 10.8125],
					"texture": "#0"
				},
				"west": {
					"uv": [11.6875, 0.125, 11.75, 0.3125],
					"texture": "#0"
				},
				"up": {
					"uv": [0.4375, 11.75, 0.25, 11.6875],
					"texture": "#0"
				},
				"down": {
					"uv": [11.875, 0.375, 11.6875, 0.4375],
					"texture": "#0"
				}
			}
		},
		{
			"from": [5.5, 1.49911, 16.80546],
			"to": [8.5, 2.74175, 19.80546],
			"rotation": {
				"angle": 45,
				"axis": "x",
				"origin": [22.25, 17.5, 20.25]
			},
			"faces": {
				"north": {
					"uv": [11.625, 5.5, 11.8125, 5.5625],
					"texture": "#0"
				},
				"east": {
					"uv": [11.625, 5.625, 11.8125, 5.6875],
					"texture": "#0"
				},
				"south": {
					"uv": [5.875, 11.625, 6.0625, 11.6875],
					"texture": "#0"
				},
				"west": {
					"uv": [11.625, 6, 11.8125, 6.0625],
					"texture": "#0"
				},
				"up": {
					"uv": [10.75, 2.8125, 10.5625, 2.625],
					"texture": "#0"
				},
				"down": {
					"uv": [10.75, 4.5625, 10.5625, 4.75],
					"texture": "#0"
				}
			}
		},
		{
			"from": [5.5, 6.5, 7.37868],
			"to": [8.5, 9.5, 8.62132],
			"rotation": {
				"angle": 0,
				"axis": "y",
				"origin": [22.25, 17.5, 20.25]
			},
			"faces": {
				"north": {
					"uv": [9.3125, 10.5625, 9.5, 10.75],
					"texture": "#0"
				},
				"east": {
					"uv": [8.8125, 11.625, 8.875, 11.8125],
					"texture": "#0"
				},
				"south": {
					"uv": [9.5625, 10.5625, 9.75, 10.75],
					"texture": "#0"
				},
				"west": {
					"uv": [11.625, 8.875, 11.6875, 9.0625],
					"texture": "#0"
				},
				"up": {
					"uv": [11.8125, 9.1875, 11.625, 9.125],
					"texture": "#0"
				},
				"down": {
					"uv": [11.8125, 9.25, 11.625, 9.3125],
					"texture": "#0"
				}
			}
		},
		{
			"from": [6, 1.09911, 10.80546],
			"to": [8, 3.09911, 17.80546],
			"rotation": {
				"angle": 45,
				"axis": "x",
				"origin": [22.25, 17.5, 20.25]
			},
			"faces": {
				"north": {
					"uv": [11.3125, 0, 11.4375, 0.125],
					"texture": "#0"
				},
				"east": {
					"uv": [9.6875, 4.0625, 10.125, 4.1875],
					"texture": "#0"
				},
				"south": {
					"uv": [0.125, 11.3125, 0.25, 11.4375],
					"texture": "#0"
				},
				"west": {
					"uv": [9.6875, 4.25, 10.125, 4.375],
					"texture": "#0"
				},
				"up": {
					"uv": [3.625, 10.0625, 3.5, 9.625],
					"texture": "#0"
				},
				"down": {
					"uv": [8.6875, 9.625, 8.5625, 10.0625],
					"texture": "#0"
				}
			}
		}
	]
}