{
	"textures": {
		"0": "animated_java:item/assembler/assembler"
	},
	"display": {
		"head": {
			"rotation": [0, 180, 0]
		}
	},
	"elements": [
		{
			"from": [7.5, 9.08338, 9.0495],
			"to": [8.5, 10.08338, 11.5495],
			"rotation": {
				"angle": 0,
				"axis": "y",
				"origin": [8, 9.58338, 10.2995]
			},
			"faces": {
				"north": {
					"uv": [12.25, 3.1875, 12.3125, 3.25],
					"texture": "#0"
				},
				"east": {
					"uv": [8.125, 11.75, 8.3125, 11.8125],
					"texture": "#0"
				},
				"south": {
					"uv": [3.3125, 12.25, 3.375, 12.3125],
					"texture": "#0"
				},
				"west": {
					"uv": [11.75, 8.6875, 11.9375, 8.75],
					"texture": "#0"
				},
				"up": {
					"uv": [8.4375, 11.9375, 8.375, 11.75],
					"texture": "#0"
				},
				"down": {
					"uv": [8.6875, 11.75, 8.625, 11.9375],
					"texture": "#0"
				}
			}
		},
		{
			"from": [7.5, 7.48718, 8.53308],
			"to": [8.5, 9.98718, 9.53308],
			"rotation": {
				"angle": 22.5,
				"axis": "x",
				"origin": [8, 8.73718, 9.03308]
			},
			"faces": {
				"north": {
					"uv": [11.75, 8.8125, 11.8125, 9],
					"texture": "#0"
				},
				"east": {
					"uv": [9.1875, 11.75, 9.25, 11.9375],
					"texture": "#0"
				},
				"south": {
					"uv": [9.3125, 11.75, 9.375, 11.9375],
					"texture": "#0"
				},
				"west": {
					"uv": [9.4375, 11.75, 9.5, 11.9375],
					"texture": "#0"
				},
				"up": {
					"uv": [12.3125, 3.375, 12.25, 3.3125],
					"texture": "#0"
				},
				"down": {
					"uv": [3.5, 12.25, 3.4375, 12.3125],
					"texture": "#0"
				}
			}
		},
		{
			"from": [7.5, 5.98718, 9.0495],
			"to": [8.5, 6.98718, 11.5495],
			"rotation": {
				"angle": 0,
				"axis": "y",
				"origin": [8, 6.91028, 9.66629]
			},
			"faces": {
				"north": {
					"uv": [12.375, 8.3125, 12.4375, 8.375],
					"texture": "#0"
				},
				"east": {
					"uv": [12, 5.5625, 12.1875, 5.625],
					"texture": "#0"
				},
				"south": {
					"uv": [8.5625, 12.375, 8.625, 12.4375],
					"texture": "#0"
				},
				"west": {
					"uv": [12, 5.6875, 12.1875, 5.75],
					"texture": "#0"
				},
				"up": {
					"uv": [5.8125, 12.1875, 5.75, 12],
					"texture": "#0"
				},
				"down": {
					"uv": [12.0625, 5.8125, 12, 6],
					"texture": "#0"
				}
			}
		},
		{
			"from": [7.5, 6.29349, 8.7432],
			"to": [8.5, 8.79349, 9.7432],
			"rotation": {
				"angle": -22.5,
				"axis": "x",
				"origin": [8, 6.91028, 9.66629]
			},
			"faces": {
				"north": {
					"uv": [12, 4, 12.0625, 4.1875],
					"texture": "#0"
				},
				"east": {
					"uv": [12, 4.8125, 12.0625, 5],
					"texture": "#0"
				},
				"south": {
					"uv": [12, 5.0625, 12.0625, 5.25],
					"texture": "#0"
				},
				"west": {
					"uv": [12, 5.3125, 12.0625, 5.5],
					"texture": "#0"
				},
				"up": {
					"uv": [12.4375, 8.25, 12.375, 8.1875],
					"texture": "#0"
				},
				"down": {
					"uv": [8.3125, 12.375, 8.25, 12.4375],
					"texture": "#0"
				}
			}
		},
		{
			"from": [7.5, 7.49999, 7.37495],
			"to": [8.5, 8.49999, 8.62495],
			"rotation": {
				"angle": 0,
				"axis": "y",
				"origin": [8, 7.99999, 7.99995]
			},
			"faces": {
				"north": {
					"uv": [12.25, 3.4375, 12.3125, 3.5],
					"texture": "#0"
				},
				"east": {
					"uv": [12.25, 3.5625, 12.3125, 3.625],
					"texture": "#0"
				},
				"south": {
					"uv": [12.25, 3.6875, 12.3125, 3.75],
					"texture": "#0"
				},
				"west": {
					"uv": [12.25, 3.8125, 12.3125, 3.875],
					"texture": "#0"
				},
				"up": {
					"uv": [4.5625, 12.3125, 4.5, 12.25],
					"texture": "#0"
				},
				"down": {
					"uv": [5.125, 12.25, 5.0625, 12.3125],
					"texture": "#0"
				}
			}
		}
	]
}