{
	"textures": {
		"1": "expansion:guides/basic_guide/spaceship_rightwing_displayitem",
		"particle": "expansion:guides/basic_guide/spaceship_rightwing_displayitem"
	},
	"elements": [
		{
			"name": "spaceship_rightwing_displayitem_0",
			"from": [0, 1, 7.5],
			"to": [5, 16, 8.5],
			"faces": {
				"north": {"uv": [5, 0, 0, 15], "texture": "#1"},
				"east": {"uv": [4, 0, 5, 15], "texture": "#1"},
				"south": {"uv": [0, 0, 5, 15], "texture": "#1"},
				"west": {"uv": [0, 0, 1, 15], "texture": "#1"},
				"up": {"uv": [0, 0, 5, 1], "texture": "#1"},
				"down": {"uv": [0, 14, 5, 15], "texture": "#1"}
			}
		},
		{
			"name": "spaceship_rightwing_displayitem_1",
			"from": [15, 1, 7.5],
			"to": [16, 16, 8.5],
			"faces": {
				"north": {"uv": [16, 0, 15, 15], "texture": "#1"},
				"east": {"uv": [15, 0, 16, 15], "texture": "#1"},
				"south": {"uv": [15, 0, 16, 15], "texture": "#1"},
				"west": {"uv": [15, 0, 16, 15], "texture": "#1"},
				"up": {"uv": [15, 0, 16, 1], "texture": "#1"},
				"down": {"uv": [15, 14, 16, 15], "texture": "#1"}
			}
		},
		{
			"name": "spaceship_rightwing_displayitem_2",
			"from": [5, 3, 7.5],
			"to": [7, 15, 8.5],
			"faces": {
				"north": {"uv": [7, 1, 5, 13], "texture": "#1"},
				"east": {"uv": [6, 1, 7, 13], "texture": "#1"},
				"south": {"uv": [5, 1, 7, 13], "texture": "#1"},
				"west": {"uv": [5, 1, 6, 13], "texture": "#1"},
				"up": {"uv": [5, 1, 7, 2], "texture": "#1"},
				"down": {"uv": [5, 12, 7, 13], "texture": "#1"}
			}
		},
		{
			"name": "spaceship_rightwing_displayitem_3",
			"from": [7, 3, 7.5],
			"to": [9, 14, 8.5],
			"faces": {
				"north": {"uv": [9, 2, 7, 13], "texture": "#1"},
				"east": {"uv": [8, 2, 9, 13], "texture": "#1"},
				"south": {"uv": [7, 2, 9, 13], "texture": "#1"},
				"west": {"uv": [7, 2, 8, 13], "texture": "#1"},
				"up": {"uv": [7, 2, 9, 3], "texture": "#1"},
				"down": {"uv": [7, 12, 9, 13], "texture": "#1"}
			}
		},
		{
			"name": "spaceship_rightwing_displayitem_4",
			"from": [9, 3, 7.5],
			"to": [11, 13, 8.5],
			"faces": {
				"north": {"uv": [11, 3, 9, 13], "texture": "#1"},
				"east": {"uv": [10, 3, 11, 13], "texture": "#1"},
				"south": {"uv": [9, 3, 11, 13], "texture": "#1"},
				"west": {"uv": [9, 3, 10, 13], "texture": "#1"},
				"up": {"uv": [9, 3, 11, 4], "texture": "#1"},
				"down": {"uv": [9, 12, 11, 13], "texture": "#1"}
			}
		},
		{
			"name": "spaceship_rightwing_displayitem_5",
			"from": [11, 3, 7.5],
			"to": [13, 12, 8.5],
			"faces": {
				"north": {"uv": [13, 4, 11, 13], "texture": "#1"},
				"east": {"uv": [12, 4, 13, 13], "texture": "#1"},
				"south": {"uv": [11, 4, 13, 13], "texture": "#1"},
				"west": {"uv": [11, 4, 12, 13], "texture": "#1"},
				"up": {"uv": [11, 4, 13, 5], "texture": "#1"},
				"down": {"uv": [11, 12, 13, 13], "texture": "#1"}
			}
		},
		{
			"name": "spaceship_rightwing_displayitem_6",
			"from": [13, 3, 7.5],
			"to": [14, 11, 8.5],
			"faces": {
				"north": {"uv": [14, 5, 13, 13], "texture": "#1"},
				"east": {"uv": [13, 5, 14, 13], "texture": "#1"},
				"south": {"uv": [13, 5, 14, 13], "texture": "#1"},
				"west": {"uv": [13, 5, 14, 13], "texture": "#1"},
				"up": {"uv": [13, 5, 14, 6], "texture": "#1"},
				"down": {"uv": [13, 12, 14, 13], "texture": "#1"}
			}
		},
		{
			"name": "spaceship_rightwing_displayitem_7",
			"from": [14, 3, 7.5],
			"to": [15, 10, 8.5],
			"faces": {
				"north": {"uv": [15, 6, 14, 13], "texture": "#1"},
				"east": {"uv": [14, 6, 15, 13], "texture": "#1"},
				"south": {"uv": [14, 6, 15, 13], "texture": "#1"},
				"west": {"uv": [14, 6, 15, 13], "texture": "#1"},
				"up": {"uv": [14, 6, 15, 7], "texture": "#1"},
				"down": {"uv": [14, 12, 15, 13], "texture": "#1"}
			}
		}
	],
	"gui_light": "front",
	"display": {
		"thirdperson_righthand": {
			"translation": [0, 3, 1],
			"scale": [0.55, 0.55, 0.55]
		},
		"thirdperson_lefthand": {
			"translation": [0, 3, 1],
			"scale": [0.55, 0.55, 0.55]
		},
		"firstperson_righthand": {
			"rotation": [0, -90, 25],
			"translation": [1.13, 3.2, 1.13],
			"scale": [0.68, 0.68, 0.68]
		},
		"firstperson_lefthand": {
			"rotation": [0, -90, 25],
			"translation": [1.13, 3.2, 1.13],
			"scale": [0.68, 0.68, 0.68]
		},
		"ground": {
			"translation": [0, 2, 0],
			"scale": [0.5, 0.5, 0.5]
		},
		"head": {
			"rotation": [90, 0, 0],
			"translation": [0, -42.4, 0],
			"scale": [1.6, 1.6, 1.6]
		},
		"fixed": {
			"rotation": [0, 180, 0]
		}
	},
	"groups": [
		{
			"name": "spaceship_rightwing_displayitem",
			"origin": [8, 8, 8],
			"color": 0,
			"nbt": "{}",
			"children": [0, 1, 2, 3, 4, 5, 6, 7]
		}
	]
}