{
	"textures": {
		"0": "expansion:structures/assembler/assembler"
	},
	"elements": [
		{
			"from": [
				8.75,
				7.25,
				7.25
			],
			"to": [
				15.5,
				8.75,
				8.75
			],
			"rotation": {
				"angle": 0,
				"axis": "y",
				"origin": [
					10.91284,
					22.469450000000002,
					2
				]
			},
			"faces": {
				"north": {
					"uv": [
						9.75,
						6.0625,
						10.1875,
						6.1875
					],
					"texture": "#0"
				},
				"east": {
					"uv": [
						11.5625,
						1.5625,
						11.6875,
						1.6875
					],
					"texture": "#0"
				},
				"south": {
					"uv": [
						9.8125,
						5.0625,
						10.25,
						5.1875
					],
					"texture": "#0"
				},
				"west": {
					"uv": [
						11.5625,
						1.75,
						11.6875,
						1.875
					],
					"texture": "#0"
				},
				"up": {
					"uv": [
						10.25,
						5.375,
						9.8125,
						5.25
					],
					"texture": "#0"
				},
				"down": {
					"uv": [
						10.25,
						5.4375,
						9.8125,
						5.5625
					],
					"texture": "#0"
				}
			}
		},
		{
			"from": [
				7.25,
				7,
				7
			],
			"to": [
				8.75,
				9,
				9
			],
			"rotation": {
				"angle": 0,
				"axis": "y",
				"origin": [
					10.91284,
					22.469450000000002,
					2
				]
			},
			"faces": {
				"north": {
					"uv": [
						11.5625,
						1.9375,
						11.6875,
						2.0625
					],
					"texture": "#0"
				},
				"east": {
					"uv": [
						11.5625,
						2.125,
						11.6875,
						2.25
					],
					"texture": "#0"
				},
				"south": {
					"uv": [
						11.5625,
						2.3125,
						11.6875,
						2.4375
					],
					"texture": "#0"
				},
				"west": {
					"uv": [
						11.5625,
						2.5,
						11.6875,
						2.625
					],
					"texture": "#0"
				},
				"up": {
					"uv": [
						2.8125,
						11.6875,
						2.6875,
						11.5625
					],
					"texture": "#0"
				},
				"down": {
					"uv": [
						11.6875,
						2.6875,
						11.5625,
						2.8125
					],
					"texture": "#0"
				}
			}
		}
	],
	"display": {
		"head": {
			"rotation": [
				0,
				180,
				0
			]
		}
	}
}