{
	"textures": {
		"0": "expansion:structures/assembler/assembler"
	},
	"elements": [
		{
			"from": [
				0.5,
				7.25,
				7.25
			],
			"to": [
				7.25,
				8.75,
				8.75
			],
			"rotation": {
				"angle": 0,
				"axis": "y",
				"origin": [
					0.04146000000000072,
					-5.96546,
					2
				]
			},
			"faces": {
				"north": {
					"uv": [
						9.8125,
						8.125,
						10.25,
						8.25
					],
					"texture": "#0"
				},
				"east": {
					"uv": [
						6.625,
						11.5625,
						6.75,
						11.6875
					],
					"texture": "#0"
				},
				"south": {
					"uv": [
						9.8125,
						8.3125,
						10.25,
						8.4375
					],
					"texture": "#0"
				},
				"west": {
					"uv": [
						6.8125,
						11.5625,
						6.9375,
						11.6875
					],
					"texture": "#0"
				},
				"up": {
					"uv": [
						10.25,
						8.8125,
						9.8125,
						8.6875
					],
					"texture": "#0"
				},
				"down": {
					"uv": [
						9.5625,
						9.8125,
						9.125,
						9.9375
					],
					"texture": "#0"
				}
			}
		},
		{
			"from": [
				7.25,
				7,
				7
			],
			"to": [
				8.75,
				9,
				9
			],
			"rotation": {
				"angle": 0,
				"axis": "y",
				"origin": [
					0.04146000000000072,
					-5.96546,
					2
				]
			},
			"faces": {
				"north": {
					"uv": [
						7,
						11.5625,
						7.125,
						11.6875
					],
					"texture": "#0"
				},
				"east": {
					"uv": [
						7.1875,
						11.5625,
						7.3125,
						11.6875
					],
					"texture": "#0"
				},
				"south": {
					"uv": [
						7.375,
						11.5625,
						7.5,
						11.6875
					],
					"texture": "#0"
				},
				"west": {
					"uv": [
						7.5625,
						11.5625,
						7.6875,
						11.6875
					],
					"texture": "#0"
				},
				"up": {
					"uv": [
						8.25,
						11.6875,
						8.125,
						11.5625
					],
					"texture": "#0"
				},
				"down": {
					"uv": [
						8.4375,
						11.5625,
						8.3125,
						11.6875
					],
					"texture": "#0"
				}
			}
		}
	],
	"display": {
		"head": {
			"rotation": [
				0,
				180,
				0
			]
		}
	}
}