{
	"textures": {
		"1": "animated_java:item/enhancer/texture"
	},
	"display": {
		"head": {
			"rotation": [0, 180, 0]
		}
	},
	"elements": [
		{
			"from": [3, 8, 7],
			"to": [13, 10, 7],
			"rotation": {
				"angle": 0,
				"axis": "y",
				"origin": [8, 8, 8]
			},
			"faces": {
				"north": {
					"uv": [2.5, 4.625, 3.75, 4.875],
					"texture": "#1"
				},
				"east": {
					"uv": [3.875, 4.625, 3.875, 4.875],
					"texture": "#1"
				},
				"south": {
					"uv": [4.625, 2.5, 5.875, 2.75],
					"texture": "#1"
				},
				"west": {
					"uv": [4.25, 5.875, 4.25, 6.125],
					"texture": "#1"
				},
				"up": {
					"uv": [8.75, 1.625, 7.5, 1.625],
					"texture": "#1"
				},
				"down": {
					"uv": [8.75, 5.375, 7.5, 5.375],
					"texture": "#1"
				}
			}
		}
	]
}