{
	"textures": {
		"2": "animated_java:blueprint/mech_torso/gatling_gun",
		"particle": "minecraft:item/pufferfish"
	},
	"display": {
		"head": {
			"rotation": [0, 180, 0]
		}
	},
	"elements": [
		{
			"from": [-1.5, 9, 16.94437],
			"to": [9.5, 13, 19.75807],
			"rotation": {
				"angle": 0,
				"axis": "y",
				"origin": [4, 9, 16.60122]
			},
			"faces": {
				"north": {
					"uv": [7.375, 4.875, 6, 5.375],
					"texture": "#2"
				},
				"east": {
					"uv": [10.125, 7.25, 9.75, 7.75],
					"texture": "#2"
				},
				"south": {
					"uv": [7.375, 5.5, 6, 6],
					"texture": "#2"
				},
				"west": {
					"uv": [5.875, 1.875, 5.5, 2.375],
					"texture": "#2"
				},
				"up": {
					"uv": [6.625, 6.5, 8, 6.125],
					"texture": "#2"
				},
				"down": {
					"uv": [6.625, 6.625, 8, 7],
					"texture": "#2"
				}
			}
		},
		{
			"from": [-0.49, 5.11894, 14.47859],
			"to": [8.49, 10.36894, 16.5423],
			"rotation": {
				"angle": -22.5,
				"axis": "x",
				"origin": [4, 8.74394, 15.51045]
			},
			"faces": {
				"north": {
					"uv": [6.625, 1.125, 5.5, 1.75],
					"texture": "#2"
				},
				"east": {
					"uv": [1.625, 10.125, 1.375, 10.75],
					"texture": "#2"
				},
				"south": {
					"uv": [6.875, 0, 5.75, 0.625],
					"texture": "#2"
				},
				"west": {
					"uv": [10, 9.875, 9.75, 10.5],
					"texture": "#2"
				},
				"up": {
					"uv": [8.125, 0.25, 9.25, 0],
					"texture": "#2"
				},
				"down": {
					"uv": [8.125, 6, 9.25, 6.25],
					"texture": "#2"
				}
			}
		},
		{
			"from": [-0.49, 13.83934, 15.32965],
			"to": [8.49, 15.90305, 20.47965],
			"rotation": {
				"angle": 22.5,
				"axis": "x",
				"origin": [4, 14.8712, 19.05465]
			},
			"faces": {
				"north": {
					"uv": [9.25, 6.375, 8.125, 6.625],
					"texture": "#2"
				},
				"east": {
					"uv": [10.625, 0.75, 10, 1],
					"texture": "#2"
				},
				"south": {
					"uv": [9.25, 6.75, 8.125, 7],
					"texture": "#2"
				},
				"west": {
					"uv": [10.375, 5.25, 9.75, 5.5],
					"texture": "#2"
				},
				"up": {
					"uv": [6, 2.5, 7.125, 1.875],
					"texture": "#2"
				},
				"down": {
					"uv": [6, 2.625, 7.125, 3.25],
					"texture": "#2"
				}
			}
		},
		{
			"from": [-0.5, 9.8, 13.94437],
			"to": [8.5, 17.25, 16.00807],
			"rotation": {
				"angle": 0,
				"axis": "y",
				"origin": [4, 9, 16.60122]
			},
			"faces": {
				"north": {
					"uv": [1.125, 4, 0, 4.9375],
					"texture": "#2"
				},
				"east": {
					"uv": [1.25, 9.75, 1, 10.6875],
					"texture": "#2"
				},
				"south": {
					"uv": [5.625, 0, 4.5, 0.9375],
					"texture": "#2"
				},
				"west": {
					"uv": [6.125, 9.25, 5.875, 10.1875],
					"texture": "#2"
				},
				"up": {
					"uv": [8.125, 7.375, 9.25, 7.125],
					"texture": "#2"
				},
				"down": {
					"uv": [8.25, 0.375, 9.375, 0.625],
					"texture": "#2"
				}
			}
		},
		{
			"from": [2, 16.20944, 13.97096],
			"to": [6, 17.70944, 18.23467],
			"rotation": {
				"angle": 0,
				"axis": "y",
				"origin": [4, 14.3128, 15.97586]
			},
			"faces": {
				"north": {
					"uv": [10.75, 8.375, 10.25, 8.5625],
					"texture": "#2"
				},
				"east": {
					"uv": [10.6875, 9.375, 10.125, 9.5625],
					"texture": "#2"
				},
				"south": {
					"uv": [10.625, 10.25, 10.125, 10.4375],
					"texture": "#2"
				},
				"west": {
					"uv": [10.6875, 9, 10.125, 9.1875],
					"texture": "#2"
				},
				"up": {
					"uv": [6.5, 8.8125, 7, 8.25],
					"texture": "#2"
				},
				"down": {
					"uv": [8.25, 7.5, 8.75, 8.0625],
					"texture": "#2"
				}
			}
		},
		{
			"from": [1.99, 16.0252, 17.58184],
			"to": [5.97, 17.5252, 21.39555],
			"rotation": {
				"angle": 22.5,
				"axis": "x",
				"origin": [4, 15.97632, 18.37137]
			},
			"faces": {
				"north": {
					"uv": [10.875, 0.25, 10.375, 0.4375],
					"texture": "#2"
				},
				"east": {
					"uv": [10.875, 3.625, 10.375, 3.8125],
					"texture": "#2"
				},
				"south": {
					"uv": [10.875, 3.25, 10.375, 3.4375],
					"texture": "#2"
				},
				"west": {
					"uv": [10.875, 2.875, 10.375, 3.0625],
					"texture": "#2"
				},
				"up": {
					"uv": [8.25, 8.75, 8.75, 8.25],
					"texture": "#2"
				},
				"down": {
					"uv": [0.5, 8.375, 1, 8.875],
					"texture": "#2"
				}
			}
		},
		{
			"from": [2, 7, 14.94437],
			"to": [6, 16.25, 21.75807],
			"rotation": {
				"angle": 0,
				"axis": "y",
				"origin": [4, 9, 16.60122]
			},
			"faces": {
				"north": {
					"uv": [6.5, 6.125, 6, 7.3125],
					"texture": "#2"
				},
				"east": {
					"uv": [5.375, 1.125, 4.5, 2.3125],
					"texture": "#2"
				},
				"south": {
					"uv": [5.875, 6.25, 5.375, 7.4375],
					"texture": "#2"
				},
				"west": {
					"uv": [2.125, 4, 1.25, 5.1875],
					"texture": "#2"
				},
				"up": {
					"uv": [0, 7.5, 0.5, 6.625],
					"texture": "#2"
				},
				"down": {
					"uv": [6.75, 0.75, 7.25, 1.625],
					"texture": "#2"
				}
			}
		},
		{
			"from": [-0.5, 5, 15.94437],
			"to": [8.5, 15.25, 20.75807],
			"rotation": {
				"angle": 0,
				"axis": "y",
				"origin": [4, 9, 16.60122]
			},
			"faces": {
				"north": {
					"uv": [3.375, 3.75, 2.25, 5.0625],
					"texture": "#2"
				},
				"east": {
					"uv": [2.875, 5.25, 2.25, 6.5625],
					"texture": "#2"
				},
				"south": {
					"uv": [4.625, 3.75, 3.5, 5.0625],
					"texture": "#2"
				},
				"west": {
					"uv": [0.625, 5.125, 0, 6.4375],
					"texture": "#2"
				},
				"up": {
					"uv": [6, 4, 7.125, 3.375],
					"texture": "#2"
				},
				"down": {
					"uv": [6, 4.125, 7.125, 4.75],
					"texture": "#2"
				}
			}
		},
		{
			"from": [0, 1, 13.94437],
			"to": [8, 15, 17.25807],
			"rotation": {
				"angle": 0,
				"axis": "y",
				"origin": [4, 9, 16.60122]
			},
			"faces": {
				"north": {
					"uv": [1, 2.125, 0, 3.875],
					"texture": "#2"
				},
				"east": {
					"uv": [4.0625, 5.25, 3.625, 7],
					"texture": "#2"
				},
				"south": {
					"uv": [2.125, 2.125, 1.125, 3.875],
					"texture": "#2"
				},
				"west": {
					"uv": [3.4375, 5.25, 3, 7],
					"texture": "#2"
				},
				"up": {
					"uv": [4.25, 7.1875, 5.25, 6.75],
					"texture": "#2"
				},
				"down": {
					"uv": [7, 0, 8, 0.4375],
					"texture": "#2"
				}
			}
		},
		{
			"from": [-0.70711, 1, 14.23726],
			"to": [7.29289, 15, 17.55097],
			"rotation": {
				"angle": -45,
				"axis": "y",
				"origin": [4, 9, 16.60122]
			},
			"faces": {
				"north": {
					"uv": [3.25, 0, 2.25, 1.75],
					"texture": "#2"
				},
				"east": {
					"uv": [1.8125, 5.375, 1.375, 7.125],
					"texture": "#2"
				},
				"south": {
					"uv": [3.25, 1.875, 2.25, 3.625],
					"texture": "#2"
				},
				"west": {
					"uv": [1.1875, 5.375, 0.75, 7.125],
					"texture": "#2"
				},
				"up": {
					"uv": [2, 7.5625, 3, 7.125],
					"texture": "#2"
				},
				"down": {
					"uv": [3.125, 7.125, 4.125, 7.5625],
					"texture": "#2"
				}
			}
		},
		{
			"from": [2.34315, 1, 11.60122],
			"to": [5.65685, 17, 19.60122],
			"rotation": {
				"angle": 0,
				"axis": "y",
				"origin": [4, 9, 16.60122]
			},
			"faces": {
				"north": {
					"uv": [5.1875, 2.5, 4.75, 4.5],
					"texture": "#2"
				},
				"east": {
					"uv": [2.125, 0, 1.125, 2],
					"texture": "#2"
				},
				"south": {
					"uv": [5.1875, 4.625, 4.75, 6.625],
					"texture": "#2"
				},
				"west": {
					"uv": [1, 0, 0, 2],
					"texture": "#2"
				},
				"up": {
					"uv": [6.625, 8.125, 7.0625, 7.125],
					"texture": "#2"
				},
				"down": {
					"uv": [0.625, 7.25, 1.0625, 8.25],
					"texture": "#2"
				}
			}
		},
		{
			"from": [1.63604, 1, 11.89411],
			"to": [4.94975, 15, 19.89411],
			"rotation": {
				"angle": -45,
				"axis": "y",
				"origin": [4, 9, 16.60122]
			},
			"faces": {
				"north": {
					"uv": [5.8125, 2.5, 5.375, 4.25],
					"texture": "#2"
				},
				"east": {
					"uv": [4.375, 1.875, 3.375, 3.625],
					"texture": "#2"
				},
				"south": {
					"uv": [5.8125, 4.375, 5.375, 6.125],
					"texture": "#2"
				},
				"west": {
					"uv": [4.375, 0, 3.375, 1.75],
					"texture": "#2"
				},
				"up": {
					"uv": [1.25, 8.25, 1.6875, 7.25],
					"texture": "#2"
				},
				"down": {
					"uv": [7.25, 1.75, 7.6875, 2.75],
					"texture": "#2"
				}
			}
		},
		{
			"from": [3, 1, 4],
			"to": [5, 6, 5],
			"rotation": {
				"angle": 0,
				"axis": "y",
				"origin": [5, 8, 8]
			},
			"faces": {
				"north": {
					"uv": [9.125, 2.25, 8.875, 2.5],
					"texture": "#2"
				},
				"east": {
					"uv": [4.625, 2.875, 4.5, 3.125],
					"texture": "#2"
				},
				"south": {
					"uv": [0.25, 10.625, 0, 10.875],
					"texture": "#2"
				},
				"west": {
					"uv": [4.625, 2.5, 4.5, 2.75],
					"texture": "#2"
				},
				"up": {
					"uv": [9.375, 7.375, 9.625, 7.25],
					"texture": "#2"
				},
				"down": {
					"uv": [2.75, 10.75, 3, 10.875],
					"texture": "#2"
				}
			}
		},
		{
			"from": [3, 3, 5],
			"to": [5, 6, 12],
			"rotation": {
				"angle": 0,
				"axis": "y",
				"origin": [5, 8, 8]
			},
			"faces": {
				"north": {
					"uv": [10.625, 4, 10.375, 4.375],
					"texture": "#2"
				},
				"east": {
					"uv": [6.125, 7.625, 5.125, 8],
					"texture": "#2"
				},
				"south": {
					"uv": [6.125, 10.375, 5.875, 10.75],
					"texture": "#2"
				},
				"west": {
					"uv": [8.375, 1.25, 7.375, 1.625],
					"texture": "#2"
				},
				"up": {
					"uv": [4.25, 6.25, 4.5, 5.25],
					"texture": "#2"
				},
				"down": {
					"uv": [5.875, 8.125, 6.125, 9.125],
					"texture": "#2"
				}
			}
		}
	]
}