{
	"textures": {
		"2": "animated_java:blueprint/mech_torso/gatling_gun",
		"particle": "minecraft:item/pufferfish"
	},
	"display": {
		"head": {
			"rotation": [0, 180, 0]
		}
	},
	"elements": [
		{
			"from": [6.5, 9, 16.94437],
			"to": [17.5, 13, 19.75807],
			"rotation": {
				"angle": 0,
				"axis": "y",
				"origin": [12, 9, 16.60122]
			},
			"faces": {
				"north": {
					"uv": [6, 4.875, 7.375, 5.375],
					"texture": "#2"
				},
				"east": {
					"uv": [5.5, 1.875, 5.875, 2.375],
					"texture": "#2"
				},
				"south": {
					"uv": [6, 5.5, 7.375, 6],
					"texture": "#2"
				},
				"west": {
					"uv": [9.75, 7.25, 10.125, 7.75],
					"texture": "#2"
				},
				"up": {
					"uv": [8, 6.5, 6.625, 6.125],
					"texture": "#2"
				},
				"down": {
					"uv": [8, 6.625, 6.625, 7],
					"texture": "#2"
				}
			}
		},
		{
			"from": [7.51, 5.11894, 14.47859],
			"to": [16.49, 10.36894, 16.5423],
			"rotation": {
				"angle": -22.5,
				"axis": "x",
				"origin": [12, 8.74394, 15.51045]
			},
			"faces": {
				"north": {
					"uv": [5.5, 1.125, 6.625, 1.75],
					"texture": "#2"
				},
				"east": {
					"uv": [9.75, 9.875, 10, 10.5],
					"texture": "#2"
				},
				"south": {
					"uv": [5.75, 0, 6.875, 0.625],
					"texture": "#2"
				},
				"west": {
					"uv": [1.375, 10.125, 1.625, 10.75],
					"texture": "#2"
				},
				"up": {
					"uv": [9.25, 0.25, 8.125, 0],
					"texture": "#2"
				},
				"down": {
					"uv": [9.25, 6, 8.125, 6.25],
					"texture": "#2"
				}
			}
		},
		{
			"from": [7.51, 13.83934, 15.32965],
			"to": [16.49, 15.90305, 20.47965],
			"rotation": {
				"angle": 22.5,
				"axis": "x",
				"origin": [12, 14.8712, 19.05465]
			},
			"faces": {
				"north": {
					"uv": [8.125, 6.375, 9.25, 6.625],
					"texture": "#2"
				},
				"east": {
					"uv": [9.75, 5.25, 10.375, 5.5],
					"texture": "#2"
				},
				"south": {
					"uv": [8.125, 6.75, 9.25, 7],
					"texture": "#2"
				},
				"west": {
					"uv": [10, 0.75, 10.625, 1],
					"texture": "#2"
				},
				"up": {
					"uv": [7.125, 2.5, 6, 1.875],
					"texture": "#2"
				},
				"down": {
					"uv": [7.125, 2.625, 6, 3.25],
					"texture": "#2"
				}
			}
		},
		{
			"from": [7.5, 9.8, 13.94437],
			"to": [16.5, 17.25, 16.00807],
			"rotation": {
				"angle": 0,
				"axis": "y",
				"origin": [12, 9, 16.60122]
			},
			"faces": {
				"north": {
					"uv": [0, 4, 1.125, 4.9375],
					"texture": "#2"
				},
				"east": {
					"uv": [5.875, 9.25, 6.125, 10.1875],
					"texture": "#2"
				},
				"south": {
					"uv": [4.5, 0, 5.625, 0.9375],
					"texture": "#2"
				},
				"west": {
					"uv": [1, 9.75, 1.25, 10.6875],
					"texture": "#2"
				},
				"up": {
					"uv": [9.25, 7.375, 8.125, 7.125],
					"texture": "#2"
				},
				"down": {
					"uv": [9.375, 0.375, 8.25, 0.625],
					"texture": "#2"
				}
			}
		},
		{
			"from": [10, 16.20944, 13.97096],
			"to": [14, 17.70944, 18.23467],
			"rotation": {
				"angle": 0,
				"axis": "y",
				"origin": [12, 14.3128, 15.97586]
			},
			"faces": {
				"north": {
					"uv": [10.25, 8.375, 10.75, 8.5625],
					"texture": "#2"
				},
				"east": {
					"uv": [10.125, 9, 10.6875, 9.1875],
					"texture": "#2"
				},
				"south": {
					"uv": [10.125, 10.25, 10.625, 10.4375],
					"texture": "#2"
				},
				"west": {
					"uv": [10.125, 9.375, 10.6875, 9.5625],
					"texture": "#2"
				},
				"up": {
					"uv": [7, 8.8125, 6.5, 8.25],
					"texture": "#2"
				},
				"down": {
					"uv": [8.75, 7.5, 8.25, 8.0625],
					"texture": "#2"
				}
			}
		},
		{
			"from": [10.01, 16.0252, 17.58184],
			"to": [13.99, 17.5252, 21.39555],
			"rotation": {
				"angle": 22.5,
				"axis": "x",
				"origin": [12, 15.97632, 18.37137]
			},
			"faces": {
				"north": {
					"uv": [10.375, 0.25, 10.875, 0.4375],
					"texture": "#2"
				},
				"east": {
					"uv": [10.375, 2.875, 10.875, 3.0625],
					"texture": "#2"
				},
				"south": {
					"uv": [10.375, 3.25, 10.875, 3.4375],
					"texture": "#2"
				},
				"west": {
					"uv": [10.375, 3.625, 10.875, 3.8125],
					"texture": "#2"
				},
				"up": {
					"uv": [8.75, 8.75, 8.25, 8.25],
					"texture": "#2"
				},
				"down": {
					"uv": [1, 8.375, 0.5, 8.875],
					"texture": "#2"
				}
			}
		},
		{
			"from": [10, 7, 14.94437],
			"to": [14, 16.25, 21.75807],
			"rotation": {
				"angle": 0,
				"axis": "y",
				"origin": [12, 9, 16.60122]
			},
			"faces": {
				"north": {
					"uv": [6, 6.125, 6.5, 7.3125],
					"texture": "#2"
				},
				"east": {
					"uv": [1.25, 4, 2.125, 5.1875],
					"texture": "#2"
				},
				"south": {
					"uv": [5.375, 6.25, 5.875, 7.4375],
					"texture": "#2"
				},
				"west": {
					"uv": [4.5, 1.125, 5.375, 2.3125],
					"texture": "#2"
				},
				"up": {
					"uv": [0.5, 7.5, 0, 6.625],
					"texture": "#2"
				},
				"down": {
					"uv": [7.25, 0.75, 6.75, 1.625],
					"texture": "#2"
				}
			}
		},
		{
			"from": [7.5, 5, 15.94437],
			"to": [16.5, 15.25, 20.75807],
			"rotation": {
				"angle": 0,
				"axis": "y",
				"origin": [12, 9, 16.60122]
			},
			"faces": {
				"north": {
					"uv": [2.25, 3.75, 3.375, 5.0625],
					"texture": "#2"
				},
				"east": {
					"uv": [0, 5.125, 0.625, 6.4375],
					"texture": "#2"
				},
				"south": {
					"uv": [3.5, 3.75, 4.625, 5.0625],
					"texture": "#2"
				},
				"west": {
					"uv": [2.25, 5.25, 2.875, 6.5625],
					"texture": "#2"
				},
				"up": {
					"uv": [7.125, 4, 6, 3.375],
					"texture": "#2"
				},
				"down": {
					"uv": [7.125, 4.125, 6, 4.75],
					"texture": "#2"
				}
			}
		},
		{
			"from": [8, 1, 13.94437],
			"to": [16, 15, 17.25807],
			"rotation": {
				"angle": 0,
				"axis": "y",
				"origin": [12, 9, 16.60122]
			},
			"faces": {
				"north": {
					"uv": [0, 2.125, 1, 3.875],
					"texture": "#2"
				},
				"east": {
					"uv": [3, 5.25, 3.4375, 7],
					"texture": "#2"
				},
				"south": {
					"uv": [1.125, 2.125, 2.125, 3.875],
					"texture": "#2"
				},
				"west": {
					"uv": [3.625, 5.25, 4.0625, 7],
					"texture": "#2"
				},
				"up": {
					"uv": [5.25, 7.1875, 4.25, 6.75],
					"texture": "#2"
				},
				"down": {
					"uv": [8, 0, 7, 0.4375],
					"texture": "#2"
				}
			}
		},
		{
			"from": [8.70711, 1, 14.23726],
			"to": [16.70711, 15, 17.55097],
			"rotation": {
				"angle": 45,
				"axis": "y",
				"origin": [12, 9, 16.60122]
			},
			"faces": {
				"north": {
					"uv": [2.25, 0, 3.25, 1.75],
					"texture": "#2"
				},
				"east": {
					"uv": [0.75, 5.375, 1.1875, 7.125],
					"texture": "#2"
				},
				"south": {
					"uv": [2.25, 1.875, 3.25, 3.625],
					"texture": "#2"
				},
				"west": {
					"uv": [1.375, 5.375, 1.8125, 7.125],
					"texture": "#2"
				},
				"up": {
					"uv": [3, 7.5625, 2, 7.125],
					"texture": "#2"
				},
				"down": {
					"uv": [4.125, 7.125, 3.125, 7.5625],
					"texture": "#2"
				}
			}
		},
		{
			"from": [10.34315, 1, 11.60122],
			"to": [13.65685, 17, 19.60122],
			"rotation": {
				"angle": 0,
				"axis": "y",
				"origin": [12, 9, 16.60122]
			},
			"faces": {
				"north": {
					"uv": [4.75, 2.5, 5.1875, 4.5],
					"texture": "#2"
				},
				"east": {
					"uv": [0, 0, 1, 2],
					"texture": "#2"
				},
				"south": {
					"uv": [4.75, 4.625, 5.1875, 6.625],
					"texture": "#2"
				},
				"west": {
					"uv": [1.125, 0, 2.125, 2],
					"texture": "#2"
				},
				"up": {
					"uv": [7.0625, 8.125, 6.625, 7.125],
					"texture": "#2"
				},
				"down": {
					"uv": [1.0625, 7.25, 0.625, 8.25],
					"texture": "#2"
				}
			}
		},
		{
			"from": [11.05025, 1, 11.89411],
			"to": [14.36396, 15, 19.89411],
			"rotation": {
				"angle": 45,
				"axis": "y",
				"origin": [12, 9, 16.60122]
			},
			"faces": {
				"north": {
					"uv": [5.375, 2.5, 5.8125, 4.25],
					"texture": "#2"
				},
				"east": {
					"uv": [3.375, 0, 4.375, 1.75],
					"texture": "#2"
				},
				"south": {
					"uv": [5.375, 4.375, 5.8125, 6.125],
					"texture": "#2"
				},
				"west": {
					"uv": [3.375, 1.875, 4.375, 3.625],
					"texture": "#2"
				},
				"up": {
					"uv": [1.6875, 8.25, 1.25, 7.25],
					"texture": "#2"
				},
				"down": {
					"uv": [7.6875, 1.75, 7.25, 2.75],
					"texture": "#2"
				}
			}
		},
		{
			"from": [11, 1, 4],
			"to": [13, 6, 5],
			"rotation": {
				"angle": 0,
				"axis": "y",
				"origin": [11, 8, 8]
			},
			"faces": {
				"north": {
					"uv": [8.875, 2.25, 9.125, 2.5],
					"texture": "#2"
				},
				"east": {
					"uv": [4.5, 2.5, 4.625, 2.75],
					"texture": "#2"
				},
				"south": {
					"uv": [0, 10.625, 0.25, 10.875],
					"texture": "#2"
				},
				"west": {
					"uv": [4.5, 2.875, 4.625, 3.125],
					"texture": "#2"
				},
				"up": {
					"uv": [9.625, 7.375, 9.375, 7.25],
					"texture": "#2"
				},
				"down": {
					"uv": [3, 10.75, 2.75, 10.875],
					"texture": "#2"
				}
			}
		},
		{
			"from": [11, 3, 5],
			"to": [13, 6, 12],
			"rotation": {
				"angle": 0,
				"axis": "y",
				"origin": [11, 8, 8]
			},
			"faces": {
				"north": {
					"uv": [10.375, 4, 10.625, 4.375],
					"texture": "#2"
				},
				"east": {
					"uv": [7.375, 1.25, 8.375, 1.625],
					"texture": "#2"
				},
				"south": {
					"uv": [5.875, 10.375, 6.125, 10.75],
					"texture": "#2"
				},
				"west": {
					"uv": [5.125, 7.625, 6.125, 8],
					"texture": "#2"
				},
				"up": {
					"uv": [4.5, 6.25, 4.25, 5.25],
					"texture": "#2"
				},
				"down": {
					"uv": [6.125, 8.125, 5.875, 9.125],
					"texture": "#2"
				}
			}
		}
	]
}