{
	"textures": {
		"5": "animated_java:blueprint/mech_torso/drill",
		"particle": "minecraft:item/pufferfish"
	},
	"display": {
		"head": {
			"rotation": [0, 180, 0]
		}
	},
	"elements": [
		{
			"from": [11.50723, 2.88051, 6.66855],
			"to": [12.16133, 11.38388, 9.28497],
			"rotation": {
				"angle": 0,
				"axis": "y",
				"origin": [12.16133, 8.11335, 7.97676]
			},
			"faces": {
				"north": {
					"uv": [11.625, 10.25, 11.75, 11.875],
					"texture": "#5"
				},
				"east": {
					"uv": [3.75, 6.125, 4.25, 7.75],
					"texture": "#5"
				},
				"south": {
					"uv": [11.75, 0, 11.875, 1.625],
					"texture": "#5"
				},
				"west": {
					"uv": [0, 6.25, 0.5, 7.875],
					"texture": "#5"
				},
				"up": {
					"uv": [4.125, 10.25, 4, 9.75],
					"texture": "#5"
				},
				"down": {
					"uv": [12.125, 1.125, 12, 1.625],
					"texture": "#5"
				}
			}
		},
		{
			"from": [6.27438, 6.15755, 4.70623],
			"to": [11.50723, 15.31503, 11.24729],
			"rotation": {
				"angle": 0,
				"axis": "y",
				"origin": [12.16133, 8.11335, 7.97676]
			},
			"faces": {
				"north": {
					"uv": [3, 0, 4, 1.75],
					"texture": "#5"
				},
				"east": {
					"uv": [1.625, 0, 2.875, 1.75],
					"texture": "#5"
				},
				"south": {
					"uv": [3, 1.875, 4, 3.625],
					"texture": "#5"
				},
				"west": {
					"uv": [1.625, 1.875, 2.875, 3.625],
					"texture": "#5"
				},
				"up": {
					"uv": [1, 4.5, 0, 3.25],
					"texture": "#5"
				},
				"down": {
					"uv": [2.125, 3.75, 1.125, 5],
					"texture": "#5"
				}
			}
		},
		{
			"from": [5.62028, 7.45924, 6.66855],
			"to": [6.27438, 13.34619, 9.28497],
			"rotation": {
				"angle": 0,
				"axis": "y",
				"origin": [12.16133, 8.11335, 7.97676]
			},
			"faces": {
				"north": {
					"uv": [7.625, 12.5, 7.75, 13.625],
					"texture": "#5"
				},
				"east": {
					"uv": [8.5, 6.125, 9, 7.25],
					"texture": "#5"
				},
				"south": {
					"uv": [10.625, 12.5, 10.75, 13.625],
					"texture": "#5"
				},
				"west": {
					"uv": [7.625, 8.5, 8.125, 9.625],
					"texture": "#5"
				},
				"up": {
					"uv": [11, 13.5, 10.875, 13],
					"texture": "#5"
				},
				"down": {
					"uv": [11.25, 13, 11.125, 13.5],
					"texture": "#5"
				}
			}
		},
		{
			"from": [7.5826, 6.80514, 4.05213],
			"to": [10.19902, 14.6544, 11.90139],
			"rotation": {
				"angle": 0,
				"axis": "y",
				"origin": [12.16133, 8.11335, 7.97676]
			},
			"faces": {
				"north": {
					"uv": [6.5, 1.5, 7, 3],
					"texture": "#5"
				},
				"east": {
					"uv": [0, 0, 1.5, 1.5],
					"texture": "#5"
				},
				"south": {
					"uv": [0.625, 6.75, 1.125, 8.25],
					"texture": "#5"
				},
				"west": {
					"uv": [0, 1.625, 1.5, 3.125],
					"texture": "#5"
				},
				"up": {
					"uv": [1.75, 8.25, 1.25, 6.75],
					"texture": "#5"
				},
				"down": {
					"uv": [7.25, 6, 6.75, 7.5],
					"texture": "#5"
				}
			}
		},
		{
			"from": [7.5826, 12.85377, 8.73593],
			"to": [10.19902, 20.70304, 10.69824],
			"rotation": {
				"angle": -22.5,
				"axis": "x",
				"origin": [8.89081, 16.7784, 6.77361]
			},
			"faces": {
				"north": {
					"uv": [4.375, 6.875, 4.875, 8.375],
					"texture": "#5"
				},
				"east": {
					"uv": [8.25, 8.5, 8.625, 10],
					"texture": "#5"
				},
				"south": {
					"uv": [7.125, 1.5, 7.625, 3],
					"texture": "#5"
				},
				"west": {
					"uv": [8.75, 2.375, 9.125, 3.875],
					"texture": "#5"
				},
				"up": {
					"uv": [7.25, 5.125, 6.75, 4.75],
					"texture": "#5"
				},
				"down": {
					"uv": [12.125, 4, 11.625, 4.375],
					"texture": "#5"
				}
			}
		},
		{
			"from": [7.5826, 15.10661, 5.70339],
			"to": [10.19902, 22.95587, 8.31981],
			"rotation": {
				"angle": 22.5,
				"axis": "x",
				"origin": [8.89081, 19.03124, 3.74107]
			},
			"faces": {
				"north": {
					"uv": [7.125, 3.125, 7.625, 4.625],
					"texture": "#5"
				},
				"east": {
					"uv": [7.375, 4.75, 7.875, 6.25],
					"texture": "#5"
				},
				"south": {
					"uv": [7.375, 6.375, 7.875, 7.875],
					"texture": "#5"
				},
				"west": {
					"uv": [5, 7.625, 5.5, 9.125],
					"texture": "#5"
				},
				"up": {
					"uv": [4.625, 3.625, 4.125, 3.125],
					"texture": "#5"
				},
				"down": {
					"uv": [7, 3.125, 6.5, 3.625],
					"texture": "#5"
				}
			}
		},
		{
			"from": [11.50723, -1.04413, 6.01444],
			"to": [12.16133, 2.88051, 9.93908],
			"rotation": {
				"angle": 0,
				"axis": "y",
				"origin": [12.16133, 8.11335, 7.97676]
			},
			"faces": {
				"north": {
					"uv": [12.5, 12.375, 12.625, 13.125],
					"texture": "#5"
				},
				"east": {
					"uv": [8.75, 8.5, 9.5, 9.25],
					"texture": "#5"
				},
				"south": {
					"uv": [12.625, 0.75, 12.75, 1.5],
					"texture": "#5"
				},
				"west": {
					"uv": [9, 4, 9.75, 4.75],
					"texture": "#5"
				},
				"up": {
					"uv": [12.75, 2.375, 12.625, 1.625],
					"texture": "#5"
				},
				"down": {
					"uv": [12.75, 2.5, 12.625, 3.25],
					"texture": "#5"
				}
			}
		},
		{
			"from": [5.2591, 2.88051, 4.18443],
			"to": [7.87552, 6.15103, 4.83853],
			"rotation": {
				"angle": 22.5,
				"axis": "y",
				"origin": [7.09202, 8.11335, 5.19681]
			},
			"faces": {
				"north": {
					"uv": [6.125, 4.5, 6.625, 5.125],
					"texture": "#5"
				},
				"east": {
					"uv": [5, 6.875, 5.125, 7.5],
					"texture": "#5"
				},
				"south": {
					"uv": [9.25, 3.25, 9.75, 3.875],
					"texture": "#5"
				},
				"west": {
					"uv": [4.75, 8.5, 4.875, 9.125],
					"texture": "#5"
				},
				"up": {
					"uv": [10.625, 1.25, 10.125, 1.125],
					"texture": "#5"
				},
				"down": {
					"uv": [11, 5.25, 10.5, 5.375],
					"texture": "#5"
				}
			}
		},
		{
			"from": [5.2591, 6.15103, 4.18443],
			"to": [7.87552, 11.38388, 6.80085],
			"rotation": {
				"angle": 22.5,
				"axis": "y",
				"origin": [7.09202, 8.11335, 5.19681]
			},
			"faces": {
				"north": {
					"uv": [4.75, 9.25, 5.25, 10.25],
					"texture": "#5"
				},
				"east": {
					"uv": [8.75, 9.375, 9.25, 10.375],
					"texture": "#5"
				},
				"south": {
					"uv": [9.375, 9.375, 9.875, 10.375],
					"texture": "#5"
				},
				"west": {
					"uv": [5.375, 9.5, 5.875, 10.5],
					"texture": "#5"
				},
				"up": {
					"uv": [9, 7.875, 8.5, 7.375],
					"texture": "#5"
				},
				"down": {
					"uv": [11.625, 1.5, 11.125, 2],
					"texture": "#5"
				}
			}
		},
		{
			"from": [4.605, -1.04413, 4.18443],
			"to": [8.52963, 2.88051, 4.83853],
			"rotation": {
				"angle": 22.5,
				"axis": "y",
				"origin": [7.09202, 8.11335, 5.19681]
			},
			"faces": {
				"north": {
					"uv": [9, 4.875, 9.75, 5.625],
					"texture": "#5"
				},
				"east": {
					"uv": [12.625, 3.375, 12.75, 4.125],
					"texture": "#5"
				},
				"south": {
					"uv": [9.125, 5.75, 9.875, 6.5],
					"texture": "#5"
				},
				"west": {
					"uv": [6.375, 12.625, 6.5, 13.375],
					"texture": "#5"
				},
				"up": {
					"uv": [9, 1.625, 8.25, 1.5],
					"texture": "#5"
				},
				"down": {
					"uv": [13.25, 7.5, 12.5, 7.625],
					"texture": "#5"
				}
			}
		},
		{
			"from": [5.2591, 2.88051, 11.11499],
			"to": [7.87552, 6.15103, 11.76909],
			"rotation": {
				"angle": -22.5,
				"axis": "y",
				"origin": [7.09202, 8.11335, 10.75671]
			},
			"faces": {
				"north": {
					"uv": [11.125, 0, 11.625, 0.625],
					"texture": "#5"
				},
				"east": {
					"uv": [13, 9.875, 13.125, 10.5],
					"texture": "#5"
				},
				"south": {
					"uv": [11.125, 0.75, 11.625, 1.375],
					"texture": "#5"
				},
				"west": {
					"uv": [13, 10.625, 13.125, 11.25],
					"texture": "#5"
				},
				"up": {
					"uv": [13.375, 3.875, 12.875, 3.75],
					"texture": "#5"
				},
				"down": {
					"uv": [13.375, 4, 12.875, 4.125],
					"texture": "#5"
				}
			}
		},
		{
			"from": [5.2591, 6.15103, 9.15267],
			"to": [7.87552, 11.38388, 11.76909],
			"rotation": {
				"angle": -22.5,
				"axis": "y",
				"origin": [7.09202, 8.11335, 10.75671]
			},
			"faces": {
				"north": {
					"uv": [6, 9.5, 6.5, 10.5],
					"texture": "#5"
				},
				"east": {
					"uv": [9.625, 7.5, 10.125, 8.5],
					"texture": "#5"
				},
				"south": {
					"uv": [3.375, 9.75, 3.875, 10.75],
					"texture": "#5"
				},
				"west": {
					"uv": [7.625, 9.75, 8.125, 10.75],
					"texture": "#5"
				},
				"up": {
					"uv": [11.625, 5.75, 11.125, 5.25],
					"texture": "#5"
				},
				"down": {
					"uv": [11.625, 5.875, 11.125, 6.375],
					"texture": "#5"
				}
			}
		},
		{
			"from": [4.605, -1.04413, 11.11499],
			"to": [8.52963, 2.88051, 11.76909],
			"rotation": {
				"angle": -22.5,
				"axis": "y",
				"origin": [7.09202, 8.11335, 10.75671]
			},
			"faces": {
				"north": {
					"uv": [9.125, 6.625, 9.875, 7.375],
					"texture": "#5"
				},
				"east": {
					"uv": [6.625, 12.625, 6.75, 13.375],
					"texture": "#5"
				},
				"south": {
					"uv": [9.25, 2.375, 10, 3.125],
					"texture": "#5"
				},
				"west": {
					"uv": [6.875, 12.625, 7, 13.375],
					"texture": "#5"
				},
				"up": {
					"uv": [13.375, 4.375, 12.625, 4.25],
					"texture": "#5"
				},
				"down": {
					"uv": [13.375, 7.75, 12.625, 7.875],
					"texture": "#5"
				}
			}
		}
	]
}