{
	"textures": {
		"6": "animated_java:blueprint/mech_torso/mech_interior",
		"particle": "minecraft:item/pufferfish"
	},
	"display": {
		"head": {
			"rotation": [0, 180, 0]
		}
	},
	"elements": [
		{
			"from": [3, 5.44975, 1.19167],
			"to": [11, 17.44975, 5.19167],
			"rotation": {
				"angle": 0,
				"axis": "y",
				"origin": [8, 8, 4]
			},
			"faces": {
				"north": {
					"uv": [0, 0, 0.375, 0.25],
					"rotation": 90,
					"texture": "#6"
				},
				"east": {
					"uv": [0, 0, 0.125, 0.375],
					"rotation": 180,
					"texture": "#6"
				},
				"south": {
					"uv": [0, 0, 0.375, 0.25],
					"rotation": 270,
					"texture": "#6"
				},
				"west": {
					"uv": [0, 0, 0.125, 0.375],
					"texture": "#6"
				},
				"up": {
					"uv": [0, 0, 0.125, 0.25],
					"rotation": 270,
					"texture": "#6"
				},
				"down": {
					"uv": [0, 0, 0.125, 0.25],
					"rotation": 270,
					"texture": "#6"
				}
			}
		},
		{
			"from": [0.5, 6.05311, 4.11359],
			"to": [1.5, 11.05311, 8.11359],
			"rotation": {
				"angle": 22.5,
				"axis": "x",
				"origin": [7, 7.48886, 5.00497]
			},
			"faces": {
				"north": {
					"uv": [0, 0, 0.15625, 0.03125],
					"rotation": 90,
					"texture": "#6"
				},
				"east": {
					"uv": [0, 0, 0.15625, 0.125],
					"rotation": 270,
					"texture": "#6"
				},
				"south": {
					"uv": [0, 0, 0.15625, 0.03125],
					"rotation": 270,
					"texture": "#6"
				},
				"west": {
					"uv": [0, 0, 0.15625, 0.125],
					"rotation": 270,
					"texture": "#6"
				},
				"up": {
					"uv": [0, 0, 0.125, 0.03125],
					"rotation": 270,
					"texture": "#6"
				},
				"down": {
					"uv": [0, 0, 0.125, 0.03125],
					"rotation": 270,
					"texture": "#6"
				}
			}
		},
		{
			"from": [-1, 4.48886, 3.00497],
			"to": [3, 18.48886, 7.00497],
			"rotation": {
				"angle": -22.5,
				"axis": "x",
				"origin": [7, 7.48886, 5.00497]
			},
			"faces": {
				"north": {
					"uv": [0, 0, 0.4375, 0.125],
					"rotation": 90,
					"texture": "#6"
				},
				"east": {
					"uv": [0, 0, 0.125, 0.4375],
					"rotation": 180,
					"texture": "#6"
				},
				"south": {
					"uv": [0, 0, 0.4375, 0.125],
					"rotation": 270,
					"texture": "#6"
				},
				"west": {
					"uv": [0, 0, 0.125, 0.4375],
					"texture": "#6"
				},
				"up": {
					"uv": [0, 0, 0.125, 0.125],
					"rotation": 270,
					"texture": "#6"
				},
				"down": {
					"uv": [0, 0, 0.125, 0.125],
					"rotation": 270,
					"texture": "#6"
				}
			}
		},
		{
			"from": [-1, 13.44975, -0.80833],
			"to": [3, 18.44975, 3.19167],
			"rotation": {
				"angle": 0,
				"axis": "y",
				"origin": [4, 7, 1]
			},
			"faces": {
				"north": {
					"uv": [0, 0, 0.15625, 0.125],
					"rotation": 90,
					"texture": "#6"
				},
				"east": {
					"uv": [0, 0, 0.125, 0.15625],
					"rotation": 180,
					"texture": "#6"
				},
				"south": {
					"uv": [0, 0, 0.15625, 0.125],
					"rotation": 270,
					"texture": "#6"
				},
				"west": {
					"uv": [0, 0, 0.125, 0.15625],
					"texture": "#6"
				},
				"up": {
					"uv": [0, 0, 0.125, 0.125],
					"rotation": 270,
					"texture": "#6"
				},
				"down": {
					"uv": [0, 0, 0.125, 0.125],
					"rotation": 270,
					"texture": "#6"
				}
			}
		},
		{
			"from": [11, 13.44975, -0.80833],
			"to": [15, 18.44975, 3.19167],
			"rotation": {
				"angle": 0,
				"axis": "y",
				"origin": [16, 7, 1]
			},
			"faces": {
				"north": {
					"uv": [0, 0, 0.15625, 0.125],
					"rotation": 90,
					"texture": "#6"
				},
				"east": {
					"uv": [0, 0, 0.125, 0.15625],
					"rotation": 180,
					"texture": "#6"
				},
				"south": {
					"uv": [0, 0, 0.15625, 0.125],
					"rotation": 270,
					"texture": "#6"
				},
				"west": {
					"uv": [0, 0, 0.125, 0.15625],
					"texture": "#6"
				},
				"up": {
					"uv": [0, 0, 0.125, 0.125],
					"rotation": 270,
					"texture": "#6"
				},
				"down": {
					"uv": [0, 0, 0.125, 0.125],
					"rotation": 270,
					"texture": "#6"
				}
			}
		},
		{
			"from": [-1.5, 2.48886, 2.50497],
			"to": [3.5, 4.48886, 7.50497],
			"rotation": {
				"angle": -22.5,
				"axis": "x",
				"origin": [7, 7.48886, 5.00497]
			},
			"faces": {
				"north": {
					"uv": [0, 0, 0.0625, 0.15625],
					"rotation": 90,
					"texture": "#6"
				},
				"east": {
					"uv": [0, 0, 0.15625, 0.0625],
					"rotation": 180,
					"texture": "#6"
				},
				"south": {
					"uv": [0, 0, 0.0625, 0.15625],
					"rotation": 270,
					"texture": "#6"
				},
				"west": {
					"uv": [0, 0, 0.15625, 0.0625],
					"texture": "#6"
				},
				"up": {
					"uv": [0, 0, 0.15625, 0.15625],
					"rotation": 270,
					"texture": "#6"
				},
				"down": {
					"uv": [0, 0, 0.15625, 0.15625],
					"rotation": 270,
					"texture": "#6"
				}
			}
		},
		{
			"from": [10.5, 2.48886, 2.50497],
			"to": [15.5, 4.48886, 7.50497],
			"rotation": {
				"angle": -22.5,
				"axis": "x",
				"origin": [7, 7.48886, 5.00497]
			},
			"faces": {
				"north": {
					"uv": [0, 0, 0.0625, 0.15625],
					"rotation": 90,
					"texture": "#6"
				},
				"east": {
					"uv": [0, 0, 0.15625, 0.0625],
					"rotation": 180,
					"texture": "#6"
				},
				"south": {
					"uv": [0, 0, 0.0625, 0.15625],
					"rotation": 270,
					"texture": "#6"
				},
				"west": {
					"uv": [0, 0, 0.15625, 0.0625],
					"texture": "#6"
				},
				"up": {
					"uv": [0, 0, 0.15625, 0.15625],
					"rotation": 270,
					"texture": "#6"
				},
				"down": {
					"uv": [0, 0, 0.15625, 0.15625],
					"rotation": 270,
					"texture": "#6"
				}
			}
		},
		{
			"from": [11, 4.48886, 3.00497],
			"to": [15, 18.48886, 7.00497],
			"rotation": {
				"angle": -22.5,
				"axis": "x",
				"origin": [7, 7.48886, 5.00497]
			},
			"faces": {
				"north": {
					"uv": [0, 0, 0.4375, 0.125],
					"rotation": 90,
					"texture": "#6"
				},
				"east": {
					"uv": [0, 0, 0.125, 0.4375],
					"rotation": 180,
					"texture": "#6"
				},
				"south": {
					"uv": [0, 0, 0.4375, 0.125],
					"rotation": 270,
					"texture": "#6"
				},
				"west": {
					"uv": [0, 0, 0.125, 0.4375],
					"texture": "#6"
				},
				"up": {
					"uv": [0, 0, 0.125, 0.125],
					"rotation": 270,
					"texture": "#6"
				},
				"down": {
					"uv": [0, 0, 0.125, 0.125],
					"rotation": 270,
					"texture": "#6"
				}
			}
		},
		{
			"from": [12.5, 6.05311, 4.11359],
			"to": [13.5, 11.05311, 8.11359],
			"rotation": {
				"angle": 22.5,
				"axis": "x",
				"origin": [7, 7.48886, 5.00497]
			},
			"faces": {
				"north": {
					"uv": [0, 0, 0.15625, 0.03125],
					"rotation": 90,
					"texture": "#6"
				},
				"east": {
					"uv": [0, 0, 0.15625, 0.125],
					"rotation": 270,
					"texture": "#6"
				},
				"south": {
					"uv": [0, 0, 0.15625, 0.03125],
					"rotation": 270,
					"texture": "#6"
				},
				"west": {
					"uv": [0, 0, 0.15625, 0.125],
					"rotation": 270,
					"texture": "#6"
				},
				"up": {
					"uv": [0, 0, 0.125, 0.03125],
					"rotation": 270,
					"texture": "#6"
				},
				"down": {
					"uv": [0, 0, 0.125, 0.03125],
					"rotation": 270,
					"texture": "#6"
				}
			}
		},
		{
			"from": [5, 6.44975, 5.19167],
			"to": [9, 16.44975, 6.19167],
			"rotation": {
				"angle": 0,
				"axis": "y",
				"origin": [8, 8, 8]
			},
			"faces": {
				"north": {
					"uv": [0, 0, 0.3125, 0.125],
					"rotation": 90,
					"texture": "#6"
				},
				"east": {
					"uv": [0, 0, 0.03125, 0.3125],
					"rotation": 180,
					"texture": "#6"
				},
				"south": {
					"uv": [0, 0, 0.3125, 0.125],
					"rotation": 270,
					"texture": "#6"
				},
				"west": {
					"uv": [0, 0, 0.03125, 0.3125],
					"texture": "#6"
				},
				"up": {
					"uv": [0, 0, 0.03125, 0.125],
					"rotation": 270,
					"texture": "#6"
				},
				"down": {
					"uv": [0, 0, 0.03125, 0.125],
					"rotation": 270,
					"texture": "#6"
				}
			}
		}
	]
}