{
	"textures": {
		"1": "animated_java:blueprint/mech_torso/mech",
		"particle": "minecraft:item/pufferfish"
	},
	"display": {
		"head": {
			"rotation": [0, 180, 0]
		}
	},
	"elements": [
		{
			"from": [5.5, 6.5, 9],
			"to": [6.5, 8.5, 11],
			"rotation": {
				"angle": 0,
				"axis": "y",
				"origin": [6, 8.5, 8.5]
			},
			"faces": {
				"north": {
					"uv": [7.125, 10.0625, 7.0625, 10.1875],
					"texture": "#1"
				},
				"east": {
					"uv": [3.25, 9.9375, 3.125, 10.0625],
					"texture": "#1"
				},
				"south": {
					"uv": [7.4375, 10.0625, 7.375, 10.1875],
					"texture": "#1"
				},
				"west": {
					"uv": [9.375, 2.125, 9.25, 2.25],
					"texture": "#1"
				},
				"up": {
					"uv": [7.5, 10.1875, 7.5625, 10.0625],
					"texture": "#1"
				},
				"down": {
					"uv": [8.25, 10.0625, 8.3125, 10.1875],
					"texture": "#1"
				}
			}
		},
		{
			"from": [4.35195, 2.22836, 5],
			"to": [7.35195, 3.22836, 7],
			"rotation": {
				"angle": 0,
				"axis": "y",
				"origin": [7.35195, 2.22836, 6]
			},
			"faces": {
				"north": {
					"uv": [1.9375, 7.625, 1.75, 7.6875],
					"texture": "#1"
				},
				"east": {
					"uv": [7.1875, 2.5, 7.0625, 2.5625],
					"texture": "#1"
				},
				"south": {
					"uv": [8.5, 6.3125, 8.3125, 6.375],
					"texture": "#1"
				},
				"west": {
					"uv": [5.9375, 6.5625, 5.8125, 6.625],
					"texture": "#1"
				},
				"up": {
					"uv": [9.875, 0.625, 10.0625, 0.5],
					"texture": "#1"
				},
				"down": {
					"uv": [9.875, 1.5625, 10.0625, 1.6875],
					"texture": "#1"
				}
			}
		},
		{
			"from": [7.34672, 2.2294, 5],
			"to": [8.34672, 5.2294, 7],
			"rotation": {
				"angle": -22.5,
				"axis": "z",
				"origin": [7.84672, 4.7294, 6]
			},
			"faces": {
				"north": {
					"uv": [8.5625, 4.4375, 8.5, 4.625],
					"texture": "#1"
				},
				"east": {
					"uv": [10, 1.3125, 9.875, 1.5],
					"texture": "#1"
				},
				"south": {
					"uv": [9.4375, 0, 9.375, 0.1875],
					"texture": "#1"
				},
				"west": {
					"uv": [10, 1.0625, 9.875, 1.25],
					"texture": "#1"
				},
				"up": {
					"uv": [9.4375, 10.1875, 9.5, 10.0625],
					"texture": "#1"
				},
				"down": {
					"uv": [10, 10.0625, 10.0625, 10.1875],
					"texture": "#1"
				}
			}
		},
		{
			"from": [4.35195, 2.22836, 9],
			"to": [7.35195, 3.22836, 11],
			"rotation": {
				"angle": 0,
				"axis": "y",
				"origin": [7.35195, 2.22836, 10]
			},
			"faces": {
				"north": {
					"uv": [8.75, 6.75, 8.5625, 6.8125],
					"texture": "#1"
				},
				"east": {
					"uv": [4.5625, 7.875, 4.4375, 7.9375],
					"texture": "#1"
				},
				"south": {
					"uv": [9, 8.5, 8.8125, 8.5625],
					"texture": "#1"
				},
				"west": {
					"uv": [7.4375, 0.5, 7.3125, 0.5625],
					"texture": "#1"
				},
				"up": {
					"uv": [9.875, 2.375, 10.0625, 2.25],
					"texture": "#1"
				},
				"down": {
					"uv": [9.875, 2.4375, 10.0625, 2.5625],
					"texture": "#1"
				}
			}
		},
		{
			"from": [7.34672, 2.2294, 9],
			"to": [8.34672, 5.2294, 11],
			"rotation": {
				"angle": -22.5,
				"axis": "z",
				"origin": [7.84672, 4.7294, 10]
			},
			"faces": {
				"north": {
					"uv": [3.9375, 10, 3.875, 10.1875],
					"texture": "#1"
				},
				"east": {
					"uv": [10, 2, 9.875, 2.1875],
					"texture": "#1"
				},
				"south": {
					"uv": [7.875, 10, 7.8125, 10.1875],
					"texture": "#1"
				},
				"west": {
					"uv": [10, 1.75, 9.875, 1.9375],
					"texture": "#1"
				},
				"up": {
					"uv": [0.125, 10.25, 0.1875, 10.125],
					"texture": "#1"
				},
				"down": {
					"uv": [0.25, 10.125, 0.3125, 10.25],
					"texture": "#1"
				}
			}
		},
		{
			"from": [4.42284, 3.88791, 5],
			"to": [5.42284, 6.88791, 7],
			"rotation": {
				"angle": 0,
				"axis": "y",
				"origin": [4.25989, 7.48294, 5]
			},
			"faces": {
				"north": {
					"uv": [8.25, 3.125, 8.1875, 3.3125],
					"texture": "#1"
				},
				"east": {
					"uv": [10, 0.8125, 9.875, 1],
					"texture": "#1"
				},
				"south": {
					"uv": [7.125, 8.375, 7.0625, 8.5625],
					"texture": "#1"
				},
				"west": {
					"uv": [10, 0.25, 9.875, 0.4375],
					"texture": "#1"
				},
				"up": {
					"uv": [8.375, 10.1875, 8.4375, 10.0625],
					"texture": "#1"
				},
				"down": {
					"uv": [10.0625, 8.5, 10.125, 8.625],
					"texture": "#1"
				}
			}
		},
		{
			"from": [4.5, 6.5, 5],
			"to": [6.5, 7.5, 7],
			"rotation": {
				"angle": 22.5,
				"axis": "z",
				"origin": [6, 7, 6]
			},
			"faces": {
				"north": {
					"uv": [8.625, 10.1875, 8.6875, 10.0625],
					"rotation": 90,
					"texture": "#1"
				},
				"east": {
					"uv": [8.9375, 10.0625, 8.875, 10.1875],
					"rotation": 270,
					"texture": "#1"
				},
				"south": {
					"uv": [8.75, 10.1875, 8.8125, 10.0625],
					"rotation": 270,
					"texture": "#1"
				},
				"west": {
					"uv": [9.375, 10.1875, 9.3125, 10.0625],
					"rotation": 270,
					"texture": "#1"
				},
				"up": {
					"uv": [9.9375, 4.6875, 10.0625, 4.5625],
					"rotation": 270,
					"texture": "#1"
				},
				"down": {
					"uv": [9.9375, 4.875, 10.0625, 4.75],
					"rotation": 270,
					"texture": "#1"
				}
			}
		},
		{
			"from": [4.35195, 2.22836, 7],
			"to": [7.35195, 3.22836, 9],
			"rotation": {
				"angle": 0,
				"axis": "y",
				"origin": [7.35195, 2.22836, 8]
			},
			"faces": {
				"north": {
					"uv": [2.6875, 4, 2.5, 4.0625],
					"texture": "#1"
				},
				"east": {
					"uv": [6, 2.625, 5.875, 2.6875],
					"texture": "#1"
				},
				"south": {
					"uv": [3.5, 6.75, 3.3125, 6.8125],
					"texture": "#1"
				},
				"west": {
					"uv": [2.4375, 5.875, 2.3125, 5.9375],
					"texture": "#1"
				},
				"up": {
					"uv": [7.5, 2.4375, 7.6875, 2.3125],
					"texture": "#1"
				},
				"down": {
					"uv": [8.5625, 7.875, 8.75, 8],
					"texture": "#1"
				}
			}
		},
		{
			"from": [7.34672, 2.2294, 7],
			"to": [8.34672, 5.2294, 9],
			"rotation": {
				"angle": -22.5,
				"axis": "z",
				"origin": [7.84672, 4.7294, 8]
			},
			"faces": {
				"north": {
					"uv": [5.125, 6.4375, 5.0625, 6.625],
					"texture": "#1"
				},
				"east": {
					"uv": [10, 0, 9.875, 0.1875],
					"texture": "#1"
				},
				"south": {
					"uv": [1.0625, 8.0625, 1, 8.25],
					"texture": "#1"
				},
				"west": {
					"uv": [9.9375, 9.6875, 9.8125, 9.875],
					"texture": "#1"
				},
				"up": {
					"uv": [6.0625, 3.4375, 6.125, 3.3125],
					"texture": "#1"
				},
				"down": {
					"uv": [7.8125, 7.4375, 7.875, 7.5625],
					"texture": "#1"
				}
			}
		},
		{
			"from": [5.5, 6.5, 5],
			"to": [6.5, 8.5, 9],
			"rotation": {
				"angle": 0,
				"axis": "y",
				"origin": [6, 8.5, 8.5]
			},
			"faces": {
				"north": {
					"uv": [4.75, 10.0625, 4.6875, 10.1875],
					"texture": "#1"
				},
				"east": {
					"uv": [9.875, 4.375, 9.625, 4.5],
					"texture": "#1"
				},
				"south": {
					"uv": [7, 10.0625, 6.9375, 10.1875],
					"texture": "#1"
				},
				"west": {
					"uv": [9.875, 2.8125, 9.625, 2.9375],
					"texture": "#1"
				},
				"up": {
					"uv": [2.9375, 6.25, 3, 6],
					"texture": "#1"
				},
				"down": {
					"uv": [2.1875, 6.5625, 2.25, 6.8125],
					"texture": "#1"
				}
			}
		},
		{
			"from": [6.5, 5, 5],
			"to": [8.5, 8.5, 11],
			"rotation": {
				"angle": 0,
				"axis": "y",
				"origin": [7.5, 8, 8]
			},
			"faces": {
				"north": {
					"uv": [9.9375, 9.0625, 9.8125, 9.28125],
					"texture": "#1"
				},
				"east": {
					"uv": [9.1875, 5.9375, 8.8125, 6.15625],
					"texture": "#1"
				},
				"south": {
					"uv": [9.9375, 9.375, 9.8125, 9.59375],
					"texture": "#1"
				},
				"west": {
					"uv": [9.1875, 5.625, 8.8125, 5.84375],
					"texture": "#1"
				},
				"up": {
					"uv": [9.4375, 2.9375, 9.5625, 2.5625],
					"texture": "#1"
				},
				"down": {
					"uv": [9.4375, 3.375, 9.5625, 3.75],
					"texture": "#1"
				}
			}
		}
	]
}