{
	"textures": {
		"0": "animated_java:blueprint/fabricator/fabricator",
		"particle": "minecraft:item/pufferfish"
	},
	"display": {
		"head": {
			"rotation": [0, 180, 0]
		}
	},
	"elements": [
		{
			"from": [3.10204, 31.02041, 10.93878],
			"to": [12.89796, 32, 11.91837],
			"rotation": {
				"angle": 0,
				"axis": "y",
				"origin": [8, 8, 8]
			},
			"faces": {
				"north": {
					"uv": [6.75, 5.75, 8, 5.875],
					"texture": "#0"
				},
				"east": {
					"uv": [7.75, 1, 7.875, 1.125],
					"texture": "#0"
				},
				"south": {
					"uv": [6.75, 5.875, 8, 6],
					"texture": "#0"
				},
				"west": {
					"uv": [7.75, 1.125, 7.875, 1.25],
					"texture": "#0"
				},
				"up": {
					"uv": [3.375, 7, 2.125, 6.875],
					"texture": "#0"
				},
				"down": {
					"uv": [6.5, 6.875, 5.25, 7],
					"texture": "#0"
				}
			}
		}
	]
}