{
	"textures": {
		"0": "animated_java:blueprint/fabricator/fabricator",
		"particle": "minecraft:item/pufferfish"
	},
	"display": {
		"head": {
			"rotation": [0, 180, 0]
		}
	},
	"elements": [
		{
			"from": [-2.50002, 7, 7.5],
			"to": [-1.50002, 9, 8.9142],
			"rotation": {
				"angle": -45,
				"axis": "y",
				"origin": [-2.00002, 8, 8]
			},
			"faces": {
				"north": {
					"uv": [5.125, 7.5, 5.25, 7.75],
					"texture": "#0"
				},
				"east": {
					"uv": [5.625, 7.5, 5.75, 7.75],
					"texture": "#0"
				},
				"south": {
					"uv": [5.75, 7.5, 5.875, 7.75],
					"texture": "#0"
				},
				"west": {
					"uv": [5.875, 7.5, 6, 7.75],
					"texture": "#0"
				},
				"up": {
					"uv": [7.75, 4.625, 7.625, 4.5],
					"texture": "#0"
				},
				"down": {
					"uv": [7.75, 4.625, 7.625, 4.75],
					"texture": "#0"
				}
			}
		},
		{
			"from": [-2.00001, 7, 7.29288],
			"to": [7.99999, 9, 8.29288],
			"rotation": {
				"angle": 0,
				"axis": "y",
				"origin": [2.99999, -16, 13.29288]
			},
			"faces": {
				"north": {
					"uv": [4, 3.75, 5.25, 4],
					"texture": "#0"
				},
				"east": {
					"uv": [3.875, 7.5, 4, 7.75],
					"texture": "#0"
				},
				"south": {
					"uv": [6, 1, 7.25, 1.25],
					"texture": "#0"
				},
				"west": {
					"uv": [4, 7.5, 4.125, 7.75],
					"texture": "#0"
				},
				"up": {
					"uv": [8, 5.375, 6.75, 5.25],
					"texture": "#0"
				},
				"down": {
					"uv": [8, 5.375, 6.75, 5.5],
					"texture": "#0"
				}
			}
		},
		{
			"from": [-3.00001, 7, 8.29288],
			"to": [-2.00001, 9, 18.29288],
			"rotation": {
				"angle": 0,
				"axis": "y",
				"origin": [2.99999, -16, 13.29288]
			},
			"faces": {
				"north": {
					"uv": [4.125, 7.5, 4.25, 7.75],
					"texture": "#0"
				},
				"east": {
					"uv": [6, 1.25, 7.25, 1.5],
					"texture": "#0"
				},
				"south": {
					"uv": [4.25, 7.5, 4.375, 7.75],
					"texture": "#0"
				},
				"west": {
					"uv": [6, 1.5, 7.25, 1.75],
					"texture": "#0"
				},
				"up": {
					"uv": [6.875, 8, 6.75, 6.75],
					"texture": "#0"
				},
				"down": {
					"uv": [1.875, 6.875, 1.75, 8.125],
					"texture": "#0"
				}
			}
		},
		{
			"from": [-2.00001, 7, 18.29288],
			"to": [7.99999, 9, 19.29288],
			"rotation": {
				"angle": 0,
				"axis": "y",
				"origin": [2.99999, -16, 13.29288]
			},
			"faces": {
				"north": {
					"uv": [6, 1.75, 7.25, 2],
					"texture": "#0"
				},
				"east": {
					"uv": [4.375, 7.5, 4.5, 7.75],
					"texture": "#0"
				},
				"south": {
					"uv": [5.75, 6, 7, 6.25],
					"texture": "#0"
				},
				"west": {
					"uv": [4.5, 7.5, 4.625, 7.75],
					"texture": "#0"
				},
				"up": {
					"uv": [8, 5.625, 6.75, 5.5],
					"texture": "#0"
				},
				"down": {
					"uv": [8, 5.625, 6.75, 5.75],
					"texture": "#0"
				}
			}
		},
		{
			"from": [7.5, 7, 17.67156],
			"to": [8.5, 9, 19.08576],
			"rotation": {
				"angle": -45,
				"axis": "y",
				"origin": [8, 8, 18.58576]
			},
			"faces": {
				"north": {
					"uv": [0.125, 7.625, 0.25, 7.875],
					"texture": "#0"
				},
				"east": {
					"uv": [0.25, 7.625, 0.375, 7.875],
					"texture": "#0"
				},
				"south": {
					"uv": [7.625, 0.25, 7.75, 0.5],
					"texture": "#0"
				},
				"west": {
					"uv": [0.375, 7.625, 0.5, 7.875],
					"texture": "#0"
				},
				"up": {
					"uv": [7.375, 7.75, 7.25, 7.625],
					"texture": "#0"
				},
				"down": {
					"uv": [7.75, 7.25, 7.625, 7.375],
					"texture": "#0"
				}
			}
		},
		{
			"from": [7.99999, 7, 8.29288],
			"to": [8.99999, 9, 18.29288],
			"rotation": {
				"angle": 0,
				"axis": "y",
				"origin": [2.99999, -16, 13.29288]
			},
			"faces": {
				"north": {
					"uv": [0.5, 7.625, 0.625, 7.875],
					"texture": "#0"
				},
				"east": {
					"uv": [5.75, 6.25, 7, 6.5],
					"texture": "#0"
				},
				"south": {
					"uv": [7.625, 0.5, 7.75, 0.75],
					"texture": "#0"
				},
				"west": {
					"uv": [5.25, 6.5, 6.5, 6.75],
					"texture": "#0"
				},
				"up": {
					"uv": [2, 8.125, 1.875, 6.875],
					"texture": "#0"
				},
				"down": {
					"uv": [2.125, 6.875, 2, 8.125],
					"texture": "#0"
				}
			}
		},
		{
			"from": [7.5, 7, 7.5],
			"to": [8.5, 9, 8.9142],
			"rotation": {
				"angle": 45,
				"axis": "y",
				"origin": [8, 8, 8]
			},
			"faces": {
				"north": {
					"uv": [0.625, 7.625, 0.75, 7.875],
					"texture": "#0"
				},
				"east": {
					"uv": [0.75, 7.625, 0.875, 7.875],
					"texture": "#0"
				},
				"south": {
					"uv": [7.625, 0.75, 7.75, 1],
					"texture": "#0"
				},
				"west": {
					"uv": [0.875, 7.625, 1, 7.875],
					"texture": "#0"
				},
				"up": {
					"uv": [7.75, 7.5, 7.625, 7.375],
					"texture": "#0"
				},
				"down": {
					"uv": [7.625, 7.625, 7.5, 7.75],
					"texture": "#0"
				}
			}
		},
		{
			"from": [-2.50002, 7, 17.67156],
			"to": [-1.50002, 9, 19.08576],
			"rotation": {
				"angle": 45,
				"axis": "y",
				"origin": [-2.00002, 8, 18.58576]
			},
			"faces": {
				"north": {
					"uv": [6, 7.5, 6.125, 7.75],
					"texture": "#0"
				},
				"east": {
					"uv": [7.5, 7.375, 7.625, 7.625],
					"texture": "#0"
				},
				"south": {
					"uv": [0, 7.625, 0.125, 7.875],
					"texture": "#0"
				},
				"west": {
					"uv": [7.625, 0, 7.75, 0.25],
					"texture": "#0"
				},
				"up": {
					"uv": [6.75, 7.75, 6.625, 7.625],
					"texture": "#0"
				},
				"down": {
					"uv": [7.75, 7.125, 7.625, 7.25],
					"texture": "#0"
				}
			}
		}
	]
}