{
	"credit": "Made with Blockbench",
	"texture_size": [128, 128],
	"textures": {
		"1": "animated_java:item/compressor/texture",
		"particle": "animated_java:item/compressor/texture"
	},
	"elements": [
		{
			"from": [2.29346, 23.40729, 9.95689],
			"to": [6.29306, 26.40699, 13.95649],
			"rotation": {"angle": 45, "axis": "z", "origin": [4.29326, 21.40749, 11.45674]},
			"faces": {
				"north": {"uv": [7.5, 3.5, 8, 3.875], "texture": "#1"},
				"east": {"uv": [3.125, 7.25, 3.625, 7.625], "texture": "#1"},
				"south": {"uv": [3.75, 7.25, 4.25, 7.625], "texture": "#1"},
				"west": {"uv": [6.875, 7.25, 7.375, 7.625], "texture": "#1"},
				"up": {"uv": [7.375, 4, 6.875, 3.5], "rotation": 90, "texture": "#1"},
				"down": {"uv": [7.375, 4.125, 6.875, 4.625], "rotation": 270, "texture": "#1"}
			}
		},
		{
			"from": [1.29356, 19.40769, 8.96699],
			"to": [7.29296, 23.40729, 14.94639],
			"rotation": {"angle": 45, "axis": "z", "origin": [4.29326, 21.40749, 11.45674]},
			"faces": {
				"north": {"uv": [0, 6.375, 0.75, 6.875], "texture": "#1"},
				"east": {"uv": [6, 4.5, 6.75, 5], "texture": "#1"},
				"south": {"uv": [6, 5.125, 6.75, 5.625], "texture": "#1"},
				"west": {"uv": [6, 5.75, 6.75, 6.25], "texture": "#1"},
				"up": {"uv": [5.875, 2.875, 5.125, 2.125], "rotation": 90, "texture": "#1"},
				"down": {"uv": [5.875, 3, 5.125, 3.75], "rotation": 270, "texture": "#1"}
			}
		},
		{
			"from": [0.0008, 0.06052, -0.04211],
			"to": [15.9992, 16.05892, 15.95629],
			"rotation": {"angle": 0, "axis": "y", "origin": [8, -0.05483, 7.95709]},
			"faces": {
				"north": {"uv": [2.125, 2.125, 4.125, 4.125], "texture": "#1"},
				"east": {"uv": [0, 0, 2, 2], "texture": "#1"},
				"south": {"uv": [0, 2.125, 2, 4.125], "texture": "#1"},
				"west": {"uv": [2.125, 0, 4.125, 2], "texture": "#1"},
				"up": {"uv": [2, 6.25, 0, 4.25], "rotation": 90, "texture": "#1"},
				"down": {"uv": [6.25, 0, 4.25, 2], "rotation": 270, "texture": "#1"}
			}
		},
		{
			"from": [0.0008, 15.94357, 8.95699],
			"to": [15.9992, 20.94307, 14.95639],
			"rotation": {"angle": 0, "axis": "y", "origin": [8, -0.05483, 7.95709]},
			"faces": {
				"north": {"uv": [3, 5, 5, 5.625], "texture": "#1"},
				"east": {"uv": [6, 3, 6.75, 3.625], "texture": "#1"},
				"south": {"uv": [3, 4.25, 5, 4.875], "texture": "#1"},
				"west": {"uv": [6, 3.75, 6.75, 4.375], "texture": "#1"},
				"up": {"uv": [2.875, 6.25, 2.125, 4.25], "rotation": 90, "texture": "#1"},
				"down": {"uv": [5, 2.125, 4.25, 4.125], "rotation": 270, "texture": "#1"}
			}
		},
		{
			"from": [0.0008, 15.94357, 2.95759],
			"to": [4.0004, 18.94327, 8.95699],
			"rotation": {"angle": 0, "axis": "y", "origin": [8, -1.05473, 1.95769]},
			"faces": {
				"north": {"uv": [7.5, 4.5, 8, 4.875], "texture": "#1"},
				"east": {"uv": [6.875, 2.5, 7.625, 2.875], "texture": "#1"},
				"south": {"uv": [7.5, 4, 8, 4.375], "texture": "#1"},
				"west": {"uv": [6.875, 3, 7.625, 3.375], "texture": "#1"},
				"up": {"uv": [7.125, 0.5, 6.375, 0], "rotation": 90, "texture": "#1"},
				"down": {"uv": [7.125, 0.625, 6.375, 1.125], "rotation": 270, "texture": "#1"}
			}
		},
		{
			"from": [0.0108, 13.40828, 1.00068],
			"to": [3.9904, 17.40788, 5.25025],
			"rotation": {"angle": -45, "axis": "x", "origin": [2.0006, 15.40808, 2.25055]},
			"faces": {
				"north": {"uv": [6.875, 6.625, 7.375, 7.125], "texture": "#1"},
				"east": {"uv": [6.875, 4.75, 7.375, 5.25], "texture": "#1"},
				"south": {"uv": [6.875, 5.375, 7.375, 5.875], "texture": "#1"},
				"west": {"uv": [6.875, 6, 7.375, 6.5], "texture": "#1"},
				"up": {"uv": [0.5, 7.5, 0, 7], "rotation": 90, "texture": "#1"},
				"down": {"uv": [1.125, 7, 0.625, 7.5], "rotation": 270, "texture": "#1"}
			}
		},
		{
			"from": [5.0003, 15.94357, 14.95639],
			"to": [10.9997, 21.94297, 15.95629],
			"rotation": {"angle": 0, "axis": "y", "origin": [8, -0.05483, 7.95709]},
			"faces": {
				"north": {"uv": [5.125, 4.75, 5.875, 5.5], "texture": "#1"},
				"east": {"uv": [7.75, 2.375, 7.875, 3.125], "texture": "#1"},
				"south": {"uv": [5.125, 3.875, 5.875, 4.625], "texture": "#1"},
				"west": {"uv": [3.125, 7.75, 3.25, 8.5], "texture": "#1"},
				"up": {"uv": [3.5, 8.5, 3.375, 7.75], "rotation": 90, "texture": "#1"},
				"down": {"uv": [3.75, 7.75, 3.625, 8.5], "rotation": 270, "texture": "#1"}
			}
		},
		{
			"from": [5.0003, 20.94307, 8.95699],
			"to": [10.9997, 24.94267, 14.95639],
			"rotation": {"angle": 0, "axis": "y", "origin": [8, 4.94467, 7.95709]},
			"faces": {
				"north": {"uv": [6, 6.375, 6.75, 6.875], "texture": "#1"},
				"east": {"uv": [0.875, 6.375, 1.625, 6.875], "texture": "#1"},
				"south": {"uv": [6.375, 1.25, 7.125, 1.75], "texture": "#1"},
				"west": {"uv": [1.75, 6.375, 2.5, 6.875], "texture": "#1"},
				"up": {"uv": [5.875, 6.375, 5.125, 5.625], "rotation": 90, "texture": "#1"},
				"down": {"uv": [3.75, 5.75, 3, 6.5], "rotation": 270, "texture": "#1"}
			}
		},
		{
			"from": [6.0002, 24.94267, 9.95689],
			"to": [9.9998, 27.94237, 13.95649],
			"rotation": {"angle": 0, "axis": "y", "origin": [8, 8.94427, 7.95709]},
			"faces": {
				"north": {"uv": [7.5, 6.5, 8, 6.875], "texture": "#1"},
				"east": {"uv": [7.5, 5, 8, 5.375], "texture": "#1"},
				"south": {"uv": [7.5, 5.5, 8, 5.875], "texture": "#1"},
				"west": {"uv": [7.5, 6, 8, 6.375], "texture": "#1"},
				"up": {"uv": [1.75, 7.5, 1.25, 7], "rotation": 90, "texture": "#1"},
				"down": {"uv": [2.375, 7, 1.875, 7.5], "rotation": 270, "texture": "#1"}
			}
		},
		{
			"from": [7.0001, 25.94257, 7.95709],
			"to": [8, 26.94247, 9.95689],
			"rotation": {"angle": 0, "axis": "y", "origin": [8, 8.94427, 7.95709]},
			"faces": {
				"north": {"uv": [7.25, 7.75, 7.375, 7.875], "texture": "#1"},
				"east": {"uv": [4.75, 6.25, 5, 6.375], "texture": "#1"},
				"south": {"uv": [7.75, 3.25, 7.875, 3.375], "texture": "#1"},
				"west": {"uv": [6.375, 1.875, 6.625, 2], "texture": "#1"},
				"up": {"uv": [2.875, 6.5, 2.625, 6.375], "rotation": 90, "texture": "#1"},
				"down": {"uv": [8.375, 7.25, 8.125, 7.375], "rotation": 270, "texture": "#1"}
			}
		},
		{
			"from": [1.0007, 23.94277, 7.95709],
			"to": [2.0006, 24.94267, 9.95689],
			"rotation": {"angle": 0, "axis": "y", "origin": [8, 8.94427, 7.95709]},
			"faces": {
				"north": {"uv": [4.875, 8.25, 5, 8.375], "texture": "#1"},
				"east": {"uv": [8.125, 7.5, 8.375, 7.625], "texture": "#1"},
				"south": {"uv": [4.625, 8.25, 4.75, 8.375], "texture": "#1"},
				"west": {"uv": [8.125, 7.75, 8.375, 7.875], "texture": "#1"},
				"up": {"uv": [8.5, 0.125, 8.25, 0], "rotation": 90, "texture": "#1"},
				"down": {"uv": [8.5, 0.25, 8.25, 0.375], "rotation": 270, "texture": "#1"}
			}
		},
		{
			"from": [13.9994, 22.94287, 7.95709],
			"to": [14.9993, 23.94277, 9.95689],
			"rotation": {"angle": 0, "axis": "y", "origin": [8, 8.94427, 7.95709]},
			"faces": {
				"north": {"uv": [6.875, 8.25, 7, 8.375], "texture": "#1"},
				"east": {"uv": [8.25, 0.5, 8.5, 0.625], "texture": "#1"},
				"south": {"uv": [5.125, 8.25, 5.25, 8.375], "texture": "#1"},
				"west": {"uv": [8.25, 0.75, 8.5, 0.875], "texture": "#1"},
				"up": {"uv": [8.5, 1.125, 8.25, 1], "rotation": 90, "texture": "#1"},
				"down": {"uv": [8.5, 1.25, 8.25, 1.375], "rotation": 270, "texture": "#1"}
			}
		},
		{
			"from": [1.0007, 25.94257, 6.95719],
			"to": [8, 26.94247, 7.95709],
			"rotation": {"angle": 0, "axis": "y", "origin": [8, 8.94427, 7.95709]},
			"faces": {
				"north": {"uv": [7.75, 2.125, 8.625, 2.25], "texture": "#1"},
				"east": {"uv": [8, 8.25, 8.125, 8.375], "texture": "#1"},
				"south": {"uv": [7.75, 1.875, 8.625, 2], "texture": "#1"},
				"west": {"uv": [8.25, 8.25, 8.375, 8.375], "texture": "#1"},
				"up": {"uv": [6.5, 8.5, 6.375, 7.625], "rotation": 90, "texture": "#1"},
				"down": {"uv": [6.75, 7.625, 6.625, 8.5], "rotation": 270, "texture": "#1"}
			}
		},
		{
			"from": [1.0007, 15.94357, 6.95719],
			"to": [2.0006, 25.94257, 7.95709],
			"rotation": {"angle": 0, "axis": "y", "origin": [8, 8.94427, 7.95709]},
			"faces": {
				"north": {"uv": [2, 7.625, 2.125, 8.875], "texture": "#1"},
				"east": {"uv": [1.25, 7.625, 1.375, 8.875], "texture": "#1"},
				"south": {"uv": [1.5, 7.625, 1.625, 8.875], "texture": "#1"},
				"west": {"uv": [1.75, 7.625, 1.875, 8.875], "texture": "#1"},
				"up": {"uv": [0.125, 8.5, 0, 8.375], "rotation": 90, "texture": "#1"},
				"down": {"uv": [0.375, 8.375, 0.25, 8.5], "rotation": 270, "texture": "#1"}
			}
		},
		{
			"from": [0.50075, 25.44262, 5.95729],
			"to": [2.50055, 27.44242, 6.95719],
			"rotation": {"angle": 0, "axis": "y", "origin": [8.49995, 10.44412, 6.95719]},
			"faces": {
				"north": {"uv": [8, 2.375, 8.25, 2.625], "texture": "#1"},
				"east": {"uv": [5.375, 7.75, 5.5, 8], "texture": "#1"},
				"south": {"uv": [7.875, 1.5, 8.125, 1.75], "texture": "#1"},
				"west": {"uv": [2.875, 7.875, 3, 8.125], "texture": "#1"},
				"up": {"uv": [5.5, 8.375, 5.375, 8.125], "rotation": 90, "texture": "#1"},
				"down": {"uv": [8.375, 1.5, 8.25, 1.75], "rotation": 270, "texture": "#1"}
			}
		},
		{
			"from": [13.49945, 22.44292, 5.95729],
			"to": [15.49925, 24.44272, 6.95719],
			"rotation": {"angle": 0, "axis": "y", "origin": [21.49865, 7.44442, 6.95719]},
			"faces": {
				"north": {"uv": [8, 3.125, 8.25, 3.375], "texture": "#1"},
				"east": {"uv": [2.875, 8.25, 3, 8.5], "texture": "#1"},
				"south": {"uv": [8, 2.75, 8.25, 3], "texture": "#1"},
				"west": {"uv": [3.875, 8.25, 4, 8.5], "texture": "#1"},
				"up": {"uv": [4.25, 8.5, 4.125, 8.25], "rotation": 90, "texture": "#1"},
				"down": {"uv": [4.5, 8.25, 4.375, 8.5], "rotation": 270, "texture": "#1"}
			}
		},
		{
			"from": [13.9994, 15.94357, 6.95719],
			"to": [14.9993, 23.94277, 7.95709],
			"rotation": {"angle": 0, "axis": "y", "origin": [8, 8.94427, 7.95709]},
			"faces": {
				"north": {"uv": [6.125, 7.625, 6.25, 8.625], "texture": "#1"},
				"east": {"uv": [2.25, 7.625, 2.375, 8.625], "texture": "#1"},
				"south": {"uv": [5.625, 7.625, 5.75, 8.625], "texture": "#1"},
				"west": {"uv": [5.875, 7.625, 6, 8.625], "texture": "#1"},
				"up": {"uv": [0.625, 8.5, 0.5, 8.375], "rotation": 90, "texture": "#1"},
				"down": {"uv": [0.875, 8.375, 0.75, 8.5], "rotation": 270, "texture": "#1"}
			}
		},
		{
			"from": [8.70704, 19.40769, 8.96699],
			"to": [14.70644, 23.40729, 14.94639],
			"rotation": {"angle": -45, "axis": "z", "origin": [11.70674, 21.40749, 11.45674]},
			"faces": {
				"north": {"uv": [6.875, 1.875, 7.625, 2.375], "texture": "#1"},
				"east": {"uv": [4.75, 6.5, 5.5, 7], "texture": "#1"},
				"south": {"uv": [2.625, 6.625, 3.375, 7.125], "texture": "#1"},
				"west": {"uv": [3.5, 6.625, 4.25, 7.125], "texture": "#1"},
				"up": {"uv": [4.625, 6.5, 3.875, 5.75], "rotation": 90, "texture": "#1"},
				"down": {"uv": [6.75, 2.125, 6, 2.875], "rotation": 270, "texture": "#1"}
			}
		},
		{
			"from": [9.70694, 23.40729, 9.95689],
			"to": [13.70654, 26.40699, 13.95649],
			"rotation": {"angle": -45, "axis": "z", "origin": [11.70674, 21.40749, 11.45674]},
			"faces": {
				"north": {"uv": [0.625, 7.625, 1.125, 8], "texture": "#1"},
				"east": {"uv": [7.5, 7, 8, 7.375], "texture": "#1"},
				"south": {"uv": [7.5, 7.5, 8, 7.875], "texture": "#1"},
				"west": {"uv": [0, 7.625, 0.5, 8], "texture": "#1"},
				"up": {"uv": [6.125, 7.5, 5.625, 7], "rotation": 90, "texture": "#1"},
				"down": {"uv": [6.75, 7, 6.25, 7.5], "rotation": 270, "texture": "#1"}
			}
		},
		{
			"from": [10.70684, 26.40699, 10.95679],
			"to": [12.70664, 29.40669, 12.95659],
			"rotation": {"angle": -45, "axis": "z", "origin": [11.70674, 21.40749, 11.45674]},
			"faces": {
				"north": {"uv": [3.875, 7.75, 4.125, 8.125], "texture": "#1"},
				"east": {"uv": [4.75, 5.75, 5, 6.125], "texture": "#1"},
				"south": {"uv": [5.625, 6.5, 5.875, 6.875], "texture": "#1"},
				"west": {"uv": [4.375, 6.625, 4.625, 7], "texture": "#1"},
				"up": {"uv": [7.5, 8.25, 7.25, 8], "rotation": 90, "texture": "#1"},
				"down": {"uv": [7.875, 8, 7.625, 8.25], "rotation": 270, "texture": "#1"}
			}
		},
		{
			"from": [9.70694, 29.40669, 9.95689],
			"to": [13.70654, 30.40659, 13.95649],
			"rotation": {"angle": -45, "axis": "z", "origin": [11.70674, 21.40749, 11.45674]},
			"faces": {
				"north": {"uv": [8.125, 3.5, 8.625, 3.625], "texture": "#1"},
				"east": {"uv": [8, 8, 8.5, 8.125], "texture": "#1"},
				"south": {"uv": [0, 8.125, 0.5, 8.25], "texture": "#1"},
				"west": {"uv": [0.625, 8.125, 1.125, 8.25], "texture": "#1"},
				"up": {"uv": [4.875, 7.625, 4.375, 7.125], "rotation": 90, "texture": "#1"},
				"down": {"uv": [5.5, 7.125, 5, 7.625], "rotation": 270, "texture": "#1"}
			}
		},
		{
			"from": [7.0001, 27.94237, 10.95679],
			"to": [8.9999, 30.94207, 12.95659],
			"rotation": {"angle": 0, "axis": "y", "origin": [8, 8.94427, 7.95709]},
			"faces": {
				"north": {"uv": [6.875, 7.75, 7.125, 8.125], "texture": "#1"},
				"east": {"uv": [4.25, 7.75, 4.5, 8.125], "texture": "#1"},
				"south": {"uv": [4.625, 7.75, 4.875, 8.125], "texture": "#1"},
				"west": {"uv": [5, 7.75, 5.25, 8.125], "texture": "#1"},
				"up": {"uv": [8.375, 4, 8.125, 3.75], "rotation": 90, "texture": "#1"},
				"down": {"uv": [8.375, 4.125, 8.125, 4.375], "rotation": 270, "texture": "#1"}
			}
		},
		{
			"from": [6.0002, 30.94207, 9.95689],
			"to": [9.9998, 31.94197, 13.95649],
			"rotation": {"angle": 0, "axis": "y", "origin": [8, 8.94427, 7.95709]},
			"faces": {
				"north": {"uv": [8.125, 5.25, 8.625, 5.375], "texture": "#1"},
				"east": {"uv": [8.125, 4.5, 8.625, 4.625], "texture": "#1"},
				"south": {"uv": [8.125, 4.75, 8.625, 4.875], "texture": "#1"},
				"west": {"uv": [8.125, 5, 8.625, 5.125], "texture": "#1"},
				"up": {"uv": [7.75, 0.5, 7.25, 0], "rotation": 90, "texture": "#1"},
				"down": {"uv": [7.75, 0.625, 7.25, 1.125], "rotation": 270, "texture": "#1"}
			}
		},
		{
			"from": [-3.00931, 27.21021, 9.95689],
			"to": [0.99029, 28.21011, 13.95649],
			"rotation": {"angle": 45, "axis": "z", "origin": [-1.00951, 26.71026, 11.95669]},
			"faces": {
				"north": {"uv": [8.125, 6.25, 8.625, 6.375], "texture": "#1"},
				"east": {"uv": [8.125, 5.5, 8.625, 5.625], "texture": "#1"},
				"south": {"uv": [8.125, 5.75, 8.625, 5.875], "texture": "#1"},
				"west": {"uv": [8.125, 6, 8.625, 6.125], "texture": "#1"},
				"up": {"uv": [7.75, 1.75, 7.25, 1.25], "rotation": 90, "texture": "#1"},
				"down": {"uv": [3, 7.25, 2.5, 7.75], "rotation": 270, "texture": "#1"}
			}
		},
		{
			"from": [-2.00941, 24.21051, 10.95679],
			"to": [-0.00961, 27.21021, 12.95659],
			"rotation": {"angle": 45, "axis": "z", "origin": [-1.00951, 26.71026, 11.95669]},
			"faces": {
				"north": {"uv": [2.5, 7.875, 2.75, 8.25], "texture": "#1"},
				"east": {"uv": [7.875, 0, 8.125, 0.375], "texture": "#1"},
				"south": {"uv": [7.875, 0.5, 8.125, 0.875], "texture": "#1"},
				"west": {"uv": [7.875, 1, 8.125, 1.375], "texture": "#1"},
				"up": {"uv": [8.375, 6.75, 8.125, 6.5], "rotation": 90, "texture": "#1"},
				"down": {"uv": [8.375, 6.875, 8.125, 7.125], "rotation": 270, "texture": "#1"}
			}
		}
	],
	"display": {
		"thirdperson_righthand": {
			"rotation": [75, 45, 0],
			"translation": [0, 2.5, 0],
			"scale": [0.375, 0.375, 0.375]
		},
		"thirdperson_lefthand": {
			"rotation": [75, 45, 0],
			"translation": [0, 2.5, 0],
			"scale": [0.375, 0.375, 0.375]
		},
		"firstperson_righthand": {
			"rotation": [0, 45, 0],
			"scale": [0.4, 0.4, 0.4]
		},
		"firstperson_lefthand": {
			"rotation": [0, 45, 0],
			"scale": [0.4, 0.4, 0.4]
		},
		"ground": {
			"translation": [0, 3, 0],
			"scale": [0.25, 0.25, 0.25]
		},
		"gui": {
			"rotation": [30, 225, 0],
			"scale": [0.625, 0.625, 0.625]
		},
		"head": {
			"translation": [0, -30.4, 0],
			"scale": [1.602, 1.61, 1.602]
		},
		"fixed": {
			"translation": [0, -3.75, -0.5],
			"scale": [0.5, 0.5, 0.5]
		}
	},
	"groups": [
		{
			"name": "root",
			"origin": [8, 5.75215, 8],
			"color": 0,
			"configs": {
				"variants": {}
			},
			"children": [
				0,
				1,
				2,
				3,
				4,
				5,
				6,
				7,
				8,
				9,
				10,
				11,
				12,
				13,
				14,
				15,
				16,
				17,
				18,
				{
					"name": "piston_left",
					"origin": [12.04, 10.91893, -1.10051],
					"color": 0,
					"configs": {
						"variants": {}
					},
					"children": [19, 20]
				},
				{
					"name": "piston_middle",
					"origin": [12.04, 14.68848, 8],
					"color": 0,
					"configs": {
						"variants": {}
					},
					"children": [21, 22]
				},
				{
					"name": "piston_right",
					"origin": [12.04, 10.91893, 17.10051],
					"color": 0,
					"configs": {
						"variants": {}
					},
					"children": [23, 24]
				}
			]
		}
	]
}