{
	"credit": "Made with Blockbench",
	"texture_size": [32, 32],
	"textures": {
		"0": "expansion:blocks/enhancer/enhancer",
		"particle": "expansion:blocks/enhancer/enhancer"
	},
	"elements": [
		{
			"from": [0, -16, 0],
			"to": [16, 0, 16],
			"rotation": {"angle": 0, "axis": "y", "origin": [0, -16, 0]},
			"faces": {
				"north": {"uv": [0, 0, 4, 4], "texture": "#0"},
				"east": {"uv": [0, 4.25, 4, 8.25], "texture": "#0"},
				"south": {"uv": [4.25, 0, 8.25, 4], "texture": "#0"},
				"west": {"uv": [4.25, 4.25, 8.25, 8.25], "texture": "#0"},
				"up": {"uv": [4, 12.5, 0, 8.5], "texture": "#0"},
				"down": {"uv": [12.5, 0, 8.5, 4], "texture": "#0"}
			}
		},
		{
			"name": "octagon",
			"from": [4.68629, 0, 0],
			"to": [11.31371, 2, 1],
			"rotation": {"angle": 45, "axis": "y", "origin": [8, 0.5, 8]},
			"faces": {
				"north": {"uv": [5, 9.25, 6.75, 9.75], "texture": "#0"},
				"east": {"uv": [14, 4.75, 14.25, 5.25], "texture": "#0"},
				"south": {"uv": [9.25, 5, 11, 5.5], "texture": "#0"},
				"west": {"uv": [14, 5.5, 14.25, 6], "texture": "#0"},
				"up": {"uv": [13.75, 9.25, 12, 9], "texture": "#0"},
				"down": {"uv": [13.75, 9.5, 12, 9.75], "texture": "#0"}
			}
		},
		{
			"name": "octagon",
			"from": [7.18629, 0, -0.5],
			"to": [8.81371, 2, 0],
			"rotation": {"angle": -45, "axis": "y", "origin": [8, 0.5, 8]},
			"faces": {
				"north": {"uv": [2, 12.75, 2.5, 13.25], "texture": "#0"},
				"east": {"uv": [14, 6.25, 14.25, 6.75], "texture": "#0"},
				"south": {"uv": [12.75, 2, 13.25, 2.5], "texture": "#0"},
				"west": {"uv": [14, 7, 14.25, 7.5], "texture": "#0"},
				"up": {"uv": [14, 4, 13.5, 3.75], "texture": "#0"},
				"down": {"uv": [14.5, 9, 14, 9.25], "texture": "#0"}
			}
		},
		{
			"name": "octagon",
			"from": [7.18629, 2, -0.5],
			"to": [8.81371, 2.5, 1.5],
			"rotation": {"angle": -45, "axis": "y", "origin": [8, 0.5, 8]},
			"faces": {
				"north": {"uv": [14, 9.5, 14.5, 9.75], "texture": "#0"},
				"east": {"uv": [14, 10, 14.5, 10.25], "texture": "#0"},
				"south": {"uv": [14, 10.5, 14.5, 10.75], "texture": "#0"},
				"west": {"uv": [14, 11, 14.5, 11.25], "texture": "#0"},
				"up": {"uv": [3.25, 13.25, 2.75, 12.75], "texture": "#0"},
				"down": {"uv": [13.25, 2.75, 12.75, 3.25], "texture": "#0"}
			}
		},
		{
			"name": "octagon",
			"from": [7.18629, 0, 1],
			"to": [8.81371, 2, 1.5],
			"rotation": {"angle": -45, "axis": "y", "origin": [8, 0.5, 8]},
			"faces": {
				"north": {"uv": [3.5, 12.75, 4, 13.25], "texture": "#0"},
				"east": {"uv": [14.25, 0, 14.5, 0.5], "texture": "#0"},
				"south": {"uv": [12.75, 3.5, 13.25, 4], "texture": "#0"},
				"west": {"uv": [14.25, 0.75, 14.5, 1.25], "texture": "#0"},
				"up": {"uv": [14.5, 11.75, 14, 11.5], "texture": "#0"},
				"down": {"uv": [14.75, 1.5, 14.25, 1.75], "texture": "#0"}
			}
		},
		{
			"name": "octagon",
			"from": [7.18629, 0, -0.5],
			"to": [8.81371, 2, 0],
			"rotation": {"angle": 45, "axis": "y", "origin": [8, 0.5, 8]},
			"faces": {
				"north": {"uv": [12.75, 12, 13.25, 12.5], "texture": "#0"},
				"east": {"uv": [2, 14.25, 2.25, 14.75], "texture": "#0"},
				"south": {"uv": [12.75, 12.75, 13.25, 13.25], "texture": "#0"},
				"west": {"uv": [14.25, 2, 14.5, 2.5], "texture": "#0"},
				"up": {"uv": [3, 14.5, 2.5, 14.25], "texture": "#0"},
				"down": {"uv": [14.75, 2.75, 14.25, 3], "texture": "#0"}
			}
		},
		{
			"name": "octagon",
			"from": [7.18629, 0, 1],
			"to": [8.81371, 2, 1.5],
			"rotation": {"angle": 45, "axis": "y", "origin": [8, 0.5, 8]},
			"faces": {
				"north": {"uv": [13.25, 4.75, 13.75, 5.25], "texture": "#0"},
				"east": {"uv": [3.25, 14.25, 3.5, 14.75], "texture": "#0"},
				"south": {"uv": [13.25, 5.5, 13.75, 6], "texture": "#0"},
				"west": {"uv": [14.25, 3.25, 14.5, 3.75], "texture": "#0"},
				"up": {"uv": [14.75, 4.25, 14.25, 4], "texture": "#0"},
				"down": {"uv": [14.75, 12, 14.25, 12.25], "texture": "#0"}
			}
		},
		{
			"name": "octagon",
			"from": [7.18629, 2, -0.5],
			"to": [8.81371, 2.5, 1.5],
			"rotation": {"angle": 45, "axis": "y", "origin": [8, 0.5, 8]},
			"faces": {
				"north": {"uv": [14.25, 12.5, 14.75, 12.75], "texture": "#0"},
				"east": {"uv": [12.75, 14.25, 13.25, 14.5], "texture": "#0"},
				"south": {"uv": [14.25, 13, 14.75, 13.25], "texture": "#0"},
				"west": {"uv": [13.5, 14.25, 14, 14.5], "texture": "#0"},
				"up": {"uv": [13.75, 6.75, 13.25, 6.25], "texture": "#0"},
				"down": {"uv": [13.75, 7, 13.25, 7.5], "texture": "#0"}
			}
		},
		{
			"name": "octagon",
			"from": [7.18629, 0, 16],
			"to": [8.81371, 2, 16.5],
			"rotation": {"angle": -45, "axis": "y", "origin": [8, 0.5, 8]},
			"faces": {
				"north": {"uv": [13.5, 0, 14, 0.5], "texture": "#0"},
				"east": {"uv": [3.75, 14.25, 4, 14.75], "texture": "#0"},
				"south": {"uv": [13.5, 0.75, 14, 1.25], "texture": "#0"},
				"west": {"uv": [14.25, 13.5, 14.5, 14], "texture": "#0"},
				"up": {"uv": [14.75, 14.5, 14.25, 14.25], "texture": "#0"},
				"down": {"uv": [1, 14.5, 0.5, 14.75], "texture": "#0"}
			}
		},
		{
			"name": "octagon",
			"from": [7.18629, 0, 14.5],
			"to": [8.81371, 2, 15],
			"rotation": {"angle": -45, "axis": "y", "origin": [8, 0.5, 8]},
			"faces": {
				"north": {"uv": [13.5, 1.5, 14, 2], "texture": "#0"},
				"east": {"uv": [1.25, 14.5, 1.5, 15], "texture": "#0"},
				"south": {"uv": [2, 13.5, 2.5, 14], "texture": "#0"},
				"west": {"uv": [4.25, 14.5, 4.5, 15], "texture": "#0"},
				"up": {"uv": [15, 4.75, 14.5, 4.5], "texture": "#0"},
				"down": {"uv": [15, 5, 14.5, 5.25], "texture": "#0"}
			}
		},
		{
			"name": "octagon",
			"from": [7.18629, 2, 14.5],
			"to": [8.81371, 2.5, 16.5],
			"rotation": {"angle": -45, "axis": "y", "origin": [8, 0.5, 8]},
			"faces": {
				"north": {"uv": [14.5, 5.5, 15, 5.75], "texture": "#0"},
				"east": {"uv": [6, 14.5, 6.5, 14.75], "texture": "#0"},
				"south": {"uv": [14.5, 6, 15, 6.25], "texture": "#0"},
				"west": {"uv": [14.5, 6.5, 15, 6.75], "texture": "#0"},
				"up": {"uv": [14, 2.75, 13.5, 2.25], "texture": "#0"},
				"down": {"uv": [3.25, 13.5, 2.75, 14], "texture": "#0"}
			}
		},
		{
			"name": "octagon",
			"from": [7.18629, 0, 16],
			"to": [8.81371, 2, 16.5],
			"rotation": {"angle": 45, "axis": "y", "origin": [8, 0.5, 8]},
			"faces": {
				"north": {"uv": [13.5, 3, 14, 3.5], "texture": "#0"},
				"east": {"uv": [6.75, 14.5, 7, 15], "texture": "#0"},
				"south": {"uv": [3.5, 13.5, 4, 14], "texture": "#0"},
				"west": {"uv": [14.5, 7, 14.75, 7.5], "texture": "#0"},
				"up": {"uv": [7.75, 14.75, 7.25, 14.5], "texture": "#0"},
				"down": {"uv": [9, 14.5, 8.5, 14.75], "texture": "#0"}
			}
		},
		{
			"name": "octagon",
			"from": [7.18629, 0, 14.5],
			"to": [8.81371, 2, 15],
			"rotation": {"angle": 45, "axis": "y", "origin": [8, 0.5, 8]},
			"faces": {
				"north": {"uv": [13.5, 12, 14, 12.5], "texture": "#0"},
				"east": {"uv": [10.75, 14.5, 11, 15], "texture": "#0"},
				"south": {"uv": [12.75, 13.5, 13.25, 14], "texture": "#0"},
				"west": {"uv": [11.25, 14.5, 11.5, 15], "texture": "#0"},
				"up": {"uv": [12.25, 14.75, 11.75, 14.5], "texture": "#0"},
				"down": {"uv": [15.25, 0, 14.75, 0.25], "texture": "#0"}
			}
		},
		{
			"name": "octagon",
			"from": [7.18629, 2, 14.5],
			"to": [8.81371, 2.5, 16.5],
			"rotation": {"angle": 45, "axis": "y", "origin": [8, 0.5, 8]},
			"faces": {
				"north": {"uv": [14.75, 0.5, 15.25, 0.75], "texture": "#0"},
				"east": {"uv": [14.75, 1, 15.25, 1.25], "texture": "#0"},
				"south": {"uv": [14.75, 2, 15.25, 2.25], "texture": "#0"},
				"west": {"uv": [2.5, 14.75, 3, 15], "texture": "#0"},
				"up": {"uv": [14, 13.25, 13.5, 12.75], "texture": "#0"},
				"down": {"uv": [14, 13.5, 13.5, 14], "texture": "#0"}
			}
		},
		{
			"name": "octagon",
			"from": [4.68629, 0, 0],
			"to": [11.31371, 2, 1],
			"rotation": {"angle": 0, "axis": "y", "origin": [8, 0.5, 8]},
			"faces": {
				"north": {"uv": [9.25, 5.75, 11, 6.25], "texture": "#0"},
				"east": {"uv": [0, 14.75, 0.25, 15.25], "texture": "#0"},
				"south": {"uv": [9.25, 6.5, 11, 7], "texture": "#0"},
				"west": {"uv": [14.75, 3.25, 15, 3.75], "texture": "#0"},
				"up": {"uv": [13.75, 10.25, 12, 10], "texture": "#0"},
				"down": {"uv": [13.75, 10.5, 12, 10.75], "texture": "#0"}
			}
		},
		{
			"name": "octagon",
			"from": [4.68629, 0, 15],
			"to": [11.31371, 2, 16],
			"rotation": {"angle": 45, "axis": "y", "origin": [8, 0.5, 8]},
			"faces": {
				"north": {"uv": [9.25, 7.25, 11, 7.75], "texture": "#0"},
				"east": {"uv": [4.75, 14.75, 5, 15.25], "texture": "#0"},
				"south": {"uv": [9.5, 8, 11.25, 8.5], "texture": "#0"},
				"west": {"uv": [5.25, 14.75, 5.5, 15.25], "texture": "#0"},
				"up": {"uv": [12.5, 12.25, 10.75, 12], "texture": "#0"},
				"down": {"uv": [13.75, 11, 12, 11.25], "texture": "#0"}
			}
		},
		{
			"name": "octagon",
			"from": [4.68629, 0, 15],
			"to": [11.31371, 2, 16],
			"rotation": {"angle": 0, "axis": "y", "origin": [8, 0.5, 8]},
			"faces": {
				"north": {"uv": [9.5, 8.75, 11.25, 9.25], "texture": "#0"},
				"east": {"uv": [8, 14.75, 8.25, 15.25], "texture": "#0"},
				"south": {"uv": [9.5, 9.5, 11.25, 10], "texture": "#0"},
				"west": {"uv": [14.75, 9, 15, 9.5], "texture": "#0"},
				"up": {"uv": [13.75, 11.75, 12, 11.5], "texture": "#0"},
				"down": {"uv": [14, 4.25, 12.25, 4.5], "texture": "#0"}
			}
		},
		{
			"name": "octagon",
			"from": [0, 0, 4.68629],
			"to": [1, 2, 11.31371],
			"rotation": {"angle": 45, "axis": "y", "origin": [8, 0.5, 8]},
			"faces": {
				"north": {"uv": [9.25, 14.75, 9.5, 15.25], "texture": "#0"},
				"east": {"uv": [5, 10, 6.75, 10.5], "texture": "#0"},
				"south": {"uv": [9.75, 14.75, 10, 15.25], "texture": "#0"},
				"west": {"uv": [9.5, 10.25, 11.25, 10.75], "texture": "#0"},
				"up": {"uv": [4.5, 14.25, 4.25, 12.5], "texture": "#0"},
				"down": {"uv": [7.25, 12.5, 7, 14.25], "texture": "#0"}
			}
		},
		{
			"name": "octagon",
			"from": [0, 0, 4.68629],
			"to": [1, 2, 11.31371],
			"rotation": {"angle": 0, "axis": "y", "origin": [8, 0.5, 8]},
			"faces": {
				"north": {"uv": [14.75, 9.75, 15, 10.25], "texture": "#0"},
				"east": {"uv": [5, 10.75, 6.75, 11.25], "texture": "#0"},
				"south": {"uv": [10.25, 14.75, 10.5, 15.25], "texture": "#0"},
				"west": {"uv": [9.5, 11, 11.25, 11.5], "texture": "#0"},
				"up": {"uv": [7.75, 14.25, 7.5, 12.5], "texture": "#0"},
				"down": {"uv": [11, 12.5, 10.75, 14.25], "texture": "#0"}
			}
		},
		{
			"name": "octagon",
			"from": [15, 0, 4.68629],
			"to": [16, 2, 11.31371],
			"rotation": {"angle": 45, "axis": "y", "origin": [8, 0.5, 8]},
			"faces": {
				"north": {"uv": [14.75, 10.5, 15, 11], "texture": "#0"},
				"east": {"uv": [11.25, 5, 13, 5.5], "texture": "#0"},
				"south": {"uv": [14.75, 11.25, 15, 11.75], "texture": "#0"},
				"west": {"uv": [11.25, 5.75, 13, 6.25], "texture": "#0"},
				"up": {"uv": [11.5, 14.25, 11.25, 12.5], "texture": "#0"},
				"down": {"uv": [12, 12.5, 11.75, 14.25], "texture": "#0"}
			}
		},
		{
			"name": "octagon",
			"from": [15, 0, 4.68629],
			"to": [16, 2, 11.31371],
			"rotation": {"angle": 0, "axis": "y", "origin": [8, 0.5, 8]},
			"faces": {
				"north": {"uv": [12.5, 14.75, 12.75, 15.25], "texture": "#0"},
				"east": {"uv": [11.25, 6.5, 13, 7], "texture": "#0"},
				"south": {"uv": [13, 14.75, 13.25, 15.25], "texture": "#0"},
				"west": {"uv": [11.25, 7.25, 13, 7.75], "texture": "#0"},
				"up": {"uv": [12.5, 14.25, 12.25, 12.5], "texture": "#0"},
				"down": {"uv": [0.25, 12.75, 0, 14.5], "texture": "#0"}
			}
		},
		{
			"from": [7, 0, 7],
			"to": [9, 3, 9],
			"rotation": {"angle": 0, "axis": "y", "origin": [7, 0, 7]},
			"faces": {
				"north": {"uv": [12.75, 0, 13.25, 0.75], "texture": "#0"},
				"east": {"uv": [0.5, 12.75, 1, 13.5], "texture": "#0"},
				"south": {"uv": [12.75, 1, 13.25, 1.75], "texture": "#0"},
				"west": {"uv": [1.25, 12.75, 1.75, 13.5], "texture": "#0"},
				"up": {"uv": [1, 14.25, 0.5, 13.75], "texture": "#0"},
				"down": {"uv": [1.75, 13.75, 1.25, 14.25], "texture": "#0"}
			}
		},
		{
			"from": [1, 3, 7],
			"to": [15, 4, 9],
			"rotation": {"angle": 0, "axis": "y", "origin": [7, 3, 7]},
			"faces": {
				"north": {"uv": [11.5, 8, 15, 8.25], "texture": "#0"},
				"east": {"uv": [13.5, 14.75, 14, 15], "texture": "#0"},
				"south": {"uv": [11.5, 8.5, 15, 8.75], "texture": "#0"},
				"west": {"uv": [14.75, 13.5, 15.25, 13.75], "texture": "#0"},
				"up": {"uv": [7.75, 9, 4.25, 8.5], "texture": "#0"},
				"down": {"uv": [12, 4.25, 8.5, 4.75], "texture": "#0"}
			}
		},
		{
			"from": [1, 4, 7],
			"to": [2, 16, 9],
			"rotation": {"angle": 0, "axis": "y", "origin": [7, 5, 7]},
			"faces": {
				"north": {"uv": [7, 9.25, 7.25, 12.25], "texture": "#0"},
				"east": {"uv": [8.5, 5, 9, 8], "texture": "#0"},
				"south": {"uv": [7.5, 9.25, 7.75, 12.25], "texture": "#0"},
				"west": {"uv": [8, 8.5, 8.5, 11.5], "texture": "#0"},
				"up": {"uv": [14.5, 15.25, 14.25, 14.75], "texture": "#0"},
				"down": {"uv": [15, 14.75, 14.75, 15.25], "texture": "#0"}
			}
		},
		{
			"from": [14, 4, 7],
			"to": [15, 16, 9],
			"rotation": {"angle": 0, "axis": "y", "origin": [20, 5, 7]},
			"faces": {
				"north": {"uv": [5, 11.5, 5.25, 14.5], "texture": "#0"},
				"east": {"uv": [8.75, 8.25, 9.25, 11.25], "texture": "#0"},
				"south": {"uv": [5.5, 11.5, 5.75, 14.5], "texture": "#0"},
				"west": {"uv": [4.25, 9.25, 4.75, 12.25], "texture": "#0"},
				"up": {"uv": [0.75, 15.5, 0.5, 15], "texture": "#0"},
				"down": {"uv": [2, 15, 1.75, 15.5], "texture": "#0"}
			}
		},
		{
			"from": [13, 4, 7.5],
			"to": [14, 15, 8.5],
			"rotation": {"angle": 0, "axis": "y", "origin": [19, 5, 7.5]},
			"faces": {
				"north": {"uv": [6, 11.5, 6.25, 14.25], "texture": "#0"},
				"east": {"uv": [6.5, 11.5, 6.75, 14.25], "texture": "#0"},
				"south": {"uv": [8.75, 11.5, 9, 14.25], "texture": "#0"},
				"west": {"uv": [11.5, 9, 11.75, 11.75], "texture": "#0"},
				"up": {"uv": [15.25, 1.75, 15, 1.5], "texture": "#0"},
				"down": {"uv": [15.25, 2.5, 15, 2.75], "texture": "#0"}
			}
		},
		{
			"from": [2, 4, 7.5],
			"to": [3, 15, 8.5],
			"rotation": {"angle": 0, "axis": "y", "origin": [8, 5, 7.5]},
			"faces": {
				"north": {"uv": [8, 11.75, 8.25, 14.5], "texture": "#0"},
				"east": {"uv": [9.25, 11.75, 9.5, 14.5], "texture": "#0"},
				"south": {"uv": [9.75, 11.75, 10, 14.5], "texture": "#0"},
				"west": {"uv": [10.25, 11.75, 10.5, 14.5], "texture": "#0"},
				"up": {"uv": [3.5, 15.25, 3.25, 15], "texture": "#0"},
				"down": {"uv": [4, 15, 3.75, 15.25], "texture": "#0"}
			}
		}
	],
	"display": {
		"thirdperson_righthand": {
			"rotation": [75, 45, 0],
			"translation": [0, 5, 5],
			"scale": [0.375, 0.375, 0.375]
		},
		"thirdperson_lefthand": {
			"rotation": [75, 45, 0],
			"translation": [0, 5, 5],
			"scale": [0.375, 0.375, 0.375]
		},
		"firstperson_righthand": {
			"rotation": [0, 45, 0],
			"translation": [0, 6.5, 0],
			"scale": [0.4, 0.4, 0.4]
		},
		"firstperson_lefthand": {
			"rotation": [0, 225, 0],
			"translation": [0, 6.5, 0],
			"scale": [0.4, 0.4, 0.4]
		},
		"ground": {
			"translation": [0, 3, 0],
			"scale": [0.25, 0.25, 0.25]
		},
		"gui": {
			"rotation": [30, 225, 0],
			"translation": [0, 8.5, 0],
			"scale": [0.625, 0.625, 0.625]
		},
		"head": {
			"translation": [0, -4.799, 0],
			"scale": [1.602, 1.602, 1.602]
		},
		"fixed": {
			"translation": [0, 7.5, 0],
			"scale": [0.5, 0.5, 0.5]
		}
	},
	"groups": [
		0,
		{
			"name": "octagon",
			"origin": [8, 8, 8],
			"color": 0,
			"children": [1, 2, 3, 4, 5, 6, 7, 8, 9, 10, 11, 12, 13, 14, 15, 16, 17, 18, 19, 20]
		},
		{
			"name": "octagon",
			"origin": [8, 8, 8],
			"color": 0,
			"children": []
		},
		21,
		22,
		23,
		24,
		25,
		26
	]
}