{
    "model": {
      "type": "minecraft:select",
      "property": "minecraft:custom_model_data",
      "index": 0,
      "cases": [
        {
          "when": "gui",
          "model": {
            "type": "minecraft:select",
            "property": "minecraft:custom_model_data",
            "index": 1,
            "cases": [
              {
                "when": "redlight",
                "model": {
                  "type": "minecraft:model",
                  "model": "expansion:blocks/terraformer/gui/redlight"
                }
              },
              {
                "when": "greenlight",
                "model": {
                  "type": "minecraft:model",
                  "model": "expansion:blocks/terraformer/gui/greenlight"
                }
              }
            ],
            "fallback": {
              "type": "minecraft:model",
              "model": "expansion:blocks/terraformer/gui/main"
            }
          }
        }
      ],
      "fallback": {
        "type": "minecraft:model",
        "model": "expansion:blocks/terraformer/terraformer"
      }
    }
  }