{
	"textures": {
		"1": "animated_java:item/mech_legs/mech"
	},
	"display": {
		"head": {
			"rotation": [0, 180, 0]
		}
	},
	"elements": [
		{
			"from": [2.01, -0.71751, 0.81802],
			"to": [13.99, 2.28249, 5.81802],
			"rotation": {
				"angle": -45,
				"axis": "x",
				"origin": [8, -0.21751, -1.18198]
			},
			"faces": {
				"north": {
					"uv": [5.375, 3.3125, 6.125, 3.5],
					"texture": "#1"
				},
				"east": {
					"uv": [1.4375, 7.3125, 1.75, 7.5],
					"texture": "#1"
				},
				"south": {
					"uv": [1.8125, 5.625, 2.5625, 5.8125],
					"texture": "#1"
				},
				"west": {
					"uv": [1.8125, 7.3125, 2.125, 7.5],
					"texture": "#1"
				},
				"up": {
					"uv": [5.375, 4.5625, 4.625, 4.25],
					"texture": "#1"
				},
				"down": {
					"uv": [5.375, 4.625, 4.625, 4.9375],
					"texture": "#1"
				}
			}
		},
		{
			"from": [2, 3.5, 2],
			"to": [14, 6.5, 14],
			"rotation": {
				"angle": 0,
				"axis": "y",
				"origin": [8, 4, 8]
			},
			"faces": {
				"north": {
					"uv": [5.625, 2.0625, 6.375, 2.25],
					"texture": "#1"
				},
				"east": {
					"uv": [5.625, 2.3125, 6.375, 2.5],
					"texture": "#1"
				},
				"south": {
					"uv": [0, 5.6875, 0.75, 5.875],
					"texture": "#1"
				},
				"west": {
					"uv": [5.6875, 2.9375, 6.4375, 3.125],
					"texture": "#1"
				},
				"up": {
					"uv": [2.125, 0.75, 1.375, 0],
					"texture": "#1"
				},
				"down": {
					"uv": [2.125, 0.8125, 1.375, 1.5625],
					"texture": "#1"
				}
			}
		},
		{
			"from": [-1, -1.5, 6],
			"to": [17, 3.5, 11],
			"rotation": {
				"angle": 0,
				"axis": "y",
				"origin": [9, 1.5, 8]
			},
			"faces": {
				"north": {
					"uv": [3.6875, 0, 4.8125, 0.375],
					"texture": "#1"
				},
				"east": {
					"uv": [2.625, 5.625, 3, 6],
					"texture": "#1"
				},
				"south": {
					"uv": [3.6875, 0.4375, 4.8125, 0.8125],
					"texture": "#1"
				},
				"west": {
					"uv": [5.6875, 5.3125, 6.0625, 5.6875],
					"texture": "#1"
				},
				"up": {
					"uv": [5.0625, 1.25, 3.9375, 0.875],
					"texture": "#1"
				},
				"down": {
					"uv": [5.0625, 1.3125, 3.9375, 1.6875],
					"texture": "#1"
				}
			}
		},
		{
			"from": [2, -3.03553, -1.53553],
			"to": [14, 2.96447, 2.46447],
			"rotation": {
				"angle": 0,
				"axis": "y",
				"origin": [8, 0.46447, -3.53553]
			},
			"faces": {
				"north": {
					"uv": [3.9375, 3.8125, 4.6875, 4.1875],
					"texture": "#1"
				},
				"east": {
					"uv": [6.75, 4, 7, 4.375],
					"texture": "#1"
				},
				"south": {
					"uv": [1.8125, 4.25, 2.5625, 4.625],
					"texture": "#1"
				},
				"west": {
					"uv": [6, 6.75, 6.25, 7.125],
					"texture": "#1"
				},
				"up": {
					"uv": [5.625, 3.25, 4.875, 3],
					"texture": "#1"
				},
				"down": {
					"uv": [5.75, 5, 5, 5.25],
					"texture": "#1"
				}
			}
		},
		{
			"from": [6.01, -3.45708, -1.03248],
			"to": [9.99, 1.54292, 11.96752],
			"rotation": {
				"angle": -22.5,
				"axis": "x",
				"origin": [8, 1.04292, 9.96752]
			},
			"faces": {
				"north": {
					"uv": [6.8125, 7, 7.0625, 7.3125],
					"texture": "#1"
				},
				"east": {
					"uv": [4.5, 3.3125, 5.3125, 3.625],
					"texture": "#1"
				},
				"south": {
					"uv": [0.625, 7.0625, 0.875, 7.375],
					"texture": "#1"
				},
				"west": {
					"uv": [4.625, 1.75, 5.4375, 2.0625],
					"texture": "#1"
				},
				"up": {
					"uv": [4.625, 5.8125, 4.375, 5],
					"texture": "#1"
				},
				"down": {
					"uv": [4.9375, 5, 4.6875, 5.8125],
					"texture": "#1"
				}
			}
		},
		{
			"from": [6, -9.48523, -6.69059],
			"to": [10, -2.48523, -4.69059],
			"rotation": {
				"angle": -45,
				"axis": "x",
				"origin": [8, 1.51477, -5.19059]
			},
			"faces": {
				"north": {
					"uv": [3.75, 6.375, 4, 6.8125],
					"texture": "#1"
				},
				"east": {
					"uv": [2.1875, 7.3125, 2.3125, 7.75],
					"texture": "#1"
				},
				"south": {
					"uv": [4.0625, 6.375, 4.3125, 6.8125],
					"texture": "#1"
				},
				"west": {
					"uv": [2.375, 7.3125, 2.5, 7.75],
					"texture": "#1"
				},
				"up": {
					"uv": [8.0625, 1.8125, 7.8125, 1.6875],
					"texture": "#1"
				},
				"down": {
					"uv": [2, 7.8125, 1.75, 7.9375],
					"texture": "#1"
				}
			}
		},
		{
			"from": [6.01, -2.37431, -3.42282],
			"to": [9.99, 3.62569, -1.42282],
			"rotation": {
				"angle": 0,
				"axis": "y",
				"origin": [8, 7.62569, -1.92282]
			},
			"faces": {
				"north": {
					"uv": [6.3125, 6.75, 6.5625, 7.125],
					"texture": "#1"
				},
				"east": {
					"uv": [0.5, 2.9375, 0.625, 3.3125],
					"texture": "#1"
				},
				"south": {
					"uv": [6.8125, 0.5, 7.0625, 0.875],
					"texture": "#1"
				},
				"west": {
					"uv": [6.125, 7.4375, 6.25, 7.8125],
					"texture": "#1"
				},
				"up": {
					"uv": [8.0625, 2, 7.8125, 1.875],
					"texture": "#1"
				},
				"down": {
					"uv": [2.3125, 7.8125, 2.0625, 7.9375],
					"texture": "#1"
				}
			}
		},
		{
			"from": [4, -2.5, 2],
			"to": [12, 4.5, 12],
			"rotation": {
				"angle": 0,
				"axis": "y",
				"origin": [8, 2, 8]
			},
			"faces": {
				"north": {
					"uv": [4.75, 3.6875, 5.25, 4.125],
					"texture": "#1"
				},
				"east": {
					"uv": [3.9375, 4.25, 4.5625, 4.6875],
					"texture": "#1"
				},
				"south": {
					"uv": [3.8125, 4.75, 4.3125, 5.1875],
					"texture": "#1"
				},
				"west": {
					"uv": [0, 4.3125, 0.625, 4.75],
					"texture": "#1"
				},
				"up": {
					"uv": [4.4375, 3.0625, 3.9375, 2.4375],
					"texture": "#1"
				},
				"down": {
					"uv": [4.4375, 3.125, 3.9375, 3.75],
					"texture": "#1"
				}
			}
		},
		{
			"from": [6.02, 1.5, -3],
			"to": [9.98, 5.5, 4],
			"rotation": {
				"angle": -22.5,
				"axis": "x",
				"origin": [8, 3.5, 1.5]
			},
			"faces": {
				"north": {
					"uv": [7.1875, 0.1875, 7.4375, 0.4375],
					"texture": "#1"
				},
				"east": {
					"uv": [6.375, 3.6875, 6.8125, 3.9375],
					"texture": "#1"
				},
				"south": {
					"uv": [2.9375, 7.1875, 3.1875, 7.4375],
					"texture": "#1"
				},
				"west": {
					"uv": [0.3125, 6.4375, 0.75, 6.6875],
					"texture": "#1"
				},
				"up": {
					"uv": [2.0625, 6.875, 1.8125, 6.4375],
					"texture": "#1"
				},
				"down": {
					"uv": [6.6875, 1.875, 6.4375, 2.3125],
					"texture": "#1"
				}
			}
		},
		{
			"from": [6, -2.34918, 11.53736],
			"to": [10, 3.65082, 13.53736],
			"rotation": {
				"angle": 0,
				"axis": "y",
				"origin": [8, 7.65082, 13.03736]
			},
			"faces": {
				"north": {
					"uv": [6.8125, 1.1875, 7.0625, 1.5625],
					"texture": "#1"
				},
				"east": {
					"uv": [4.6875, 7.5, 4.8125, 7.875],
					"texture": "#1"
				},
				"south": {
					"uv": [1.4375, 6.8125, 1.6875, 7.1875],
					"texture": "#1"
				},
				"west": {
					"uv": [7.5, 5.3125, 7.625, 5.6875],
					"texture": "#1"
				},
				"up": {
					"uv": [8.0625, 2.1875, 7.8125, 2.0625],
					"texture": "#1"
				},
				"down": {
					"uv": [8.0625, 2.25, 7.8125, 2.375],
					"texture": "#1"
				}
			}
		},
		{
			"from": [3, 6.5, 3],
			"to": [13, 9.5, 13],
			"rotation": {
				"angle": 0,
				"axis": "y",
				"origin": [8, 8, 8]
			},
			"faces": {
				"north": {
					"uv": [6.125, 1.375, 6.75, 1.5625],
					"texture": "#1"
				},
				"east": {
					"uv": [6.125, 5.125, 6.75, 5.3125],
					"texture": "#1"
				},
				"south": {
					"uv": [6.125, 5.375, 6.75, 5.5625],
					"texture": "#1"
				},
				"west": {
					"uv": [0.3125, 6.1875, 0.9375, 6.375],
					"texture": "#1"
				},
				"up": {
					"uv": [1.75, 4.5625, 1.125, 3.9375],
					"texture": "#1"
				},
				"down": {
					"uv": [4.5625, 1.75, 3.9375, 2.375],
					"texture": "#1"
				}
			}
		}
	]
}