{
	"textures": {
		"0": "animated_java:item/assembler/assembler"
	},
	"elements": [
		{
			"from": [1.01467, 6.00516, -1.61356],
			"to": [21.97066, 6.44174, 19.34243],
			"rotation": {
				"angle": 0,
				"axis": "y",
				"origin": [11.49267, 15.50084, 8.87317]
			},
			"faces": {
				"north": {
					"uv": [6.625, 6.5, 9.625, 6.5625],
					"texture": "#0"
				},
				"east": {
					"uv": [6.625, 6.625, 9.625, 6.6875],
					"texture": "#0"
				},
				"south": {
					"uv": [6.625, 6.75, 9.625, 6.8125],
					"texture": "#0"
				},
				"west": {
					"uv": [6.625, 6.875, 9.625, 6.9375],
					"texture": "#0"
				},
				"up": {
					"uv": [3, 3, 0, 0],
					"texture": "#0"
				},
				"down": {
					"uv": [3, 3.0625, 0, 6.0625],
					"texture": "#0"
				}
			}
		},
		{
			"from": [1.88784, 6.44174, -0.73166],
			"to": [21.0975, 7.3149, 18.478],
			"rotation": {
				"angle": 0,
				"axis": "y",
				"origin": [11.49267, 15.50084, 8.87317]
			},
			"faces": {
				"north": {
					"uv": [5.875, 5, 8.625, 5.125],
					"texture": "#0"
				},
				"east": {
					"uv": [5.875, 5.1875, 8.625, 5.3125],
					"texture": "#0"
				},
				"south": {
					"uv": [5.875, 5.375, 8.625, 5.5],
					"texture": "#0"
				},
				"west": {
					"uv": [6.25, 5.5625, 9, 5.6875],
					"texture": "#0"
				},
				"up": {
					"uv": [5.8125, 2.75, 3.0625, 0],
					"texture": "#0"
				},
				"down": {
					"uv": [5.8125, 2.8125, 3.0625, 5.5625],
					"texture": "#0"
				}
			}
		},
		{
			"from": [10.48935, 1.68604, -0.73166],
			"to": [11.36252, 2.92087, 18.478],
			"rotation": {
				"angle": -45,
				"axis": "z",
				"origin": [11.49267, 15.50084, 8.87317]
			},
			"faces": {
				"north": {
					"uv": [2.875, 11.125, 3, 11.3125],
					"texture": "#0"
				},
				"east": {
					"uv": [5.875, 3, 8.625, 3.1875],
					"texture": "#0"
				},
				"south": {
					"uv": [5.3125, 11.125, 5.4375, 11.3125],
					"texture": "#0"
				},
				"west": {
					"uv": [5.875, 3.25, 8.625, 3.4375],
					"texture": "#0"
				},
				"up": {
					"uv": [2.875, 8.875, 2.75, 6.125],
					"texture": "#0"
				},
				"down": {
					"uv": [6.375, 5.75, 6.25, 8.5],
					"texture": "#0"
				}
			}
		},
		{
			"from": [11.62281, 1.68604, -0.73166],
			"to": [12.49598, 2.92087, 18.478],
			"rotation": {
				"angle": 45,
				"axis": "z",
				"origin": [11.49267, 15.50084, 8.87317]
			},
			"faces": {
				"north": {
					"uv": [6.375, 11.125, 6.5, 11.3125],
					"texture": "#0"
				},
				"east": {
					"uv": [5.875, 3.5, 8.625, 3.6875],
					"texture": "#0"
				},
				"south": {
					"uv": [6.5625, 11.125, 6.6875, 11.3125],
					"texture": "#0"
				},
				"west": {
					"uv": [5.875, 3.75, 8.625, 3.9375],
					"texture": "#0"
				},
				"up": {
					"uv": [6.5625, 8.5, 6.4375, 5.75],
					"texture": "#0"
				},
				"down": {
					"uv": [5.3125, 6.625, 5.1875, 9.375],
					"texture": "#0"
				}
			}
		},
		{
			"from": [1.88784, 1.68604, 9.00331],
			"to": [21.0975, 2.92087, 9.87648],
			"rotation": {
				"angle": -45,
				"axis": "x",
				"origin": [11.49267, 15.50084, 8.87317]
			},
			"faces": {
				"north": {
					"uv": [5.875, 4, 8.625, 4.1875],
					"texture": "#0"
				},
				"east": {
					"uv": [6.875, 11.125, 7, 11.3125],
					"texture": "#0"
				},
				"south": {
					"uv": [5.875, 4.25, 8.625, 4.4375],
					"texture": "#0"
				},
				"west": {
					"uv": [7.0625, 11.125, 7.1875, 11.3125],
					"texture": "#0"
				},
				"up": {
					"uv": [9.375, 5.875, 6.625, 5.75],
					"texture": "#0"
				},
				"down": {
					"uv": [9.375, 5.9375, 6.625, 6.0625],
					"texture": "#0"
				}
			}
		},
		{
			"from": [1.88784, 1.68604, 7.86985],
			"to": [21.0975, 2.92087, 8.74302],
			"rotation": {
				"angle": 45,
				"axis": "x",
				"origin": [11.49267, 15.50084, 8.87317]
			},
			"faces": {
				"north": {
					"uv": [5.875, 4.5, 8.625, 4.6875],
					"texture": "#0"
				},
				"east": {
					"uv": [7.25, 11.125, 7.375, 11.3125],
					"texture": "#0"
				},
				"south": {
					"uv": [5.875, 4.75, 8.625, 4.9375],
					"texture": "#0"
				},
				"west": {
					"uv": [7.4375, 11.125, 7.5625, 11.3125],
					"texture": "#0"
				},
				"up": {
					"uv": [9.375, 6.25, 6.625, 6.125],
					"texture": "#0"
				},
				"down": {
					"uv": [9.375, 6.3125, 6.625, 6.4375],
					"texture": "#0"
				}
			}
		},
		{
			"from": [1.88784, 7.3149, -0.73166],
			"to": [2.761, 8.18807, 0.1415],
			"rotation": {
				"angle": 0,
				"axis": "y",
				"origin": [11.49267, 15.50084, 8.87317]
			},
			"faces": {
				"north": {
					"uv": [11.375, 2.0625, 11.5, 2.1875],
					"texture": "#0"
				},
				"east": {
					"uv": [11.375, 2.25, 11.5, 2.375],
					"texture": "#0"
				},
				"south": {
					"uv": [11.375, 2.4375, 11.5, 2.5625],
					"texture": "#0"
				},
				"west": {
					"uv": [2.6875, 11.375, 2.8125, 11.5],
					"texture": "#0"
				},
				"up": {
					"uv": [3, 11.5, 2.875, 11.375],
					"texture": "#0"
				},
				"down": {
					"uv": [11.5, 3.25, 11.375, 3.375],
					"texture": "#0"
				}
			}
		},
		{
			"from": [1.88784, 15.63099, -3.12683],
			"to": [2.761, 16.50415, -1.16221],
			"rotation": {
				"angle": -45,
				"axis": "x",
				"origin": [11.49267, 15.50084, 8.87317]
			},
			"faces": {
				"north": {
					"uv": [8.125, 11.375, 8.25, 11.5],
					"texture": "#0"
				},
				"east": {
					"uv": [10.3125, 8.5, 10.625, 8.625],
					"texture": "#0"
				},
				"south": {
					"uv": [8.3125, 11.375, 8.4375, 11.5],
					"texture": "#0"
				},
				"west": {
					"uv": [10.3125, 8.6875, 10.625, 8.8125],
					"texture": "#0"
				},
				"up": {
					"uv": [4.875, 10.625, 4.75, 10.3125],
					"texture": "#0"
				},
				"down": {
					"uv": [1.875, 10.375, 1.75, 10.6875],
					"texture": "#0"
				}
			}
		},
		{
			"from": [1.88784, 15.63099, 18.90854],
			"to": [2.761, 16.50415, 20.87317],
			"rotation": {
				"angle": 45,
				"axis": "x",
				"origin": [11.49267, 15.50084, 8.87317]
			},
			"faces": {
				"north": {
					"uv": [11.375, 8.6875, 11.5, 8.8125],
					"texture": "#0"
				},
				"east": {
					"uv": [10.375, 1.125, 10.6875, 1.25],
					"texture": "#0"
				},
				"south": {
					"uv": [9.25, 11.375, 9.375, 11.5],
					"texture": "#0"
				},
				"west": {
					"uv": [10.375, 1.875, 10.6875, 2],
					"texture": "#0"
				},
				"up": {
					"uv": [2.0625, 10.6875, 1.9375, 10.375],
					"texture": "#0"
				},
				"down": {
					"uv": [2.25, 10.375, 2.125, 10.6875],
					"texture": "#0"
				}
			}
		},
		{
			"from": [20.22433, 15.63099, -3.12683],
			"to": [21.0975, 16.50415, -1.16221],
			"rotation": {
				"angle": -45,
				"axis": "x",
				"origin": [11.49267, 15.50084, 8.87317]
			},
			"faces": {
				"north": {
					"uv": [11.375, 10.0625, 11.5, 10.1875],
					"texture": "#0"
				},
				"east": {
					"uv": [10.375, 4.125, 10.6875, 4.25],
					"texture": "#0"
				},
				"south": {
					"uv": [10.25, 11.375, 10.375, 11.5],
					"texture": "#0"
				},
				"west": {
					"uv": [10.375, 6.1875, 10.6875, 6.3125],
					"texture": "#0"
				},
				"up": {
					"uv": [9.0625, 10.6875, 8.9375, 10.375],
					"texture": "#0"
				},
				"down": {
					"uv": [9.25, 10.375, 9.125, 10.6875],
					"texture": "#0"
				}
			}
		},
		{
			"from": [20.22433, 8.24104, 11.98222],
			"to": [21.0975, 9.1142, 16.67548],
			"rotation": {
				"angle": 0,
				"axis": "y",
				"origin": [11.49267, 15.50084, 8.87317]
			},
			"faces": {
				"north": {
					"uv": [11.5, 0.375, 11.625, 0.5],
					"texture": "#0"
				},
				"east": {
					"uv": [8.5625, 7.5625, 9.25, 7.6875],
					"texture": "#0"
				},
				"south": {
					"uv": [0.5, 11.5, 0.625, 11.625],
					"texture": "#0"
				},
				"west": {
					"uv": [8.5625, 7.75, 9.25, 7.875],
					"texture": "#0"
				},
				"up": {
					"uv": [1.125, 9.25, 1, 8.5625],
					"texture": "#0"
				},
				"down": {
					"uv": [6.375, 8.5625, 6.25, 9.25],
					"texture": "#0"
				}
			}
		},
		{
			"from": [20.22433, 7.91321, 4.59094],
			"to": [21.0975, 8.78638, 6.55556],
			"rotation": {
				"angle": -45,
				"axis": "x",
				"origin": [11.49267, 15.50084, 8.87317]
			},
			"faces": {
				"north": {
					"uv": [11.5, 0.1875, 11.625, 0.3125],
					"texture": "#0"
				},
				"east": {
					"uv": [0.75, 10.4375, 1.0625, 10.5625],
					"texture": "#0"
				},
				"south": {
					"uv": [0.3125, 11.5, 0.4375, 11.625],
					"texture": "#0"
				},
				"west": {
					"uv": [10.4375, 2.4375, 10.75, 2.5625],
					"texture": "#0"
				},
				"up": {
					"uv": [1.25, 10.75, 1.125, 10.4375],
					"texture": "#0"
				},
				"down": {
					"uv": [2.8125, 10.4375, 2.6875, 10.75],
					"texture": "#0"
				}
			}
		},
		{
			"from": [20.22433, 15.63099, 18.90854],
			"to": [21.0975, 16.50415, 20.87317],
			"rotation": {
				"angle": 45,
				"axis": "x",
				"origin": [11.49267, 15.50084, 8.87317]
			},
			"faces": {
				"north": {
					"uv": [9.4375, 11.375, 9.5625, 11.5],
					"texture": "#0"
				},
				"east": {
					"uv": [10.375, 2.0625, 10.6875, 2.1875],
					"texture": "#0"
				},
				"south": {
					"uv": [10.0625, 11.375, 10.1875, 11.5],
					"texture": "#0"
				},
				"west": {
					"uv": [2.3125, 10.375, 2.625, 10.5],
					"texture": "#0"
				},
				"up": {
					"uv": [10.5, 4.0625, 10.375, 3.75],
					"texture": "#0"
				},
				"down": {
					"uv": [10.5, 4.625, 10.375, 4.9375],
					"texture": "#0"
				}
			}
		},
		{
			"from": [20.22433, 7.91321, 11.19077],
			"to": [21.0975, 8.78638, 13.15539],
			"rotation": {
				"angle": 45,
				"axis": "x",
				"origin": [11.49267, 15.50084, 8.87317]
			},
			"faces": {
				"north": {
					"uv": [11.5, 0.9375, 11.625, 1.0625],
					"texture": "#0"
				},
				"east": {
					"uv": [10.4375, 2.875, 10.75, 3],
					"texture": "#0"
				},
				"south": {
					"uv": [1.0625, 11.5, 1.1875, 11.625],
					"texture": "#0"
				},
				"west": {
					"uv": [10.4375, 3.0625, 10.75, 3.1875],
					"texture": "#0"
				},
				"up": {
					"uv": [3, 10.75, 2.875, 10.4375],
					"texture": "#0"
				},
				"down": {
					"uv": [4.1875, 10.4375, 4.0625, 10.75],
					"texture": "#0"
				}
			}
		},
		{
			"from": [20.22433, 8.24104, 1.06764],
			"to": [21.0975, 9.1142, 5.7609],
			"rotation": {
				"angle": 0,
				"axis": "y",
				"origin": [11.49267, 15.50084, 8.87317]
			},
			"faces": {
				"north": {
					"uv": [0.6875, 11.5, 0.8125, 11.625],
					"texture": "#0"
				},
				"east": {
					"uv": [8.5625, 7.9375, 9.25, 8.0625],
					"texture": "#0"
				},
				"south": {
					"uv": [0.875, 11.5, 1, 11.625],
					"texture": "#0"
				},
				"west": {
					"uv": [8.5625, 8.5, 9.25, 8.625],
					"texture": "#0"
				},
				"up": {
					"uv": [6.5625, 9.25, 6.4375, 8.5625],
					"texture": "#0"
				},
				"down": {
					"uv": [7.25, 8.5625, 7.125, 9.25],
					"texture": "#0"
				}
			}
		},
		{
			"from": [20.22433, 7.3149, 17.60483],
			"to": [21.0975, 8.18807, 18.478],
			"rotation": {
				"angle": 0,
				"axis": "y",
				"origin": [11.49267, 15.50084, 8.87317]
			},
			"faces": {
				"north": {
					"uv": [1.6875, 11.4375, 1.8125, 11.5625],
					"texture": "#0"
				},
				"east": {
					"uv": [3.4375, 11.4375, 3.5625, 11.5625],
					"texture": "#0"
				},
				"south": {
					"uv": [4, 11.4375, 4.125, 11.5625],
					"texture": "#0"
				},
				"west": {
					"uv": [11.4375, 4.875, 11.5625, 5],
					"texture": "#0"
				},
				"up": {
					"uv": [11.5625, 5.1875, 11.4375, 5.0625],
					"texture": "#0"
				},
				"down": {
					"uv": [11.5625, 5.25, 11.4375, 5.375],
					"texture": "#0"
				}
			}
		},
		{
			"from": [1.88784, 7.3149, 17.60483],
			"to": [2.761, 8.18807, 18.478],
			"rotation": {
				"angle": 0,
				"axis": "y",
				"origin": [11.49267, 15.50084, 8.87317]
			},
			"faces": {
				"north": {
					"uv": [10.4375, 11.375, 10.5625, 11.5],
					"texture": "#0"
				},
				"east": {
					"uv": [10.625, 11.375, 10.75, 11.5],
					"texture": "#0"
				},
				"south": {
					"uv": [10.8125, 11.375, 10.9375, 11.5],
					"texture": "#0"
				},
				"west": {
					"uv": [11, 11.375, 11.125, 11.5],
					"texture": "#0"
				},
				"up": {
					"uv": [11.3125, 11.5, 11.1875, 11.375],
					"texture": "#0"
				},
				"down": {
					"uv": [11.5, 11.375, 11.375, 11.5],
					"texture": "#0"
				}
			}
		},
		{
			"from": [7.12683, 7.3149, -0.73166],
			"to": [8, 8.18807, 0.1415],
			"rotation": {
				"angle": 0,
				"axis": "y",
				"origin": [11.49267, 15.50084, 8.87317]
			},
			"faces": {
				"north": {
					"uv": [6.625, 11.375, 6.75, 11.5],
					"texture": "#0"
				},
				"east": {
					"uv": [6.8125, 11.375, 6.9375, 11.5],
					"texture": "#0"
				},
				"south": {
					"uv": [7, 11.375, 7.125, 11.5],
					"texture": "#0"
				},
				"west": {
					"uv": [7.1875, 11.375, 7.3125, 11.5],
					"texture": "#0"
				},
				"up": {
					"uv": [7.5, 11.5, 7.375, 11.375],
					"texture": "#0"
				},
				"down": {
					"uv": [7.6875, 11.375, 7.5625, 11.5],
					"texture": "#0"
				}
			}
		},
		{
			"from": [-0.50733, 15.63099, -0.73166],
			"to": [1.45729, 16.50415, 0.1415],
			"rotation": {
				"angle": 45,
				"axis": "z",
				"origin": [11.49267, 15.50084, 8.87317]
			},
			"faces": {
				"north": {
					"uv": [10.3125, 7.75, 10.625, 7.875],
					"texture": "#0"
				},
				"east": {
					"uv": [5.1875, 11.375, 5.3125, 11.5],
					"texture": "#0"
				},
				"south": {
					"uv": [10.3125, 7.9375, 10.625, 8.0625],
					"texture": "#0"
				},
				"west": {
					"uv": [11.375, 5.875, 11.5, 6],
					"texture": "#0"
				},
				"up": {
					"uv": [10.625, 8.25, 10.3125, 8.125],
					"texture": "#0"
				},
				"down": {
					"uv": [10.625, 8.3125, 10.3125, 8.4375],
					"texture": "#0"
				}
			}
		},
		{
			"from": [12.26671, 6.36965, -0.73166],
			"to": [14.23134, 7.24282, 0.1415],
			"rotation": {
				"angle": -45,
				"axis": "z",
				"origin": [11.49267, 15.50084, 8.87317]
			},
			"faces": {
				"north": {
					"uv": [3.1875, 10.3125, 3.5, 10.4375],
					"texture": "#0"
				},
				"east": {
					"uv": [11.375, 3.4375, 11.5, 3.5625],
					"texture": "#0"
				},
				"south": {
					"uv": [10.3125, 5.375, 10.625, 5.5],
					"texture": "#0"
				},
				"west": {
					"uv": [11.375, 3.625, 11.5, 3.75],
					"texture": "#0"
				},
				"up": {
					"uv": [10.625, 7.25, 10.3125, 7.125],
					"texture": "#0"
				},
				"down": {
					"uv": [10.625, 7.5625, 10.3125, 7.6875],
					"texture": "#0"
				}
			}
		},
		{
			"from": [18.478, 7.3149, 7.12683],
			"to": [19.35116, 9.06124, 7.56342],
			"rotation": {
				"angle": 0,
				"axis": "y",
				"origin": [11.49267, 15.50084, 8.87317]
			},
			"faces": {
				"north": {
					"uv": [8.75, 10.5625, 8.875, 10.8125],
					"texture": "#0"
				},
				"east": {
					"uv": [4.6875, 7.0625, 4.75, 7.3125],
					"texture": "#0"
				},
				"south": {
					"uv": [3.875, 10.625, 4, 10.875],
					"texture": "#0"
				},
				"west": {
					"uv": [8.4375, 9.75, 8.5, 10],
					"texture": "#0"
				},
				"up": {
					"uv": [1.6875, 8.3125, 1.5625, 8.25],
					"texture": "#0"
				},
				"down": {
					"uv": [9.9375, 2.25, 9.8125, 2.3125],
					"texture": "#0"
				}
			}
		},
		{
			"from": [18.478, 7.75149, 7.56342],
			"to": [19.35116, 8.18807, 17.16825],
			"rotation": {
				"angle": 0,
				"axis": "y",
				"origin": [11.49267, 15.50084, 8.87317]
			},
			"faces": {
				"north": {
					"uv": [9.9375, 12, 10.0625, 12.0625],
					"texture": "#0"
				},
				"east": {
					"uv": [8.5625, 2.625, 9.9375, 2.6875],
					"texture": "#0"
				},
				"south": {
					"uv": [12, 9.9375, 12.125, 10],
					"texture": "#0"
				},
				"west": {
					"uv": [8.5625, 7.4375, 9.9375, 7.5],
					"texture": "#0"
				},
				"up": {
					"uv": [3.4375, 8.0625, 3.3125, 6.6875],
					"texture": "#0"
				},
				"down": {
					"uv": [3.625, 6.6875, 3.5, 8.0625],
					"texture": "#0"
				}
			}
		},
		{
			"from": [18.478, 9.06124, 7.56342],
			"to": [19.35116, 9.49782, 17.16825],
			"rotation": {
				"angle": 0,
				"axis": "y",
				"origin": [11.49267, 15.50084, 8.87317]
			},
			"faces": {
				"north": {
					"uv": [1.5625, 10.625, 1.6875, 10.6875],
					"texture": "#0"
				},
				"east": {
					"uv": [8.5625, 2.375, 9.9375, 2.4375],
					"texture": "#0"
				},
				"south": {
					"uv": [12, 9.8125, 12.125, 9.875],
					"texture": "#0"
				},
				"west": {
					"uv": [8.5625, 2.5, 9.9375, 2.5625],
					"texture": "#0"
				},
				"up": {
					"uv": [3.0625, 8.0625, 2.9375, 6.6875],
					"texture": "#0"
				},
				"down": {
					"uv": [3.25, 6.6875, 3.125, 8.0625],
					"texture": "#0"
				}
			}
		},
		{
			"from": [18.478, 9.7126, 12.19181],
			"to": [19.35116, 10.32993, 12.62839],
			"rotation": {
				"angle": 45,
				"axis": "x",
				"origin": [11.49267, 15.50084, 8.87317]
			},
			"faces": {
				"north": {
					"uv": [10.6875, 12, 10.8125, 12.0625],
					"texture": "#0"
				},
				"east": {
					"uv": [9.3125, 0.375, 9.375, 0.4375],
					"texture": "#0"
				},
				"south": {
					"uv": [12, 10.75, 12.125, 10.8125],
					"texture": "#0"
				},
				"west": {
					"uv": [2.8125, 9.9375, 2.875, 10],
					"texture": "#0"
				},
				"up": {
					"uv": [11, 12.0625, 10.875, 12],
					"texture": "#0"
				},
				"down": {
					"uv": [12.125, 10.875, 12, 10.9375],
					"texture": "#0"
				}
			}
		},
		{
			"from": [3.63417, 7.3149, 17.16825],
			"to": [4.50733, 9.06124, 17.60483],
			"rotation": {
				"angle": 0,
				"axis": "y",
				"origin": [11.49267, 15.50084, 8.87317]
			},
			"faces": {
				"north": {
					"uv": [8.9375, 10.75, 9.0625, 11],
					"texture": "#0"
				},
				"east": {
					"uv": [3.875, 11.1875, 3.9375, 11.4375],
					"texture": "#0"
				},
				"south": {
					"uv": [9.125, 10.75, 9.25, 11],
					"texture": "#0"
				},
				"west": {
					"uv": [11.1875, 4.375, 11.25, 4.625],
					"texture": "#0"
				},
				"up": {
					"uv": [12.125, 11.0625, 12, 11],
					"texture": "#0"
				},
				"down": {
					"uv": [11.1875, 12, 11.0625, 12.0625],
					"texture": "#0"
				}
			}
		},
		{
			"from": [3.63417, 4.77323, 10.05732],
			"to": [4.50733, 5.39056, 10.4939],
			"rotation": {
				"angle": -45,
				"axis": "x",
				"origin": [11.49267, 15.50084, 8.87317]
			},
			"faces": {
				"north": {
					"uv": [12, 11.125, 12.125, 11.1875],
					"texture": "#0"
				},
				"east": {
					"uv": [7.5625, 10.125, 7.625, 10.1875],
					"texture": "#0"
				},
				"south": {
					"uv": [11.25, 12, 11.375, 12.0625],
					"texture": "#0"
				},
				"west": {
					"uv": [4.9375, 10.3125, 5, 10.375],
					"texture": "#0"
				},
				"up": {
					"uv": [12.125, 11.3125, 12, 11.25],
					"texture": "#0"
				},
				"down": {
					"uv": [12.125, 11.375, 12, 11.4375],
					"texture": "#0"
				}
			}
		},
		{
			"from": [3.63417, 9.09518, 11.57439],
			"to": [4.50733, 9.71251, 12.01097],
			"rotation": {
				"angle": 45,
				"axis": "x",
				"origin": [11.49267, 15.50084, 8.87317]
			},
			"faces": {
				"north": {
					"uv": [11.4375, 12, 11.5625, 12.0625],
					"texture": "#0"
				},
				"east": {
					"uv": [10.375, 4.3125, 10.4375, 4.375],
					"texture": "#0"
				},
				"south": {
					"uv": [12, 11.5, 12.125, 11.5625],
					"texture": "#0"
				},
				"west": {
					"uv": [7, 10.4375, 7.0625, 10.5],
					"texture": "#0"
				},
				"up": {
					"uv": [11.75, 12.0625, 11.625, 12],
					"texture": "#0"
				},
				"down": {
					"uv": [12.1875, 0, 12.0625, 0.0625],
					"texture": "#0"
				}
			}
		},
		{
			"from": [3.63417, 9.06124, 6.69025],
			"to": [4.50733, 9.49782, 17.16825],
			"rotation": {
				"angle": 0,
				"axis": "y",
				"origin": [11.49267, 15.50084, 8.87317]
			},
			"faces": {
				"north": {
					"uv": [12.0625, 0.125, 12.1875, 0.1875],
					"texture": "#0"
				},
				"east": {
					"uv": [8, 2.8125, 9.5, 2.875],
					"texture": "#0"
				},
				"south": {
					"uv": [12.0625, 0.25, 12.1875, 0.3125],
					"texture": "#0"
				},
				"west": {
					"uv": [8.1875, 0.75, 9.6875, 0.8125],
					"texture": "#0"
				},
				"up": {
					"uv": [5.5, 8.125, 5.375, 6.625],
					"texture": "#0"
				},
				"down": {
					"uv": [5.6875, 6.625, 5.5625, 8.125],
					"texture": "#0"
				}
			}
		},
		{
			"from": [3.63417, 7.75149, 6.69025],
			"to": [4.50733, 8.18807, 17.16825],
			"rotation": {
				"angle": 0,
				"axis": "y",
				"origin": [11.49267, 15.50084, 8.87317]
			},
			"faces": {
				"north": {
					"uv": [12.0625, 0.375, 12.1875, 0.4375],
					"texture": "#0"
				},
				"east": {
					"uv": [8.1875, 0.875, 9.6875, 0.9375],
					"texture": "#0"
				},
				"south": {
					"uv": [1, 12.0625, 1.125, 12.125],
					"texture": "#0"
				},
				"west": {
					"uv": [8.1875, 1, 9.6875, 1.0625],
					"texture": "#0"
				},
				"up": {
					"uv": [5.875, 8.125, 5.75, 6.625],
					"texture": "#0"
				},
				"down": {
					"uv": [6.0625, 6.625, 5.9375, 8.125],
					"texture": "#0"
				}
			}
		},
		{
			"from": [21.52804, 15.63099, -0.73166],
			"to": [23.49267, 16.50415, 0.1415],
			"rotation": {
				"angle": -45,
				"axis": "z",
				"origin": [11.49267, 15.50084, 8.87317]
			},
			"faces": {
				"north": {
					"uv": [10.375, 10, 10.6875, 10.125],
					"texture": "#0"
				},
				"east": {
					"uv": [11.5, 0, 11.625, 0.125],
					"texture": "#0"
				},
				"south": {
					"uv": [10.0625, 10.375, 10.375, 10.5],
					"texture": "#0"
				},
				"west": {
					"uv": [0.125, 11.5, 0.25, 11.625],
					"texture": "#0"
				},
				"up": {
					"uv": [0.3125, 10.5625, 0, 10.4375],
					"texture": "#0"
				},
				"down": {
					"uv": [0.6875, 10.4375, 0.375, 10.5625],
					"texture": "#0"
				}
			}
		},
		{
			"from": [16.78463, 8.24104, -0.73166],
			"to": [19.29498, 9.1142, 0.1415],
			"rotation": {
				"angle": 0,
				"axis": "y",
				"origin": [11.49267, 15.50084, 8.87317]
			},
			"faces": {
				"north": {
					"uv": [10, 7.375, 10.375, 7.5],
					"texture": "#0"
				},
				"east": {
					"uv": [11.4375, 10.875, 11.5625, 11],
					"texture": "#0"
				},
				"south": {
					"uv": [9.0625, 10, 9.4375, 10.125],
					"texture": "#0"
				},
				"west": {
					"uv": [11.4375, 11.0625, 11.5625, 11.1875],
					"texture": "#0"
				},
				"up": {
					"uv": [10.375, 9.5, 10, 9.375],
					"texture": "#0"
				},
				"down": {
					"uv": [9.875, 10, 9.5, 10.125],
					"texture": "#0"
				}
			}
		},
		{
			"from": [16.78463, 9.1142, -0.73166],
			"to": [17.6578, 11.18797, 0.1415],
			"rotation": {
				"angle": 0,
				"axis": "y",
				"origin": [11.49267, 15.50084, 8.87317]
			},
			"faces": {
				"north": {
					"uv": [3.4375, 10.5, 3.5625, 10.8125],
					"texture": "#0"
				},
				"east": {
					"uv": [8.125, 10.5, 8.25, 10.8125],
					"texture": "#0"
				},
				"south": {
					"uv": [8.3125, 10.5, 8.4375, 10.8125],
					"texture": "#0"
				},
				"west": {
					"uv": [10.5, 8.875, 10.625, 9.1875],
					"texture": "#0"
				},
				"up": {
					"uv": [11.25, 11.6875, 11.125, 11.5625],
					"texture": "#0"
				},
				"down": {
					"uv": [11.6875, 11.25, 11.5625, 11.375],
					"texture": "#0"
				}
			}
		},
		{
			"from": [14.98533, 7.3149, -0.73166],
			"to": [15.8585, 8.18807, 0.1415],
			"rotation": {
				"angle": 0,
				"axis": "y",
				"origin": [11.49267, 15.50084, 8.87317]
			},
			"faces": {
				"north": {
					"uv": [11.4375, 7.25, 11.5625, 7.375],
					"texture": "#0"
				},
				"east": {
					"uv": [8.8125, 11.4375, 8.9375, 11.5625],
					"texture": "#0"
				},
				"south": {
					"uv": [11.4375, 9, 11.5625, 9.125],
					"texture": "#0"
				},
				"west": {
					"uv": [11.4375, 9.1875, 11.5625, 9.3125],
					"texture": "#0"
				},
				"up": {
					"uv": [11.5625, 10.625, 11.4375, 10.5],
					"texture": "#0"
				},
				"down": {
					"uv": [11.5625, 10.6875, 11.4375, 10.8125],
					"texture": "#0"
				}
			}
		},
		{
			"from": [14.98533, 12.11732, -0.73166],
			"to": [15.8585, 12.99049, 0.1415],
			"rotation": {
				"angle": 0,
				"axis": "y",
				"origin": [11.49267, 15.50084, 8.87317]
			},
			"faces": {
				"north": {
					"uv": [9.375, 11.5625, 9.5, 11.6875],
					"texture": "#0"
				},
				"east": {
					"uv": [11.5625, 9.9375, 11.6875, 10.0625],
					"texture": "#0"
				},
				"south": {
					"uv": [10, 11.5625, 10.125, 11.6875],
					"texture": "#0"
				},
				"west": {
					"uv": [10.1875, 11.5625, 10.3125, 11.6875],
					"texture": "#0"
				},
				"up": {
					"uv": [10.5, 11.6875, 10.375, 11.5625],
					"texture": "#0"
				},
				"down": {
					"uv": [10.6875, 11.5625, 10.5625, 11.6875],
					"texture": "#0"
				}
			}
		},
		{
			"from": [16.35486, 15.93969, -0.73166],
			"to": [18.90887, 16.81286, 0.1415],
			"rotation": {
				"angle": -45,
				"axis": "z",
				"origin": [11.49267, 15.50084, 8.87317]
			},
			"faces": {
				"north": {
					"uv": [10.1875, 6.6875, 10.5625, 6.8125],
					"texture": "#0"
				},
				"east": {
					"uv": [10.75, 11.5625, 10.875, 11.6875],
					"texture": "#0"
				},
				"south": {
					"uv": [8.9375, 10.1875, 9.3125, 10.3125],
					"texture": "#0"
				},
				"west": {
					"uv": [10.9375, 11.5625, 11.0625, 11.6875],
					"texture": "#0"
				},
				"up": {
					"uv": [9.75, 10.3125, 9.375, 10.1875],
					"texture": "#0"
				},
				"down": {
					"uv": [10.1875, 10.1875, 9.8125, 10.3125],
					"texture": "#0"
				}
			}
		},
		{
			"from": [5.32753, 9.1142, -0.73166],
			"to": [6.2007, 11.18797, 0.1415],
			"rotation": {
				"angle": 0,
				"axis": "y",
				"origin": [11.49267, 15.50084, 8.87317]
			},
			"faces": {
				"north": {
					"uv": [2.3125, 10.5625, 2.4375, 10.875],
					"texture": "#0"
				},
				"east": {
					"uv": [2.5, 10.5625, 2.625, 10.875],
					"texture": "#0"
				},
				"south": {
					"uv": [10.5625, 3.25, 10.6875, 3.5625],
					"texture": "#0"
				},
				"west": {
					"uv": [10.5625, 3.75, 10.6875, 4.0625],
					"texture": "#0"
				},
				"up": {
					"uv": [11.75, 3, 11.625, 2.875],
					"texture": "#0"
				},
				"down": {
					"uv": [3.1875, 11.625, 3.0625, 11.75],
					"texture": "#0"
				}
			}
		},
		{
			"from": [4.07646, 15.93969, -0.73166],
			"to": [6.63047, 16.81286, 0.1415],
			"rotation": {
				"angle": 45,
				"axis": "z",
				"origin": [11.49267, 15.50084, 8.87317]
			},
			"faces": {
				"north": {
					"uv": [0, 10.25, 0.375, 10.375],
					"texture": "#0"
				},
				"east": {
					"uv": [2, 11.625, 2.125, 11.75],
					"texture": "#0"
				},
				"south": {
					"uv": [0.4375, 10.25, 0.8125, 10.375],
					"texture": "#0"
				},
				"west": {
					"uv": [2.1875, 11.625, 2.3125, 11.75],
					"texture": "#0"
				},
				"up": {
					"uv": [10.625, 0.75, 10.25, 0.625],
					"texture": "#0"
				},
				"down": {
					"uv": [10.625, 0.8125, 10.25, 0.9375],
					"texture": "#0"
				}
			}
		},
		{
			"from": [7.12683, 12.11732, -0.73166],
			"to": [8, 12.99049, 0.1415],
			"rotation": {
				"angle": 0,
				"axis": "y",
				"origin": [11.49267, 15.50084, 8.87317]
			},
			"faces": {
				"north": {
					"uv": [11.3125, 11.5625, 11.4375, 11.6875],
					"texture": "#0"
				},
				"east": {
					"uv": [11.5625, 11.4375, 11.6875, 11.5625],
					"texture": "#0"
				},
				"south": {
					"uv": [11.625, 1.3125, 11.75, 1.4375],
					"texture": "#0"
				},
				"west": {
					"uv": [1.4375, 11.625, 1.5625, 11.75],
					"texture": "#0"
				},
				"up": {
					"uv": [1.75, 11.75, 1.625, 11.625],
					"texture": "#0"
				},
				"down": {
					"uv": [1.9375, 11.625, 1.8125, 11.75],
					"texture": "#0"
				}
			}
		},
		{
			"from": [8.75399, 6.36965, -0.73166],
			"to": [10.71862, 7.24282, 0.1415],
			"rotation": {
				"angle": 45,
				"axis": "z",
				"origin": [11.49267, 15.50084, 8.87317]
			},
			"faces": {
				"north": {
					"uv": [10.375, 6.375, 10.6875, 6.5],
					"texture": "#0"
				},
				"east": {
					"uv": [11.4375, 6.875, 11.5625, 7],
					"texture": "#0"
				},
				"south": {
					"uv": [9.3125, 10.375, 9.625, 10.5],
					"texture": "#0"
				},
				"west": {
					"uv": [11.4375, 7.0625, 11.5625, 7.1875],
					"texture": "#0"
				},
				"up": {
					"uv": [10.6875, 9.6875, 10.375, 9.5625],
					"texture": "#0"
				},
				"down": {
					"uv": [10, 10.375, 9.6875, 10.5],
					"texture": "#0"
				}
			}
		},
		{
			"from": [7.98997, 6.36965, 17.60483],
			"to": [10.71862, 7.24282, 18.478],
			"rotation": {
				"angle": 45,
				"axis": "z",
				"origin": [11.49267, 15.50084, 8.87317]
			},
			"faces": {
				"north": {
					"uv": [10.0625, 4.4375, 10.4375, 4.5625],
					"texture": "#0"
				},
				"east": {
					"uv": [11.5, 7.4375, 11.625, 7.5625],
					"texture": "#0"
				},
				"south": {
					"uv": [6.5, 10.0625, 6.875, 10.1875],
					"texture": "#0"
				},
				"west": {
					"uv": [11.5, 7.625, 11.625, 7.75],
					"texture": "#0"
				},
				"up": {
					"uv": [10.4375, 9, 10.0625, 8.875],
					"texture": "#0"
				},
				"down": {
					"uv": [10.4375, 9.0625, 10.0625, 9.1875],
					"texture": "#0"
				}
			}
		},
		{
			"from": [16.78463, 8.24104, 17.60483],
			"to": [19.29498, 9.1142, 18.478],
			"rotation": {
				"angle": 0,
				"axis": "y",
				"origin": [11.49267, 15.50084, 8.87317]
			},
			"faces": {
				"north": {
					"uv": [9.9375, 10, 10.3125, 10.125],
					"texture": "#0"
				},
				"east": {
					"uv": [11.5, 6.25, 11.625, 6.375],
					"texture": "#0"
				},
				"south": {
					"uv": [0, 10.0625, 0.375, 10.1875],
					"texture": "#0"
				},
				"west": {
					"uv": [11.5, 6.4375, 11.625, 6.5625],
					"texture": "#0"
				},
				"up": {
					"uv": [1.3125, 10.1875, 0.9375, 10.0625],
					"texture": "#0"
				},
				"down": {
					"uv": [3.1875, 10.0625, 2.8125, 10.1875],
					"texture": "#0"
				}
			}
		},
		{
			"from": [21.52804, 15.63099, 17.60483],
			"to": [23.49267, 16.50415, 18.478],
			"rotation": {
				"angle": -45,
				"axis": "z",
				"origin": [11.49267, 15.50084, 8.87317]
			},
			"faces": {
				"north": {
					"uv": [10.4375, 7.3125, 10.75, 7.4375],
					"texture": "#0"
				},
				"east": {
					"uv": [5.375, 11.5, 5.5, 11.625],
					"texture": "#0"
				},
				"south": {
					"uv": [10.4375, 9.375, 10.75, 9.5],
					"texture": "#0"
				},
				"west": {
					"uv": [5.5625, 11.5, 5.6875, 11.625],
					"texture": "#0"
				},
				"up": {
					"uv": [10.75, 10.5, 10.4375, 10.375],
					"texture": "#0"
				},
				"down": {
					"uv": [10.8125, 0.1875, 10.5, 0.3125],
					"texture": "#0"
				}
			}
		},
		{
			"from": [-0.50733, 15.63099, 17.60483],
			"to": [1.45729, 16.50415, 18.478],
			"rotation": {
				"angle": 45,
				"axis": "z",
				"origin": [11.49267, 15.50084, 8.87317]
			},
			"faces": {
				"north": {
					"uv": [10.5, 0.375, 10.8125, 0.5],
					"texture": "#0"
				},
				"east": {
					"uv": [11.5, 8.1875, 11.625, 8.3125],
					"texture": "#0"
				},
				"south": {
					"uv": [10.5, 1.3125, 10.8125, 1.4375],
					"texture": "#0"
				},
				"west": {
					"uv": [11.5, 8.375, 11.625, 8.5],
					"texture": "#0"
				},
				"up": {
					"uv": [10.8125, 1.625, 10.5, 1.5],
					"texture": "#0"
				},
				"down": {
					"uv": [3.375, 10.5, 3.0625, 10.625],
					"texture": "#0"
				}
			}
		},
		{
			"from": [3.69035, 8.24104, 17.60483],
			"to": [6.2007, 9.1142, 18.478],
			"rotation": {
				"angle": 0,
				"axis": "y",
				"origin": [11.49267, 15.50084, 8.87317]
			},
			"faces": {
				"north": {
					"uv": [10.125, 3.25, 10.5, 3.375],
					"texture": "#0"
				},
				"east": {
					"uv": [7.9375, 11.5, 8.0625, 11.625],
					"texture": "#0"
				},
				"south": {
					"uv": [10.125, 3.4375, 10.5, 3.5625],
					"texture": "#0"
				},
				"west": {
					"uv": [11.5, 8, 11.625, 8.125],
					"texture": "#0"
				},
				"up": {
					"uv": [4.75, 10.25, 4.375, 10.125],
					"texture": "#0"
				},
				"down": {
					"uv": [10.5, 6.9375, 10.125, 7.0625],
					"texture": "#0"
				}
			}
		},
		{
			"from": [12.26671, 6.36965, 17.60483],
			"to": [14.99536, 7.24282, 18.478],
			"rotation": {
				"angle": -45,
				"axis": "z",
				"origin": [11.49267, 15.50084, 8.87317]
			},
			"faces": {
				"north": {
					"uv": [10.0625, 9.8125, 10.4375, 9.9375],
					"texture": "#0"
				},
				"east": {
					"uv": [7.75, 11.5, 7.875, 11.625],
					"texture": "#0"
				},
				"south": {
					"uv": [10.125, 0, 10.5, 0.125],
					"texture": "#0"
				},
				"west": {
					"uv": [11.5, 7.8125, 11.625, 7.9375],
					"texture": "#0"
				},
				"up": {
					"uv": [10.5, 2.8125, 10.125, 2.6875],
					"texture": "#0"
				},
				"down": {
					"uv": [3.625, 10.125, 3.25, 10.25],
					"texture": "#0"
				}
			}
		},
		{
			"from": [1.88784, 8.24104, 1.06764],
			"to": [2.761, 9.1142, 5.7609],
			"rotation": {
				"angle": 0,
				"axis": "y",
				"origin": [11.49267, 15.50084, 8.87317]
			},
			"faces": {
				"north": {
					"uv": [2.5, 11.5, 2.625, 11.625],
					"texture": "#0"
				},
				"east": {
					"uv": [8.625, 1.125, 9.3125, 1.25],
					"texture": "#0"
				},
				"south": {
					"uv": [11.5, 3.0625, 11.625, 3.1875],
					"texture": "#0"
				},
				"west": {
					"uv": [1.5625, 8.625, 2.25, 8.75],
					"texture": "#0"
				},
				"up": {
					"uv": [7.4375, 9.25, 7.3125, 8.5625],
					"texture": "#0"
				},
				"down": {
					"uv": [7.625, 8.5625, 7.5, 9.25],
					"texture": "#0"
				}
			}
		},
		{
			"from": [1.88784, 7.91321, 11.19077],
			"to": [2.761, 8.78638, 13.15539],
			"rotation": {
				"angle": 45,
				"axis": "x",
				"origin": [11.49267, 15.50084, 8.87317]
			},
			"faces": {
				"north": {
					"uv": [3.625, 11.5, 3.75, 11.625],
					"texture": "#0"
				},
				"east": {
					"uv": [4.25, 10.4375, 4.5625, 10.5625],
					"texture": "#0"
				},
				"south": {
					"uv": [3.8125, 11.5, 3.9375, 11.625],
					"texture": "#0"
				},
				"west": {
					"uv": [10.4375, 5.5625, 10.75, 5.6875],
					"texture": "#0"
				},
				"up": {
					"uv": [5.0625, 10.75, 4.9375, 10.4375],
					"texture": "#0"
				},
				"down": {
					"uv": [6.5625, 10.4375, 6.4375, 10.75],
					"texture": "#0"
				}
			}
		},
		{
			"from": [1.88784, 7.3149, 6.36281],
			"to": [2.761, 8.18807, 11.38352],
			"rotation": {
				"angle": 0,
				"axis": "y",
				"origin": [11.49267, 15.50084, 8.87317]
			},
			"faces": {
				"north": {
					"uv": [4.1875, 11.5, 4.3125, 11.625],
					"texture": "#0"
				},
				"east": {
					"uv": [8.5625, 2, 9.3125, 2.125],
					"texture": "#0"
				},
				"south": {
					"uv": [4.375, 11.5, 4.5, 11.625],
					"texture": "#0"
				},
				"west": {
					"uv": [8.5625, 2.1875, 9.3125, 2.3125],
					"texture": "#0"
				},
				"up": {
					"uv": [0.75, 9.3125, 0.625, 8.5625],
					"texture": "#0"
				},
				"down": {
					"uv": [0.9375, 8.5625, 0.8125, 9.3125],
					"texture": "#0"
				}
			}
		},
		{
			"from": [1.88784, 7.91321, 4.59094],
			"to": [2.761, 8.78638, 6.55556],
			"rotation": {
				"angle": -45,
				"axis": "x",
				"origin": [11.49267, 15.50084, 8.87317]
			},
			"faces": {
				"north": {
					"uv": [11.5, 4.5, 11.625, 4.625],
					"texture": "#0"
				},
				"east": {
					"uv": [10.4375, 5.75, 10.75, 5.875],
					"texture": "#0"
				},
				"south": {
					"uv": [11.5, 4.6875, 11.625, 4.8125],
					"texture": "#0"
				},
				"west": {
					"uv": [6.625, 10.4375, 6.9375, 10.5625],
					"texture": "#0"
				},
				"up": {
					"uv": [7.6875, 10.75, 7.5625, 10.4375],
					"texture": "#0"
				},
				"down": {
					"uv": [7.875, 10.4375, 7.75, 10.75],
					"texture": "#0"
				}
			}
		},
		{
			"from": [1.88784, 8.24104, 11.98222],
			"to": [2.761, 9.1142, 16.67548],
			"rotation": {
				"angle": 0,
				"axis": "y",
				"origin": [11.49267, 15.50084, 8.87317]
			},
			"faces": {
				"north": {
					"uv": [4.8125, 11.5, 4.9375, 11.625],
					"texture": "#0"
				},
				"east": {
					"uv": [8.6875, 2.9375, 9.375, 3.0625],
					"texture": "#0"
				},
				"south": {
					"uv": [5, 11.5, 5.125, 11.625],
					"texture": "#0"
				},
				"west": {
					"uv": [8.6875, 3.125, 9.375, 3.25],
					"texture": "#0"
				},
				"up": {
					"uv": [2.4375, 9.3125, 2.3125, 8.625],
					"texture": "#0"
				},
				"down": {
					"uv": [2.625, 8.625, 2.5, 9.3125],
					"texture": "#0"
				}
			}
		},
		{
			"from": [20.22433, 7.3149, 6.36281],
			"to": [21.0975, 8.18807, 11.38352],
			"rotation": {
				"angle": 0,
				"axis": "y",
				"origin": [11.49267, 15.50084, 8.87317]
			},
			"faces": {
				"north": {
					"uv": [11.5, 1.125, 11.625, 1.25],
					"texture": "#0"
				},
				"east": {
					"uv": [8.4375, 7.25, 9.1875, 7.375],
					"texture": "#0"
				},
				"south": {
					"uv": [1.25, 11.5, 1.375, 11.625],
					"texture": "#0"
				},
				"west": {
					"uv": [8.5, 0.3125, 9.25, 0.4375],
					"texture": "#0"
				},
				"up": {
					"uv": [4.3125, 9.25, 4.1875, 8.5],
					"texture": "#0"
				},
				"down": {
					"uv": [0.5625, 8.5625, 0.4375, 9.3125],
					"texture": "#0"
				}
			}
		},
		{
			"from": [20.22433, 7.3149, -0.73166],
			"to": [21.0975, 8.18807, 0.1415],
			"rotation": {
				"angle": 0,
				"axis": "y",
				"origin": [11.49267, 15.50084, 8.87317]
			},
			"faces": {
				"north": {
					"uv": [11.4375, 5.4375, 11.5625, 5.5625],
					"texture": "#0"
				},
				"east": {
					"uv": [11.4375, 5.625, 11.5625, 5.75],
					"texture": "#0"
				},
				"south": {
					"uv": [5.875, 11.4375, 6, 11.5625],
					"texture": "#0"
				},
				"west": {
					"uv": [6.0625, 11.4375, 6.1875, 11.5625],
					"texture": "#0"
				},
				"up": {
					"uv": [11.5625, 6.1875, 11.4375, 6.0625],
					"texture": "#0"
				},
				"down": {
					"uv": [11.5625, 6.6875, 11.4375, 6.8125],
					"texture": "#0"
				}
			}
		},
		{
			"from": [3.69035, 8.24104, -0.73166],
			"to": [6.2007, 9.1142, 0.1415],
			"rotation": {
				"angle": 0,
				"axis": "y",
				"origin": [11.49267, 15.50084, 8.87317]
			},
			"faces": {
				"north": {
					"uv": [9.9375, 9.625, 10.3125, 9.75],
					"texture": "#0"
				},
				"east": {
					"uv": [6.25, 11.375, 6.375, 11.5],
					"texture": "#0"
				},
				"south": {
					"uv": [10, 2.5, 10.375, 2.625],
					"texture": "#0"
				},
				"west": {
					"uv": [6.4375, 11.375, 6.5625, 11.5],
					"texture": "#0"
				},
				"up": {
					"uv": [10.375, 5.75, 10, 5.625],
					"texture": "#0"
				},
				"down": {
					"uv": [10.375, 5.8125, 10, 5.9375],
					"texture": "#0"
				}
			}
		},
		{
			"from": [3.63417, 7.3149, 6.25367],
			"to": [4.50733, 9.06124, 6.69025],
			"rotation": {
				"angle": 0,
				"axis": "y",
				"origin": [11.49267, 15.50084, 8.87317]
			},
			"faces": {
				"north": {
					"uv": [10.75, 9.5625, 10.875, 9.8125],
					"texture": "#0"
				},
				"east": {
					"uv": [7.8125, 11.1875, 7.875, 11.4375],
					"texture": "#0"
				},
				"south": {
					"uv": [10.75, 9.875, 10.875, 10.125],
					"texture": "#0"
				},
				"west": {
					"uv": [11.1875, 9.8125, 11.25, 10.0625],
					"texture": "#0"
				},
				"up": {
					"uv": [12.1875, 1.0625, 12.0625, 1],
					"texture": "#0"
				},
				"down": {
					"uv": [12.1875, 1.125, 12.0625, 1.1875],
					"texture": "#0"
				}
			}
		},
		{
			"from": [18.478, 4.77323, 10.05732],
			"to": [19.35116, 5.39056, 10.4939],
			"rotation": {
				"angle": -45,
				"axis": "x",
				"origin": [11.49267, 15.50084, 8.87317]
			},
			"faces": {
				"north": {
					"uv": [12, 10.375, 12.125, 10.4375],
					"texture": "#0"
				},
				"east": {
					"uv": [2.9375, 6.5625, 3, 6.625],
					"texture": "#0"
				},
				"south": {
					"uv": [10.5, 12, 10.625, 12.0625],
					"texture": "#0"
				},
				"west": {
					"uv": [8.625, 1.3125, 8.6875, 1.375],
					"texture": "#0"
				},
				"up": {
					"uv": [12.125, 10.5625, 12, 10.5],
					"texture": "#0"
				},
				"down": {
					"uv": [12.125, 10.625, 12, 10.6875],
					"texture": "#0"
				}
			}
		},
		{
			"from": [18.478, 7.3149, 17.16825],
			"to": [19.35116, 9.06124, 17.60483],
			"rotation": {
				"angle": 0,
				"axis": "y",
				"origin": [11.49267, 15.50084, 8.87317]
			},
			"faces": {
				"north": {
					"uv": [7.9375, 10.625, 8.0625, 10.875],
					"texture": "#0"
				},
				"east": {
					"uv": [2.5625, 11.1875, 2.625, 11.4375],
					"texture": "#0"
				},
				"south": {
					"uv": [4.75, 10.6875, 4.875, 10.9375],
					"texture": "#0"
				},
				"west": {
					"uv": [3.0625, 11.1875, 3.125, 11.4375],
					"texture": "#0"
				},
				"up": {
					"uv": [10.25, 12.0625, 10.125, 12],
					"texture": "#0"
				},
				"down": {
					"uv": [10.4375, 12, 10.3125, 12.0625],
					"texture": "#0"
				}
			}
		},
		{
			"from": [7.99127, 6.44174, -1.61356],
			"to": [14.99406, 12.99922, 5.48091],
			"rotation": {
				"angle": 0,
				"axis": "y",
				"origin": [11.49267, 15.50084, 8.87317]
			},
			"faces": {
				"north": {
					"uv": [5.1875, 5.625, 6.1875, 6.5625],
					"texture": "#0"
				},
				"east": {
					"uv": [5.875, 0, 6.875, 0.9375],
					"texture": "#0"
				},
				"south": {
					"uv": [5.875, 1, 6.875, 1.9375],
					"texture": "#0"
				},
				"west": {
					"uv": [5.875, 2, 6.875, 2.9375],
					"texture": "#0"
				},
				"up": {
					"uv": [4.0625, 6.625, 3.0625, 5.625],
					"texture": "#0"
				},
				"down": {
					"uv": [5.125, 5.625, 4.125, 6.625],
					"texture": "#0"
				}
			}
		}
	],
	"display": {
		"head": {
			"rotation": [0, 180, 0]
		}
	}
}