{
	"textures": {
		"0": "animated_java:item/assembler/assembler"
	},
	"elements": [
		{
			"from": [7.49997, 6.75, 6.5],
			"to": [8.49997, 9.25, 9.5],
			"rotation": {
				"angle": 0,
				"axis": "y",
				"origin": [13.69158, 22.41015, 2]
			},
			"faces": {
				"north": {
					"uv": [11.5625, 11.75, 11.625, 11.9375],
					"texture": "#0"
				},
				"east": {
					"uv": [10.75, 1.6875, 10.9375, 1.875],
					"texture": "#0"
				},
				"south": {
					"uv": [11.6875, 11.75, 11.75, 11.9375],
					"texture": "#0"
				},
				"west": {
					"uv": [1.8125, 10.75, 2, 10.9375],
					"texture": "#0"
				},
				"up": {
					"uv": [0.0625, 12, 0, 11.8125],
					"texture": "#0"
				},
				"down": {
					"uv": [11.875, 0.125, 11.8125, 0.3125],
					"texture": "#0"
				}
			}
		},
		{
			"from": [7.02402, 8.10095, 6.5],
			"to": [7.77402, 9.13649, 9.5],
			"rotation": {
				"angle": -45,
				"axis": "z",
				"origin": [7.39902, 8.61872, 8]
			},
			"faces": {
				"north": {
					"uv": [4.3125, 12.3125, 4.375, 12.375],
					"texture": "#0"
				},
				"east": {
					"uv": [0.25, 11.8125, 0.4375, 11.875],
					"texture": "#0"
				},
				"south": {
					"uv": [4.625, 12.3125, 4.6875, 12.375],
					"texture": "#0"
				},
				"west": {
					"uv": [0.75, 11.8125, 0.9375, 11.875],
					"texture": "#0"
				},
				"up": {
					"uv": [1.0625, 12, 1, 11.8125],
					"texture": "#0"
				},
				"down": {
					"uv": [1.1875, 11.8125, 1.125, 12],
					"texture": "#0"
				}
			}
		},
		{
			"from": [7.02402, 6.86351, 6.5],
			"to": [7.77402, 7.89905, 9.5],
			"rotation": {
				"angle": 45,
				"axis": "z",
				"origin": [7.39902, 7.38128, 8]
			},
			"faces": {
				"north": {
					"uv": [4.75, 12.3125, 4.8125, 12.375],
					"texture": "#0"
				},
				"east": {
					"uv": [11.8125, 1.3125, 12, 1.375],
					"texture": "#0"
				},
				"south": {
					"uv": [12.3125, 4.75, 12.375, 4.8125],
					"texture": "#0"
				},
				"west": {
					"uv": [1.375, 11.8125, 1.5625, 11.875],
					"texture": "#0"
				},
				"up": {
					"uv": [1.6875, 12, 1.625, 11.8125],
					"texture": "#0"
				},
				"down": {
					"uv": [1.8125, 11.8125, 1.75, 12],
					"texture": "#0"
				}
			}
		},
		{
			"from": [6.76774, 7.48223, 6.5],
			"to": [7.51774, 8.51777, 9.5],
			"rotation": {
				"angle": 0,
				"axis": "y",
				"origin": [7.14274, 8, 8]
			},
			"faces": {
				"north": {
					"uv": [4.875, 12.3125, 4.9375, 12.375],
					"texture": "#0"
				},
				"east": {
					"uv": [1.875, 11.8125, 2.0625, 11.875],
					"texture": "#0"
				},
				"south": {
					"uv": [12.3125, 4.875, 12.375, 4.9375],
					"texture": "#0"
				},
				"west": {
					"uv": [2.125, 11.8125, 2.3125, 11.875],
					"texture": "#0"
				},
				"up": {
					"uv": [3.0625, 12, 3, 11.8125],
					"texture": "#0"
				},
				"down": {
					"uv": [3.1875, 11.8125, 3.125, 12],
					"texture": "#0"
				}
			}
		},
		{
			"from": [8.22592, 8.10095, 6.5],
			"to": [8.97592, 9.13649, 9.5],
			"rotation": {
				"angle": 45,
				"axis": "z",
				"origin": [8.60092, 8.61872, 8]
			},
			"faces": {
				"north": {
					"uv": [12.3125, 5, 12.375, 5.0625],
					"texture": "#0"
				},
				"east": {
					"uv": [11.8125, 2.875, 12, 2.9375],
					"texture": "#0"
				},
				"south": {
					"uv": [12.3125, 5.125, 12.375, 5.1875],
					"texture": "#0"
				},
				"west": {
					"uv": [3.625, 11.8125, 3.8125, 11.875],
					"texture": "#0"
				},
				"up": {
					"uv": [4.1875, 12, 4.125, 11.8125],
					"texture": "#0"
				},
				"down": {
					"uv": [4.3125, 11.8125, 4.25, 12],
					"texture": "#0"
				}
			}
		},
		{
			"from": [8.08315, 7.00628, 6.5],
			"to": [9.11869, 7.75628, 9.5],
			"rotation": {
				"angle": 45,
				"axis": "z",
				"origin": [8.60092, 7.38128, 8]
			},
			"faces": {
				"north": {
					"uv": [5.1875, 12.3125, 5.25, 12.375],
					"texture": "#0"
				},
				"east": {
					"uv": [4.75, 11.8125, 4.9375, 11.875],
					"texture": "#0"
				},
				"south": {
					"uv": [12.3125, 5.25, 12.375, 5.3125],
					"texture": "#0"
				},
				"west": {
					"uv": [11.8125, 6.25, 12, 6.3125],
					"texture": "#0"
				},
				"up": {
					"uv": [11.875, 7.5625, 11.8125, 7.375],
					"texture": "#0"
				},
				"down": {
					"uv": [11.875, 7.625, 11.8125, 7.8125],
					"texture": "#0"
				}
			}
		},
		{
			"from": [7.24997, 5.5, 7],
			"to": [8.74997, 11, 9],
			"rotation": {
				"angle": 0,
				"axis": "y",
				"origin": [13.69158, 22.41015, 2]
			},
			"faces": {
				"north": {
					"uv": [7.375, 10.125, 7.5, 10.5],
					"texture": "#0"
				},
				"east": {
					"uv": [8.5625, 10.125, 8.6875, 10.5],
					"texture": "#0"
				},
				"south": {
					"uv": [8.75, 10.125, 8.875, 10.5],
					"texture": "#0"
				},
				"west": {
					"uv": [1.375, 10.1875, 1.5, 10.5625],
					"texture": "#0"
				},
				"up": {
					"uv": [3, 11.6875, 2.875, 11.5625],
					"texture": "#0"
				},
				"down": {
					"uv": [11.6875, 3.25, 11.5625, 3.375],
					"texture": "#0"
				}
			}
		},
		{
			"from": [7.49997, 11, 7.25],
			"to": [8.49997, 13.5, 8.5],
			"rotation": {
				"angle": 0,
				"axis": "y",
				"origin": [13.69158, 22.41015, 2]
			},
			"faces": {
				"north": {
					"uv": [9.6875, 11.8125, 9.75, 12],
					"texture": "#0"
				},
				"east": {
					"uv": [11.8125, 11.6875, 11.875, 11.875],
					"texture": "#0"
				},
				"south": {
					"uv": [11.875, 2.125, 11.9375, 2.3125],
					"texture": "#0"
				},
				"west": {
					"uv": [2.375, 11.875, 2.4375, 12.0625],
					"texture": "#0"
				},
				"up": {
					"uv": [5.5, 12.375, 5.4375, 12.3125],
					"texture": "#0"
				},
				"down": {
					"uv": [5.625, 12.3125, 5.5625, 12.375],
					"texture": "#0"
				}
			}
		},
		{
			"from": [7.74997, 13.5, 7.5],
			"to": [8.24997, 16, 8.25],
			"rotation": {
				"angle": 0,
				"axis": "y",
				"origin": [13.69158, 22.41015, 2]
			},
			"faces": {
				"north": {
					"uv": [11.875, 2.375, 11.9375, 2.5625],
					"texture": "#0"
				},
				"east": {
					"uv": [2.625, 11.875, 2.6875, 12.0625],
					"texture": "#0"
				},
				"south": {
					"uv": [2.75, 11.875, 2.8125, 12.0625],
					"texture": "#0"
				},
				"west": {
					"uv": [3.25, 11.875, 3.3125, 12.0625],
					"texture": "#0"
				},
				"up": {
					"uv": [5.9375, 12.375, 5.875, 12.3125],
					"texture": "#0"
				},
				"down": {
					"uv": [6.0625, 12.3125, 6, 12.375],
					"texture": "#0"
				}
			}
		},
		{
			"from": [8.4822, 7.48223, 6.5],
			"to": [9.2322, 8.51777, 9.5],
			"rotation": {
				"angle": 0,
				"axis": "y",
				"origin": [8.8572, 8, 8]
			},
			"faces": {
				"north": {
					"uv": [5.3125, 12.3125, 5.375, 12.375],
					"texture": "#0"
				},
				"east": {
					"uv": [11.8125, 6.375, 12, 6.4375],
					"texture": "#0"
				},
				"south": {
					"uv": [12.3125, 5.375, 12.375, 5.4375],
					"texture": "#0"
				},
				"west": {
					"uv": [11.8125, 7.875, 12, 7.9375],
					"texture": "#0"
				},
				"up": {
					"uv": [11.875, 8.1875, 11.8125, 8],
					"texture": "#0"
				},
				"down": {
					"uv": [9.625, 11.8125, 9.5625, 12],
					"texture": "#0"
				}
			}
		}
	],
	"display": {
		"head": {
			"rotation": [0, 180, 0]
		}
	}
}