{
	"textures": {
		"0": "animated_java:item/assembler/assembler"
	},
	"elements": [
		{
			"from": [7.50003, 6.75, 6.5],
			"to": [8.50003, 9.25, 9.5],
			"rotation": {
				"angle": 0,
				"axis": "y",
				"origin": [8.00003, 8, 8]
			},
			"faces": {
				"north": {
					"uv": [0.5, 11.9375, 0.5625, 12.125],
					"texture": "#0"
				},
				"east": {
					"uv": [10.75, 2.1875, 10.9375, 2.375],
					"texture": "#0"
				},
				"south": {
					"uv": [0.625, 11.9375, 0.6875, 12.125],
					"texture": "#0"
				},
				"west": {
					"uv": [10.75, 3.25, 10.9375, 3.4375],
					"texture": "#0"
				},
				"up": {
					"uv": [0.8125, 12.125, 0.75, 11.9375],
					"texture": "#0"
				},
				"down": {
					"uv": [0.9375, 11.9375, 0.875, 12.125],
					"texture": "#0"
				}
			}
		},
		{
			"from": [8.08321, 7.00628, 6.5],
			"to": [9.11875, 7.75628, 9.5],
			"rotation": {
				"angle": 45,
				"axis": "z",
				"origin": [8.60098, 7.38128, 8]
			},
			"faces": {
				"north": {
					"uv": [12.375, 5.75, 12.4375, 5.8125],
					"texture": "#0"
				},
				"east": {
					"uv": [11.875, 9.1875, 12.0625, 9.25],
					"texture": "#0"
				},
				"south": {
					"uv": [12.375, 5.875, 12.4375, 5.9375],
					"texture": "#0"
				},
				"west": {
					"uv": [11.9375, 0.875, 12.125, 0.9375],
					"texture": "#0"
				},
				"up": {
					"uv": [12, 1.1875, 11.9375, 1],
					"texture": "#0"
				},
				"down": {
					"uv": [1.3125, 11.9375, 1.25, 12.125],
					"texture": "#0"
				}
			}
		},
		{
			"from": [8.22598, 8.10095, 6.5],
			"to": [8.97598, 9.13649, 9.5],
			"rotation": {
				"angle": 45,
				"axis": "z",
				"origin": [8.60098, 8.61872, 8]
			},
			"faces": {
				"north": {
					"uv": [12.375, 6, 12.4375, 6.0625],
					"texture": "#0"
				},
				"east": {
					"uv": [1.375, 11.9375, 1.5625, 12],
					"texture": "#0"
				},
				"south": {
					"uv": [12.375, 6.125, 12.4375, 6.1875],
					"texture": "#0"
				},
				"west": {
					"uv": [1.875, 11.9375, 2.0625, 12],
					"texture": "#0"
				},
				"up": {
					"uv": [2.1875, 12.125, 2.125, 11.9375],
					"texture": "#0"
				},
				"down": {
					"uv": [2.3125, 11.9375, 2.25, 12.125],
					"texture": "#0"
				}
			}
		},
		{
			"from": [8.48226, 7.48223, 6.5],
			"to": [9.23226, 8.51777, 9.5],
			"rotation": {
				"angle": 0,
				"axis": "y",
				"origin": [8.85726, 8, 8]
			},
			"faces": {
				"north": {
					"uv": [12.375, 6.25, 12.4375, 6.3125],
					"texture": "#0"
				},
				"east": {
					"uv": [11.9375, 3, 12.125, 3.0625],
					"texture": "#0"
				},
				"south": {
					"uv": [12.375, 6.375, 12.4375, 6.4375],
					"texture": "#0"
				},
				"west": {
					"uv": [3.625, 11.9375, 3.8125, 12],
					"texture": "#0"
				},
				"up": {
					"uv": [2.5625, 12.125, 2.5, 11.9375],
					"texture": "#0"
				},
				"down": {
					"uv": [3.9375, 11.9375, 3.875, 12.125],
					"texture": "#0"
				}
			}
		},
		{
			"from": [7.02408, 6.86351, 6.5],
			"to": [7.77408, 7.89905, 9.5],
			"rotation": {
				"angle": 45,
				"axis": "z",
				"origin": [7.39908, 7.38128, 8]
			},
			"faces": {
				"north": {
					"uv": [12.375, 6.5, 12.4375, 6.5625],
					"texture": "#0"
				},
				"east": {
					"uv": [11.9375, 4.4375, 12.125, 4.5],
					"texture": "#0"
				},
				"south": {
					"uv": [12.375, 6.625, 12.4375, 6.6875],
					"texture": "#0"
				},
				"west": {
					"uv": [11.9375, 4.5625, 12.125, 4.625],
					"texture": "#0"
				},
				"up": {
					"uv": [4.4375, 12.125, 4.375, 11.9375],
					"texture": "#0"
				},
				"down": {
					"uv": [4.8125, 11.9375, 4.75, 12.125],
					"texture": "#0"
				}
			}
		},
		{
			"from": [6.88131, 8.24372, 6.5],
			"to": [7.91685, 8.99372, 9.5],
			"rotation": {
				"angle": 45,
				"axis": "z",
				"origin": [7.39908, 8.61872, 8]
			},
			"faces": {
				"north": {
					"uv": [6.75, 12.375, 6.8125, 12.4375],
					"texture": "#0"
				},
				"east": {
					"uv": [11.9375, 4.6875, 12.125, 4.75],
					"texture": "#0"
				},
				"south": {
					"uv": [6.875, 12.375, 6.9375, 12.4375],
					"texture": "#0"
				},
				"west": {
					"uv": [4.875, 11.9375, 5.0625, 12],
					"texture": "#0"
				},
				"up": {
					"uv": [5.4375, 12.125, 5.375, 11.9375],
					"texture": "#0"
				},
				"down": {
					"uv": [5.5625, 11.9375, 5.5, 12.125],
					"texture": "#0"
				}
			}
		},
		{
			"from": [7.50003, 2.5, 7.25],
			"to": [8.50003, 5, 8.5],
			"rotation": {
				"angle": 0,
				"axis": "y",
				"origin": [-1.96309, -1.79869, 2]
			},
			"faces": {
				"north": {
					"uv": [7.75, 11.9375, 7.8125, 12.125],
					"texture": "#0"
				},
				"east": {
					"uv": [7.875, 11.9375, 7.9375, 12.125],
					"texture": "#0"
				},
				"south": {
					"uv": [8, 11.9375, 8.0625, 12.125],
					"texture": "#0"
				},
				"west": {
					"uv": [11.9375, 8, 12, 8.1875],
					"texture": "#0"
				},
				"up": {
					"uv": [7.3125, 12.4375, 7.25, 12.375],
					"texture": "#0"
				},
				"down": {
					"uv": [12.4375, 7.3125, 12.375, 7.375],
					"texture": "#0"
				}
			}
		},
		{
			"from": [7.75003, 0, 7.5],
			"to": [8.25003, 2.5, 8.25],
			"rotation": {
				"angle": 0,
				"axis": "y",
				"origin": [-1.96309, -1.79869, 2]
			},
			"faces": {
				"north": {
					"uv": [8.5, 11.9375, 8.5625, 12.125],
					"texture": "#0"
				},
				"east": {
					"uv": [8.875, 11.9375, 8.9375, 12.125],
					"texture": "#0"
				},
				"south": {
					"uv": [9, 11.9375, 9.0625, 12.125],
					"texture": "#0"
				},
				"west": {
					"uv": [11.9375, 9.3125, 12, 9.5],
					"texture": "#0"
				},
				"up": {
					"uv": [7.4375, 12.4375, 7.375, 12.375],
					"texture": "#0"
				},
				"down": {
					"uv": [12.4375, 7.4375, 12.375, 7.5],
					"texture": "#0"
				}
			}
		},
		{
			"from": [7.25003, 5, 7],
			"to": [8.75003, 10.5, 9],
			"rotation": {
				"angle": 0,
				"axis": "y",
				"origin": [-1.96309, -1.79869, 2]
			},
			"faces": {
				"north": {
					"uv": [5.875, 10.1875, 6, 10.5625],
					"texture": "#0"
				},
				"east": {
					"uv": [6.0625, 10.1875, 6.1875, 10.5625],
					"texture": "#0"
				},
				"south": {
					"uv": [6.25, 10.1875, 6.375, 10.5625],
					"texture": "#0"
				},
				"west": {
					"uv": [10.1875, 6.25, 10.3125, 6.625],
					"texture": "#0"
				},
				"up": {
					"uv": [11.6875, 8.8125, 11.5625, 8.6875],
					"texture": "#0"
				},
				"down": {
					"uv": [9.3125, 11.5625, 9.1875, 11.6875],
					"texture": "#0"
				}
			}
		},
		{
			"from": [6.7678, 7.48223, 6.5],
			"to": [7.5178, 8.51777, 9.5],
			"rotation": {
				"angle": 0,
				"axis": "y",
				"origin": [7.1428, 8, 8]
			},
			"faces": {
				"north": {
					"uv": [7, 12.375, 7.0625, 12.4375],
					"texture": "#0"
				},
				"east": {
					"uv": [11.9375, 6.5, 12.125, 6.5625],
					"texture": "#0"
				},
				"south": {
					"uv": [7.125, 12.375, 7.1875, 12.4375],
					"texture": "#0"
				},
				"west": {
					"uv": [11.9375, 7.375, 12.125, 7.4375],
					"texture": "#0"
				},
				"up": {
					"uv": [5.6875, 12.125, 5.625, 11.9375],
					"texture": "#0"
				},
				"down": {
					"uv": [12, 7.5, 11.9375, 7.6875],
					"texture": "#0"
				}
			}
		}
	],
	"display": {
		"head": {
			"rotation": [0, 180, 0]
		}
	}
}