{
	"textures": {
		"0": "animated_java:item/assembler/assembler"
	},
	"elements": [
		{
			"from": [20.15381, 4.5, -0.84188],
			"to": [22.63909, 8.5, 5.15812],
			"rotation": {
				"angle": 45,
				"axis": "y",
				"origin": [21.75, 20.25, 21.25]
			},
			"faces": {
				"north": {
					"uv": [10.8125, 4.5, 10.9375, 4.75],
					"texture": "#0"
				},
				"east": {
					"uv": [8.1875, 1.125, 8.5625, 1.375],
					"texture": "#0"
				},
				"south": {
					"uv": [4.9375, 10.8125, 5.0625, 11.0625],
					"texture": "#0"
				},
				"west": {
					"uv": [3.5, 8.1875, 3.875, 8.4375],
					"texture": "#0"
				},
				"up": {
					"uv": [3.8125, 10.125, 3.6875, 9.75],
					"texture": "#0"
				},
				"down": {
					"uv": [4, 9.75, 3.875, 10.125],
					"texture": "#0"
				}
			}
		},
		{
			"from": [6.75736, 4.5, 5],
			"to": [9.24264, 8.5, 11],
			"rotation": {
				"angle": 0,
				"axis": "y",
				"origin": [21.75, 20.25, 21.25]
			},
			"faces": {
				"north": {
					"uv": [10.8125, 5.375, 10.9375, 5.625],
					"texture": "#0"
				},
				"east": {
					"uv": [3.9375, 8.1875, 4.3125, 8.4375],
					"texture": "#0"
				},
				"south": {
					"uv": [6.375, 10.8125, 6.5, 11.0625],
					"texture": "#0"
				},
				"west": {
					"uv": [5.375, 8.1875, 5.75, 8.4375],
					"texture": "#0"
				},
				"up": {
					"uv": [6, 10.125, 5.875, 9.75],
					"texture": "#0"
				},
				"down": {
					"uv": [6.1875, 9.75, 6.0625, 10.125],
					"texture": "#0"
				}
			}
		},
		{
			"from": [18.39645, 4.5, 0.91548],
			"to": [24.39645, 8.5, 3.40076],
			"rotation": {
				"angle": 45,
				"axis": "y",
				"origin": [21.75, 20.25, 21.25]
			},
			"faces": {
				"north": {
					"uv": [5.8125, 8.1875, 6.1875, 8.4375],
					"texture": "#0"
				},
				"east": {
					"uv": [10.8125, 6.8125, 10.9375, 7.0625],
					"texture": "#0"
				},
				"south": {
					"uv": [0, 8.25, 0.375, 8.5],
					"texture": "#0"
				},
				"west": {
					"uv": [6.875, 10.8125, 7, 11.0625],
					"texture": "#0"
				},
				"up": {
					"uv": [10.25, 1.4375, 9.875, 1.3125],
					"texture": "#0"
				},
				"down": {
					"uv": [10.25, 1.5, 9.875, 1.625],
					"texture": "#0"
				}
			}
		},
		{
			"from": [5, 4.5, 6.75736],
			"to": [11, 8.5, 9.24264],
			"rotation": {
				"angle": 0,
				"axis": "y",
				"origin": [21.75, 20.25, 21.25]
			},
			"faces": {
				"north": {
					"uv": [0.4375, 8.25, 0.8125, 8.5],
					"texture": "#0"
				},
				"east": {
					"uv": [7.0625, 10.8125, 7.1875, 11.0625],
					"texture": "#0"
				},
				"south": {
					"uv": [0.875, 8.25, 1.25, 8.5],
					"texture": "#0"
				},
				"west": {
					"uv": [10.8125, 7.125, 10.9375, 7.375],
					"texture": "#0"
				},
				"up": {
					"uv": [10.25, 1.8125, 9.875, 1.6875],
					"texture": "#0"
				},
				"down": {
					"uv": [3.3125, 9.875, 2.9375, 10],
					"texture": "#0"
				}
			}
		},
		{
			"from": [4.99264, 8.5, 6.99264],
			"to": [7.99264, 9.5, 10.99264],
			"rotation": {
				"angle": 0,
				"axis": "y",
				"origin": [21.75, 20.25, 21.25]
			},
			"faces": {
				"north": {
					"uv": [9.4375, 6.375, 9.625, 6.4375],
					"texture": "#0"
				},
				"east": {
					"uv": [11.25, 3.875, 11.5, 3.9375],
					"texture": "#0"
				},
				"south": {
					"uv": [9.8125, 8.875, 10, 8.9375],
					"texture": "#0"
				},
				"west": {
					"uv": [10.9375, 11.25, 11.1875, 11.3125],
					"texture": "#0"
				},
				"up": {
					"uv": [8.375, 10, 8.1875, 9.75],
					"texture": "#0"
				},
				"down": {
					"uv": [1.625, 9.875, 1.4375, 10.125],
					"texture": "#0"
				}
			}
		},
		{
			"from": [7.99264, 8.5, 4.99264],
			"to": [10.99264, 9.5, 10.99264],
			"rotation": {
				"angle": 0,
				"axis": "y",
				"origin": [21.75, 20.25, 21.25]
			},
			"faces": {
				"north": {
					"uv": [1, 11.6875, 1.1875, 11.75],
					"texture": "#0"
				},
				"east": {
					"uv": [7.1875, 0.5625, 7.5625, 0.625],
					"texture": "#0"
				},
				"south": {
					"uv": [11.6875, 1.0625, 11.875, 1.125],
					"texture": "#0"
				},
				"west": {
					"uv": [9.375, 2.25, 9.75, 2.3125],
					"texture": "#0"
				},
				"up": {
					"uv": [0.1875, 9.25, 0, 8.875],
					"texture": "#0"
				},
				"down": {
					"uv": [9.0625, 4.0625, 8.875, 4.4375],
					"texture": "#0"
				}
			}
		},
		{
			"from": [7.99264, 1.14555, 17.35571],
			"to": [10.99264, 5.39555, 19.60571],
			"rotation": {
				"angle": 45,
				"axis": "x",
				"origin": [21.75, 20.25, 21.25]
			},
			"faces": {
				"north": {
					"uv": [6.25, 9.875, 6.4375, 10.125],
					"texture": "#0"
				},
				"east": {
					"uv": [7.25, 10.8125, 7.375, 11.0625],
					"texture": "#0"
				},
				"south": {
					"uv": [7.125, 9.875, 7.3125, 10.125],
					"texture": "#0"
				},
				"west": {
					"uv": [7.4375, 10.8125, 7.5625, 11.0625],
					"texture": "#0"
				},
				"up": {
					"uv": [11.25, 0.125, 11.0625, 0],
					"texture": "#0"
				},
				"down": {
					"uv": [11.25, 0.1875, 11.0625, 0.3125],
					"texture": "#0"
				}
			}
		},
		{
			"from": [7.99264, 9.5, 9.99264],
			"to": [10.99264, 11.5, 10.99264],
			"rotation": {
				"angle": 0,
				"axis": "y",
				"origin": [21.75, 20.25, 21.25]
			},
			"faces": {
				"north": {
					"uv": [11.0625, 0.375, 11.25, 0.5],
					"texture": "#0"
				},
				"east": {
					"uv": [12.125, 1.375, 12.1875, 1.5],
					"texture": "#0"
				},
				"south": {
					"uv": [11.0625, 1.0625, 11.25, 1.1875],
					"texture": "#0"
				},
				"west": {
					"uv": [12.125, 1.5625, 12.1875, 1.6875],
					"texture": "#0"
				},
				"up": {
					"uv": [10.125, 4, 9.9375, 3.9375],
					"texture": "#0"
				},
				"down": {
					"uv": [10.1875, 0.625, 10, 0.6875],
					"texture": "#0"
				}
			}
		},
		{
			"from": [7.99264, 21.31608, 6.80977],
			"to": [10.99264, 22.73008, 7.80977],
			"rotation": {
				"angle": -45,
				"axis": "x",
				"origin": [21.75, 20.25, 21.25]
			},
			"faces": {
				"north": {
					"uv": [10.375, 6.5625, 10.5625, 6.625],
					"texture": "#0"
				},
				"east": {
					"uv": [8.5, 11.375, 8.5625, 11.4375],
					"texture": "#0"
				},
				"south": {
					"uv": [11.5625, 10.125, 11.75, 10.1875],
					"texture": "#0"
				},
				"west": {
					"uv": [11.4375, 11.25, 11.5, 11.3125],
					"texture": "#0"
				},
				"up": {
					"uv": [11.8125, 4.4375, 11.625, 4.375],
					"texture": "#0"
				},
				"down": {
					"uv": [11.8125, 5.375, 11.625, 5.4375],
					"texture": "#0"
				}
			}
		},
		{
			"from": [7.99264, 9.5, 7.99264],
			"to": [10.99264, 12.5, 9.99264],
			"rotation": {
				"angle": 0,
				"axis": "y",
				"origin": [21.75, 20.25, 21.25]
			},
			"faces": {
				"north": {
					"uv": [10.5, 4.3125, 10.6875, 4.5],
					"texture": "#0"
				},
				"east": {
					"uv": [11, 10.1875, 11.125, 10.375],
					"texture": "#0"
				},
				"south": {
					"uv": [10.5, 9.75, 10.6875, 9.9375],
					"texture": "#0"
				},
				"west": {
					"uv": [11, 10.4375, 11.125, 10.625],
					"texture": "#0"
				},
				"up": {
					"uv": [11.1875, 10.8125, 11, 10.6875],
					"texture": "#0"
				},
				"down": {
					"uv": [11.1875, 10.875, 11, 11],
					"texture": "#0"
				}
			}
		}
	],
	"display": {
		"head": {
			"rotation": [0, 180, 0]
		}
	}
}