{
	"textures": {
		"2": "expansion:vehicles/mech_torso/gatling_gun"
	},
	"elements": [
		{
			"from": [
				6.946824861128409,
				2.434869686362063,
				7.350452387894253
			],
			"to": [
				7.382528920764676,
				12.456063057996204,
				7.78615644753052
			],
			"rotation": {
				"angle": 0,
				"axis": "y",
				"origin": [
					13.91808981530868,
					15.505991475450074,
					11.053936894802522
				]
			},
			"faces": {
				"north": {
					"uv": [
						6.25,
						7.5,
						6.375,
						10.375
					],
					"texture": "#2"
				},
				"east": {
					"uv": [
						0,
						7.625,
						0.125,
						10.5
					],
					"texture": "#2"
				},
				"south": {
					"uv": [
						0.25,
						7.625,
						0.375,
						10.5
					],
					"texture": "#2"
				},
				"west": {
					"uv": [
						1.875,
						7.75,
						2,
						10.625
					],
					"texture": "#2"
				},
				"up": {
					"uv": [
						4.625,
						3.375,
						4.5,
						3.25
					],
					"texture": "#2"
				},
				"down": {
					"uv": [
						4.625,
						3.5,
						4.5,
						3.625
					],
					"texture": "#2"
				}
			}
		},
		{
			"from": [
				7.774131015484559,
				2.434869686362063,
				6.870646363341603
			],
			"to": [
				8.209835075120827,
				12.456063057996204,
				7.306350422977871
			],
			"rotation": {
				"angle": 0,
				"axis": "y",
				"origin": [
					7.556278985666426,
					15.505991475450074,
					4.692126065160268
				]
			},
			"faces": {
				"north": {
					"uv": [
						2.125,
						7.75,
						2.25,
						10.625
					],
					"texture": "#2"
				},
				"east": {
					"uv": [
						2.375,
						7.75,
						2.5,
						10.625
					],
					"texture": "#2"
				},
				"south": {
					"uv": [
						2.625,
						7.75,
						2.75,
						10.625
					],
					"texture": "#2"
				},
				"west": {
					"uv": [
						2.875,
						7.75,
						3,
						10.625
					],
					"texture": "#2"
				},
				"up": {
					"uv": [
						2.125,
						5.5,
						2,
						5.375
					],
					"texture": "#2"
				},
				"down": {
					"uv": [
						2.125,
						5.625,
						2,
						5.75
					],
					"texture": "#2"
				}
			}
		},
		{
			"from": [
				7.774131015484559,
				2.434869686362063,
				8.61346260188667
			],
			"to": [
				8.209835075120827,
				12.456063057996204,
				9.04916666152294
			],
			"rotation": {
				"angle": 0,
				"axis": "y",
				"origin": [
					7.556278985666426,
					15.505991475450074,
					4.692126065160268
				]
			},
			"faces": {
				"north": {
					"uv": [
						3.125,
						7.75,
						3.25,
						10.625
					],
					"texture": "#2"
				},
				"east": {
					"uv": [
						3.375,
						7.75,
						3.5,
						10.625
					],
					"texture": "#2"
				},
				"south": {
					"uv": [
						3.625,
						7.75,
						3.75,
						10.625
					],
					"texture": "#2"
				},
				"west": {
					"uv": [
						3.875,
						7.75,
						4,
						10.625
					],
					"texture": "#2"
				},
				"up": {
					"uv": [
						2.125,
						6,
						2,
						5.875
					],
					"texture": "#2"
				},
				"down": {
					"uv": [
						2.125,
						6.125,
						2,
						6.25
					],
					"texture": "#2"
				}
			}
		},
		{
			"from": [
				6.946824861128409,
				2.434869686362063,
				8.221860507166786
			],
			"to": [
				7.382528920764676,
				12.456063057996204,
				8.657564566803053
			],
			"rotation": {
				"angle": 0,
				"axis": "y",
				"origin": [
					13.91808981530868,
					15.505991475450074,
					-3.7600011328305563
				]
			},
			"faces": {
				"north": {
					"uv": [
						7.25,
						7.75,
						7.375,
						10.625
					],
					"texture": "#2"
				},
				"east": {
					"uv": [
						7.5,
						7.75,
						7.625,
						10.625
					],
					"texture": "#2"
				},
				"south": {
					"uv": [
						7.75,
						7.75,
						7.875,
						10.625
					],
					"texture": "#2"
				},
				"west": {
					"uv": [
						4.125,
						8,
						4.25,
						10.875
					],
					"texture": "#2"
				},
				"up": {
					"uv": [
						2.125,
						6.5,
						2,
						6.375
					],
					"texture": "#2"
				},
				"down": {
					"uv": [
						5.25,
						7.375,
						5.125,
						7.5
					],
					"texture": "#2"
				}
			}
		},
		{
			"from": [
				8.689641099673477,
				2.434869686362063,
				7.350452387894253
			],
			"to": [
				9.125345159309743,
				12.456063057996204,
				7.78615644753052
			],
			"rotation": {
				"angle": 0,
				"axis": "y",
				"origin": [
					13.91808981530868,
					15.505991475450074,
					-3.7600011328305563
				]
			},
			"faces": {
				"north": {
					"uv": [
						4.375,
						8,
						4.5,
						10.875
					],
					"texture": "#2"
				},
				"east": {
					"uv": [
						4.625,
						8,
						4.75,
						10.875
					],
					"texture": "#2"
				},
				"south": {
					"uv": [
						4.875,
						8,
						5,
						10.875
					],
					"texture": "#2"
				},
				"west": {
					"uv": [
						8,
						7.75,
						8.125,
						10.625
					],
					"texture": "#2"
				},
				"up": {
					"uv": [
						8,
						1.875,
						7.875,
						1.75
					],
					"texture": "#2"
				},
				"down": {
					"uv": [
						8,
						2,
						7.875,
						2.125
					],
					"texture": "#2"
				}
			}
		},
		{
			"from": [
				8.689641099673477,
				2.434869686362063,
				8.221860507166786
			],
			"to": [
				9.125345159309743,
				12.456063057996204,
				8.657564566803053
			],
			"rotation": {
				"angle": 0,
				"axis": "y",
				"origin": [
					13.91808981530868,
					15.505991475450074,
					11.053936894802522
				]
			},
			"faces": {
				"north": {
					"uv": [
						8.125,
						1.75,
						8.25,
						4.625
					],
					"texture": "#2"
				},
				"east": {
					"uv": [
						5.125,
						8.125,
						5.25,
						11
					],
					"texture": "#2"
				},
				"south": {
					"uv": [
						5.375,
						8.125,
						5.5,
						11
					],
					"texture": "#2"
				},
				"west": {
					"uv": [
						5.625,
						8.125,
						5.75,
						11
					],
					"texture": "#2"
				},
				"up": {
					"uv": [
						8,
						2.375,
						7.875,
						2.25
					],
					"texture": "#2"
				},
				"down": {
					"uv": [
						8,
						2.5,
						7.875,
						2.625
					],
					"texture": "#2"
				}
			}
		},
		{
			"from": [
				-1.0467717415418054,
				3.306277805634598,
				28.08267194062225
			],
			"to": [
				0.036079200831612646,
				3.7419818652708647,
				30.696896298439853
			],
			"rotation": {
				"angle": 45,
				"axis": "y",
				"origin": [
					-22.071597069599733,
					29.44852138381062,
					8.43971253698492
				]
			},
			"faces": {
				"north": {
					"uv": [
						0.75,
						5.125,
						1.0625,
						5.25
					],
					"texture": "#2"
				},
				"east": {
					"uv": [
						10.125,
						9.75,
						10.875,
						9.875
					],
					"texture": "#2"
				},
				"south": {
					"uv": [
						0.5,
						9,
						0.8125,
						9.125
					],
					"texture": "#2"
				},
				"west": {
					"uv": [
						10.125,
						10,
						10.875,
						10.125
					],
					"texture": "#2"
				},
				"up": {
					"uv": [
						1.4375,
						9.125,
						1.125,
						8.375
					],
					"texture": "#2"
				},
				"down": {
					"uv": [
						8.6875,
						1.75,
						8.375,
						2.5
					],
					"texture": "#2"
				}
			}
		},
		{
			"from": [
				6.684870866393892,
				3.306277805634598,
				7.462585184682243
			],
			"to": [
				9.299095224211493,
				3.7419818652708647,
				8.545431770015064
			],
			"rotation": {
				"angle": 0,
				"axis": "y",
				"origin": [
					-22.071597069599733,
					29.44852138381062,
					8.43971253698492
				]
			},
			"faces": {
				"north": {
					"uv": [
						10.25,
						0,
						11,
						0.125
					],
					"texture": "#2"
				},
				"east": {
					"uv": [
						10.25,
						8.75,
						10.5625,
						8.875
					],
					"texture": "#2"
				},
				"south": {
					"uv": [
						10.25,
						1.125,
						11,
						1.25
					],
					"texture": "#2"
				},
				"west": {
					"uv": [
						0.375,
						10.625,
						0.6875,
						10.75
					],
					"texture": "#2"
				},
				"up": {
					"uv": [
						9,
						1.0625,
						8.25,
						0.75
					],
					"texture": "#2"
				},
				"down": {
					"uv": [
						9.125,
						2.625,
						8.375,
						2.9375
					],
					"texture": "#2"
				}
			}
		},
		{
			"from": [
				7.4505597526362815,
				3.306277805634598,
				6.696896298439853
			],
			"to": [
				8.533406337969103,
				3.7419818652708647,
				9.311120656257454
			],
			"rotation": {
				"angle": 0,
				"axis": "y",
				"origin": [
					-22.071597069599733,
					29.44852138381062,
					8.43971253698492
				]
			},
			"faces": {
				"north": {
					"uv": [
						10.625,
						1.625,
						10.9375,
						1.75
					],
					"texture": "#2"
				},
				"east": {
					"uv": [
						10.25,
						1.375,
						11,
						1.5
					],
					"texture": "#2"
				},
				"south": {
					"uv": [
						10.625,
						1.875,
						10.9375,
						2
					],
					"texture": "#2"
				},
				"west": {
					"uv": [
						10.25,
						5.625,
						11,
						5.75
					],
					"texture": "#2"
				},
				"up": {
					"uv": [
						8.6875,
						3.875,
						8.375,
						3.125
					],
					"texture": "#2"
				},
				"down": {
					"uv": [
						8.6875,
						4,
						8.375,
						4.75
					],
					"texture": "#2"
				}
			}
		},
		{
			"from": [
				-1.8124606277841941,
				3.306277805634598,
				28.848360826864642
			],
			"to": [
				0.8017637300334073,
				3.7419818652708647,
				29.931207412197463
			],
			"rotation": {
				"angle": 45,
				"axis": "y",
				"origin": [
					-22.071597069599733,
					29.44852138381062,
					8.43971253698492
				]
			},
			"faces": {
				"north": {
					"uv": [
						10.25,
						5.875,
						11,
						6
					],
					"texture": "#2"
				},
				"east": {
					"uv": [
						10.625,
						2.125,
						10.9375,
						2.25
					],
					"texture": "#2"
				},
				"south": {
					"uv": [
						10.25,
						6.125,
						11,
						6.25
					],
					"texture": "#2"
				},
				"west": {
					"uv": [
						10.625,
						2.375,
						10.9375,
						2.5
					],
					"texture": "#2"
				},
				"up": {
					"uv": [
						9.125,
						5.1875,
						8.375,
						4.875
					],
					"texture": "#2"
				},
				"down": {
					"uv": [
						9.125,
						5.375,
						8.375,
						5.6875
					],
					"texture": "#2"
				}
			}
		},
		{
			"from": [
				6.684870866393892,
				7.663318401997268,
				7.462585184682243
			],
			"to": [
				9.299095224211493,
				8.099022461633535,
				8.545431770015064
			],
			"rotation": {
				"angle": 0,
				"axis": "y",
				"origin": [
					-22.071597069599733,
					33.805561980173295,
					8.43971253698492
				]
			},
			"faces": {
				"north": {
					"uv": [
						10.25,
						6.375,
						11,
						6.5
					],
					"texture": "#2"
				},
				"east": {
					"uv": [
						10.625,
						2.625,
						10.9375,
						2.75
					],
					"texture": "#2"
				},
				"south": {
					"uv": [
						10.25,
						6.625,
						11,
						6.75
					],
					"texture": "#2"
				},
				"west": {
					"uv": [
						10.625,
						4.875,
						10.9375,
						5
					],
					"texture": "#2"
				},
				"up": {
					"uv": [
						9.25,
						1.5625,
						8.5,
						1.25
					],
					"texture": "#2"
				},
				"down": {
					"uv": [
						9.625,
						1.75,
						8.875,
						2.0625
					],
					"texture": "#2"
				}
			}
		},
		{
			"from": [
				-1.0467717415418054,
				7.663318401997268,
				28.08267194062225
			],
			"to": [
				0.036079200831612646,
				8.099022461633535,
				30.696896298439853
			],
			"rotation": {
				"angle": 45,
				"axis": "y",
				"origin": [
					-22.071597069599733,
					33.805561980173295,
					8.43971253698492
				]
			},
			"faces": {
				"north": {
					"uv": [
						9.75,
						10.625,
						10.0625,
						10.75
					],
					"texture": "#2"
				},
				"east": {
					"uv": [
						10.25,
						6.875,
						11,
						7
					],
					"texture": "#2"
				},
				"south": {
					"uv": [
						10.25,
						10.625,
						10.5625,
						10.75
					],
					"texture": "#2"
				},
				"west": {
					"uv": [
						10.25,
						7.125,
						11,
						7.25
					],
					"texture": "#2"
				},
				"up": {
					"uv": [
						9.1875,
						3.875,
						8.875,
						3.125
					],
					"texture": "#2"
				},
				"down": {
					"uv": [
						9.1875,
						4,
						8.875,
						4.75
					],
					"texture": "#2"
				}
			}
		},
		{
			"from": [
				6.684870866393892,
				8.534726521269802,
				7.462585184682243
			],
			"to": [
				9.299095224211493,
				10.27754275981487,
				8.545431770015064
			],
			"rotation": {
				"angle": 0,
				"axis": "y",
				"origin": [
					-22.071597069599733,
					34.676970099445825,
					8.43971253698492
				]
			},
			"faces": {
				"north": {
					"uv": [
						7.25,
						2.875,
						8,
						3.375
					],
					"texture": "#2"
				},
				"east": {
					"uv": [
						9.75,
						7.875,
						10.0625,
						8.375
					],
					"texture": "#2"
				},
				"south": {
					"uv": [
						7.25,
						3.5,
						8,
						4
					],
					"texture": "#2"
				},
				"west": {
					"uv": [
						8.25,
						9.75,
						8.5625,
						10.25
					],
					"texture": "#2"
				},
				"up": {
					"uv": [
						9.625,
						7.8125,
						8.875,
						7.5
					],
					"texture": "#2"
				},
				"down": {
					"uv": [
						9.625,
						8,
						8.875,
						8.3125
					],
					"texture": "#2"
				}
			}
		},
		{
			"from": [
				-1.0467717415418054,
				8.534726521269802,
				28.08267194062225
			],
			"to": [
				0.036079200831612646,
				10.27754275981487,
				30.696896298439853
			],
			"rotation": {
				"angle": 45,
				"axis": "y",
				"origin": [
					-22.071597069599733,
					34.676970099445825,
					8.43971253698492
				]
			},
			"faces": {
				"north": {
					"uv": [
						9.875,
						2.875,
						10.1875,
						3.375
					],
					"texture": "#2"
				},
				"east": {
					"uv": [
						7.25,
						4.125,
						8,
						4.625
					],
					"texture": "#2"
				},
				"south": {
					"uv": [
						9.875,
						3.5,
						10.1875,
						4
					],
					"texture": "#2"
				},
				"west": {
					"uv": [
						7.25,
						7.125,
						8,
						7.625
					],
					"texture": "#2"
				},
				"up": {
					"uv": [
						8.5625,
						9.625,
						8.25,
						8.875
					],
					"texture": "#2"
				},
				"down": {
					"uv": [
						9.1875,
						8.5,
						8.875,
						9.25
					],
					"texture": "#2"
				}
			}
		},
		{
			"from": [
				6.684870866393892,
				11.58465493872367,
				7.462585184682243
			],
			"to": [
				9.299095224211493,
				12.456063057996204,
				8.545431770015064
			],
			"rotation": {
				"angle": 0,
				"axis": "y",
				"origin": [
					-22.071597069599733,
					36.855490397627165,
					8.43971253698492
				]
			},
			"faces": {
				"north": {
					"uv": [
						5.75,
						0.75,
						6.5,
						1
					],
					"texture": "#2"
				},
				"east": {
					"uv": [
						4.25,
						6.375,
						4.5625,
						6.625
					],
					"texture": "#2"
				},
				"south": {
					"uv": [
						2,
						6.75,
						2.75,
						7
					],
					"texture": "#2"
				},
				"west": {
					"uv": [
						10.375,
						4.5,
						10.6875,
						4.75
					],
					"texture": "#2"
				},
				"up": {
					"uv": [
						9.875,
						1.0625,
						9.125,
						0.75
					],
					"texture": "#2"
				},
				"down": {
					"uv": [
						1.25,
						9.25,
						0.5,
						9.5625
					],
					"texture": "#2"
				}
			}
		},
		{
			"from": [
				-1.0467717415418054,
				11.58465493872367,
				28.08267194062225
			],
			"to": [
				0.036079200831612646,
				12.456063057996204,
				30.696896298439853
			],
			"rotation": {
				"angle": 45,
				"axis": "y",
				"origin": [
					-22.071597069599733,
					36.855490397627165,
					8.43971253698492
				]
			},
			"faces": {
				"north": {
					"uv": [
						8.25,
						10.375,
						8.5625,
						10.625
					],
					"texture": "#2"
				},
				"east": {
					"uv": [
						9.375,
						0,
						10.125,
						0.25
					],
					"texture": "#2"
				},
				"south": {
					"uv": [
						10.5,
						5.25,
						10.8125,
						5.5
					],
					"texture": "#2"
				},
				"west": {
					"uv": [
						9.5,
						0.375,
						10.25,
						0.625
					],
					"texture": "#2"
				},
				"up": {
					"uv": [
						6.8125,
						9.75,
						6.5,
						9
					],
					"texture": "#2"
				},
				"down": {
					"uv": [
						1.6875,
						9.25,
						1.375,
						10
					],
					"texture": "#2"
				}
			}
		},
		{
			"from": [
				7.4505597526362815,
				11.58465493872367,
				6.696896298439853
			],
			"to": [
				8.533406337969103,
				12.456063057996204,
				9.311120656257454
			],
			"rotation": {
				"angle": 0,
				"axis": "y",
				"origin": [
					-22.071597069599733,
					36.855490397627165,
					8.43971253698492
				]
			},
			"faces": {
				"north": {
					"uv": [
						6.25,
						10.5,
						6.5625,
						10.75
					],
					"texture": "#2"
				},
				"east": {
					"uv": [
						9.75,
						1.75,
						10.5,
						2
					],
					"texture": "#2"
				},
				"south": {
					"uv": [
						6.75,
						10.5,
						7.0625,
						10.75
					],
					"texture": "#2"
				},
				"west": {
					"uv": [
						9.75,
						2.125,
						10.5,
						2.375
					],
					"texture": "#2"
				},
				"up": {
					"uv": [
						9.5625,
						3,
						9.25,
						2.25
					],
					"texture": "#2"
				},
				"down": {
					"uv": [
						9.5625,
						4.875,
						9.25,
						5.625
					],
					"texture": "#2"
				}
			}
		},
		{
			"from": [
				7.4505597526362815,
				7.663318401997268,
				6.696896298439853
			],
			"to": [
				8.533406337969103,
				8.099022461633535,
				9.311120656257454
			],
			"rotation": {
				"angle": 0,
				"axis": "y",
				"origin": [
					-22.071597069599733,
					33.805561980173295,
					8.43971253698492
				]
			},
			"faces": {
				"north": {
					"uv": [
						10.75,
						0.625,
						11.0625,
						0.75
					],
					"texture": "#2"
				},
				"east": {
					"uv": [
						10.25,
						7.375,
						11,
						7.5
					],
					"texture": "#2"
				},
				"south": {
					"uv": [
						10.75,
						0.875,
						11.0625,
						1
					],
					"texture": "#2"
				},
				"west": {
					"uv": [
						10.25,
						7.625,
						11,
						7.75
					],
					"texture": "#2"
				},
				"up": {
					"uv": [
						9.6875,
						3.875,
						9.375,
						3.125
					],
					"texture": "#2"
				},
				"down": {
					"uv": [
						9.6875,
						4,
						9.375,
						4.75
					],
					"texture": "#2"
				}
			}
		},
		{
			"from": [
				-1.8124606277841941,
				7.663318401997268,
				28.848360826864642
			],
			"to": [
				0.8017637300334073,
				8.099022461633535,
				29.931207412197463
			],
			"rotation": {
				"angle": 45,
				"axis": "y",
				"origin": [
					-22.071597069599733,
					33.805561980173295,
					8.43971253698492
				]
			},
			"faces": {
				"north": {
					"uv": [
						10.25,
						7.875,
						11,
						8
					],
					"texture": "#2"
				},
				"east": {
					"uv": [
						1.75,
						10.75,
						2.0625,
						10.875
					],
					"texture": "#2"
				},
				"south": {
					"uv": [
						10.25,
						8.125,
						11,
						8.25
					],
					"texture": "#2"
				},
				"west": {
					"uv": [
						2.25,
						10.75,
						2.5625,
						10.875
					],
					"texture": "#2"
				},
				"up": {
					"uv": [
						10.125,
						1.5625,
						9.375,
						1.25
					],
					"texture": "#2"
				},
				"down": {
					"uv": [
						10.125,
						5.75,
						9.375,
						6.0625
					],
					"texture": "#2"
				}
			}
		},
		{
			"from": [
				-1.8124606277841941,
				11.58465493872367,
				28.848360826864642
			],
			"to": [
				0.8017637300334073,
				12.456063057996204,
				29.931207412197463
			],
			"rotation": {
				"angle": 45,
				"axis": "y",
				"origin": [
					-22.071597069599733,
					36.855490397627165,
					8.43971253698492
				]
			},
			"faces": {
				"north": {
					"uv": [
						9.75,
						2.5,
						10.5,
						2.75
					],
					"texture": "#2"
				},
				"east": {
					"uv": [
						8.75,
						10.5,
						9.0625,
						10.75
					],
					"texture": "#2"
				},
				"south": {
					"uv": [
						9.75,
						4.875,
						10.5,
						5.125
					],
					"texture": "#2"
				},
				"west": {
					"uv": [
						9.25,
						10.5,
						9.5625,
						10.75
					],
					"texture": "#2"
				},
				"up": {
					"uv": [
						10.125,
						6.5625,
						9.375,
						6.25
					],
					"texture": "#2"
				},
				"down": {
					"uv": [
						10.125,
						6.75,
						9.375,
						7.0625
					],
					"texture": "#2"
				}
			}
		},
		{
			"from": [
				-1.8124606277841941,
				8.534726521269802,
				28.848360826864642
			],
			"to": [
				0.8017637300334073,
				10.27754275981487,
				29.931207412197463
			],
			"rotation": {
				"angle": 45,
				"axis": "y",
				"origin": [
					-22.071597069599733,
					34.676970099445825,
					8.43971253698492
				]
			},
			"faces": {
				"north": {
					"uv": [
						7.375,
						0.625,
						8.125,
						1.125
					],
					"texture": "#2"
				},
				"east": {
					"uv": [
						9.875,
						4.125,
						10.1875,
						4.625
					],
					"texture": "#2"
				},
				"south": {
					"uv": [
						4.25,
						7.375,
						5,
						7.875
					],
					"texture": "#2"
				},
				"west": {
					"uv": [
						6.5,
						9.875,
						6.8125,
						10.375
					],
					"texture": "#2"
				},
				"up": {
					"uv": [
						10.125,
						8.8125,
						9.375,
						8.5
					],
					"texture": "#2"
				},
				"down": {
					"uv": [
						9.5,
						9.375,
						8.75,
						9.6875
					],
					"texture": "#2"
				}
			}
		},
		{
			"from": [
				7.4505597526362815,
				8.534726521269802,
				6.696896298439853
			],
			"to": [
				8.533406337969103,
				10.27754275981487,
				9.311120656257454
			],
			"rotation": {
				"angle": 0,
				"axis": "y",
				"origin": [
					-22.071597069599733,
					34.676970099445825,
					8.43971253698492
				]
			},
			"faces": {
				"north": {
					"uv": [
						8.75,
						9.875,
						9.0625,
						10.375
					],
					"texture": "#2"
				},
				"east": {
					"uv": [
						7.5,
						4.75,
						8.25,
						5.25
					],
					"texture": "#2"
				},
				"south": {
					"uv": [
						9.25,
						9.875,
						9.5625,
						10.375
					],
					"texture": "#2"
				},
				"west": {
					"uv": [
						7.5,
						5.375,
						8.25,
						5.875
					],
					"texture": "#2"
				},
				"up": {
					"uv": [
						9.9375,
						9.75,
						9.625,
						9
					],
					"texture": "#2"
				},
				"down": {
					"uv": [
						0.8125,
						9.75,
						0.5,
						10.5
					],
					"texture": "#2"
				}
			}
		}
	],
	"display": {
		"head": {
			"rotation": [
				0,
				180,
				0
			]
		}
	}
}