{
	"credit": "Made with Blockbench",
	"texture_size": [128, 128],
	"textures": {
		"1": "expansion:vehicles/rocket/rocket_cockpit"
	},
	"elements": [
		{
			"name": "octagon",
			"from": [5.51472, 0.5, 2],
			"to": [10.48528, 18.75, 13],
			"rotation": {"angle": 45, "axis": "y", "origin": [8, 15, 8]},
			"faces": {
				"north": {"uv": [3, 4.75, 3.625, 7.03125], "texture": "#1"},
				"east": {"uv": [0, 0, 1.375, 2.28125], "texture": "#1"},
				"south": {"uv": [3.625, 4.75, 4.25, 7.03125], "texture": "#1"},
				"west": {"uv": [1.375, 0, 2.75, 2.28125], "texture": "#1"},
				"up": {"uv": [7.375, 6.125, 6.75, 4.75], "texture": "#1"},
				"down": {"uv": [7.375, 6.125, 6.75, 7.5], "texture": "#1"}
			}
		},
		{
			"name": "octagon",
			"from": [5.51472, 0.5, 2],
			"to": [10.48528, 18.75, 13],
			"rotation": {"angle": 0, "axis": "y", "origin": [0, 7, 0]},
			"faces": {
				"north": {"uv": [4.25, 4.75, 4.875, 7.03125], "texture": "#1"},
				"east": {"uv": [0, 2.375, 1.375, 4.65625], "texture": "#1"},
				"south": {"uv": [4.875, 4.75, 5.5, 7.03125], "texture": "#1"},
				"west": {"uv": [1.375, 2.375, 2.75, 4.65625], "texture": "#1"},
				"up": {"uv": [3.125, 8.5, 2.5, 7.125], "texture": "#1"},
				"down": {"uv": [3.75, 7.125, 3.125, 8.5], "texture": "#1"}
			}
		},
		{
			"name": "octagon",
			"from": [5.51472, 0.5, 13],
			"to": [10.48528, 18.75, 14],
			"rotation": {"angle": 45, "axis": "y", "origin": [8, 15, 8]},
			"faces": {
				"north": {"uv": [5.5, 0, 6.125, 2.28125], "texture": "#1"},
				"east": {"uv": [7, 7.5, 7.125, 9.78125], "texture": "#1"},
				"south": {"uv": [5.5, 2.375, 6.125, 4.65625], "texture": "#1"},
				"west": {"uv": [7.125, 7.5, 7.25, 9.78125], "texture": "#1"},
				"up": {"uv": [9.125, 2.5, 8.5, 2.375], "texture": "#1"},
				"down": {"uv": [3.125, 8.5, 2.5, 8.625], "texture": "#1"}
			}
		},
		{
			"name": "octagon",
			"from": [5.51472, 0.5, 13],
			"to": [10.48528, 18.75, 14],
			"rotation": {"angle": 0, "axis": "y", "origin": [0, 7, 0]},
			"faces": {
				"north": {"uv": [5.5, 4.75, 6.125, 7.03125], "texture": "#1"},
				"east": {"uv": [7.25, 7.5, 7.375, 9.78125], "texture": "#1"},
				"south": {"uv": [6.125, 0, 6.75, 2.28125], "texture": "#1"},
				"west": {"uv": [6.25, 7.75, 6.375, 10.03125], "texture": "#1"},
				"up": {"uv": [9.125, 2.625, 8.5, 2.5], "texture": "#1"},
				"down": {"uv": [9.125, 2.625, 8.5, 2.75], "texture": "#1"}
			}
		},
		{
			"name": "octagon",
			"from": [3.61091, 0.5, 9.40381],
			"to": [14.61091, 18.75, 14.37437],
			"rotation": {"angle": 45, "axis": "y", "origin": [4.11091, 14.5, 11.88909]},
			"faces": {
				"north": {"uv": [2.75, 0, 4.125, 2.28125], "texture": "#1"},
				"east": {"uv": [6.125, 2.375, 6.75, 4.65625], "texture": "#1"},
				"south": {"uv": [2.75, 2.375, 4.125, 4.65625], "texture": "#1"},
				"west": {"uv": [6.125, 4.75, 6.75, 7.03125], "texture": "#1"},
				"up": {"uv": [5.125, 7.75, 3.75, 7.125], "texture": "#1"},
				"down": {"uv": [6.5, 7.125, 5.125, 7.75], "texture": "#1"}
			}
		},
		{
			"name": "octagon",
			"from": [2, 0.5, 5.51472],
			"to": [3, 18.75, 10.48528],
			"rotation": {"angle": 0, "axis": "y", "origin": [0, 7, 0]},
			"faces": {
				"north": {"uv": [6.375, 7.75, 6.5, 10.03125], "texture": "#1"},
				"east": {"uv": [0, 6.25, 0.625, 8.53125], "texture": "#1"},
				"south": {"uv": [7.875, 5.75, 8, 8.03125], "texture": "#1"},
				"west": {"uv": [0.625, 6.25, 1.25, 8.53125], "texture": "#1"},
				"up": {"uv": [2.625, 6.875, 2.5, 6.25], "texture": "#1"},
				"down": {"uv": [2.75, 6.25, 2.625, 6.875], "texture": "#1"}
			}
		},
		{
			"name": "octagon",
			"from": [13, 0.5, 5.51472],
			"to": [14, 18.75, 10.48528],
			"rotation": {"angle": 45, "axis": "y", "origin": [8, 15, 8]},
			"faces": {
				"north": {"uv": [8, 5.75, 8.125, 8.03125], "texture": "#1"},
				"east": {"uv": [1.25, 6.25, 1.875, 8.53125], "texture": "#1"},
				"south": {"uv": [7.375, 8, 7.5, 10.28125], "texture": "#1"},
				"west": {"uv": [1.875, 6.25, 2.5, 8.53125], "texture": "#1"},
				"up": {"uv": [2.875, 6.875, 2.75, 6.25], "texture": "#1"},
				"down": {"uv": [3, 6.25, 2.875, 6.875], "texture": "#1"}
			}
		},
		{
			"name": "octagon",
			"from": [3, 0.5, 5.51472],
			"to": [14, 18.75, 10.48528],
			"rotation": {"angle": 0, "axis": "y", "origin": [0, 7, 0]},
			"faces": {
				"north": {"uv": [4.125, 0, 5.5, 2.28125], "texture": "#1"},
				"east": {"uv": [6.75, 0, 7.375, 2.28125], "texture": "#1"},
				"south": {"uv": [4.125, 2.375, 5.5, 4.65625], "texture": "#1"},
				"west": {"uv": [6.75, 2.375, 7.375, 4.65625], "texture": "#1"},
				"up": {"uv": [8.75, 0.625, 7.375, 0], "texture": "#1"},
				"down": {"uv": [8.75, 0.625, 7.375, 1.25], "texture": "#1"}
			}
		},
		{
			"from": [14.08135, 0.56836, 2.34435],
			"to": [15.08135, 8.86836, 5.65685],
			"rotation": {"angle": 22.5, "axis": "z", "origin": [14.58135, -2.63164, 4.0006]},
			"faces": {
				"north": {"uv": [7.5, 8, 7.625, 9.03125], "texture": "#1"},
				"east": {"uv": [7.375, 1.25, 7.78125, 2.28125], "texture": "#1"},
				"south": {"uv": [7.625, 8, 7.75, 9.03125], "texture": "#1"},
				"west": {"uv": [7.375, 2.375, 7.78125, 3.40625], "texture": "#1"},
				"up": {"uv": [8.625, 3.15625, 8.5, 2.75], "texture": "#1"},
				"down": {"uv": [3.25, 8.5, 3.125, 8.90625], "texture": "#1"}
			}
		},
		{
			"from": [10.34435, 0.7206, 0.15328],
			"to": [13.65685, 9.0206, 1.15328],
			"rotation": {"angle": 22.5, "axis": "x", "origin": [11.8131, -4.4794, 0.65328]},
			"faces": {
				"north": {"uv": [7.375, 3.5, 7.78125, 4.53125], "texture": "#1"},
				"east": {"uv": [7.75, 8, 7.875, 9.03125], "texture": "#1"},
				"south": {"uv": [7.375, 4.625, 7.78125, 5.65625], "texture": "#1"},
				"west": {"uv": [8.125, 6.25, 8.25, 7.28125], "texture": "#1"},
				"up": {"uv": [2.90625, 7, 2.5, 6.875], "texture": "#1"},
				"down": {"uv": [2.90625, 7, 2.5, 7.125], "texture": "#1"}
			}
		},
		{
			"from": [2.34315, 0.7206, 0.15328],
			"to": [5.65565, 9.0206, 1.15328],
			"rotation": {"angle": 22.5, "axis": "x", "origin": [4.1869, -4.4794, 0.65328]},
			"faces": {
				"north": {"uv": [7.375, 5.75, 7.78125, 6.78125], "texture": "#1"},
				"east": {"uv": [8.125, 7.375, 8.25, 8.40625], "texture": "#1"},
				"south": {"uv": [7.375, 6.875, 7.78125, 7.90625], "texture": "#1"},
				"west": {"uv": [7.875, 8.125, 8, 9.15625], "texture": "#1"},
				"up": {"uv": [3.65625, 8.625, 3.25, 8.5], "texture": "#1"},
				"down": {"uv": [8.90625, 3.25, 8.5, 3.375], "texture": "#1"}
			}
		},
		{
			"from": [0.91865, 0.56836, 2.34435],
			"to": [1.91865, 8.86836, 5.65685],
			"rotation": {"angle": -22.5, "axis": "z", "origin": [1.41865, -2.63164, 4.0006]},
			"faces": {
				"north": {"uv": [8, 8.125, 8.125, 9.15625], "texture": "#1"},
				"east": {"uv": [6.5, 7.5, 6.90625, 8.53125], "texture": "#1"},
				"south": {"uv": [8.25, 6.25, 8.375, 7.28125], "texture": "#1"},
				"west": {"uv": [3.75, 7.75, 4.15625, 8.78125], "texture": "#1"},
				"up": {"uv": [8.625, 3.78125, 8.5, 3.375], "texture": "#1"},
				"down": {"uv": [8.625, 3.875, 8.5, 4.28125], "texture": "#1"}
			}
		},
		{
			"from": [0.91865, 0.56836, 10.34315],
			"to": [1.91865, 8.86836, 13.65565],
			"rotation": {"angle": -22.5, "axis": "z", "origin": [1.41865, -2.63164, 11.9994]},
			"faces": {
				"north": {"uv": [8.25, 7.375, 8.375, 8.40625], "texture": "#1"},
				"east": {"uv": [4.25, 7.75, 4.65625, 8.78125], "texture": "#1"},
				"south": {"uv": [8.375, 1.25, 8.5, 2.28125], "texture": "#1"},
				"west": {"uv": [4.75, 7.75, 5.15625, 8.78125], "texture": "#1"},
				"up": {"uv": [8.625, 4.78125, 8.5, 4.375], "texture": "#1"},
				"down": {"uv": [8.625, 4.875, 8.5, 5.28125], "texture": "#1"}
			}
		},
		{
			"from": [2.34315, 0.7206, 14.84672],
			"to": [5.65565, 9.0206, 15.84672],
			"rotation": {"angle": -22.5, "axis": "x", "origin": [4.1869, -4.4794, 15.34672]},
			"faces": {
				"north": {"uv": [5.25, 7.75, 5.65625, 8.78125], "texture": "#1"},
				"east": {"uv": [8.375, 2.375, 8.5, 3.40625], "texture": "#1"},
				"south": {"uv": [5.75, 7.75, 6.15625, 8.78125], "texture": "#1"},
				"west": {"uv": [8.375, 3.5, 8.5, 4.53125], "texture": "#1"},
				"up": {"uv": [8.90625, 5.5, 8.5, 5.375], "texture": "#1"},
				"down": {"uv": [8.90625, 5.5, 8.5, 5.625], "texture": "#1"}
			}
		},
		{
			"from": [10.34435, 0.7206, 14.84672],
			"to": [13.65685, 9.0206, 15.84672],
			"rotation": {"angle": -22.5, "axis": "x", "origin": [11.8131, -4.4794, 15.34672]},
			"faces": {
				"north": {"uv": [7.875, 1.25, 8.28125, 2.28125], "texture": "#1"},
				"east": {"uv": [8.375, 4.625, 8.5, 5.65625], "texture": "#1"},
				"south": {"uv": [7.875, 2.375, 8.28125, 3.40625], "texture": "#1"},
				"west": {"uv": [8.375, 6.25, 8.5, 7.28125], "texture": "#1"},
				"up": {"uv": [8.90625, 5.75, 8.5, 5.625], "texture": "#1"},
				"down": {"uv": [8.90625, 6.25, 8.5, 6.375], "texture": "#1"}
			}
		},
		{
			"from": [14.08135, 0.56836, 10.34315],
			"to": [15.08135, 8.86836, 13.65565],
			"rotation": {"angle": 22.5, "axis": "z", "origin": [14.58135, -2.63164, 11.9994]},
			"faces": {
				"north": {"uv": [8.375, 7.375, 8.5, 8.40625], "texture": "#1"},
				"east": {"uv": [7.875, 3.5, 8.28125, 4.53125], "texture": "#1"},
				"south": {"uv": [8.5, 1.25, 8.625, 2.28125], "texture": "#1"},
				"west": {"uv": [7.875, 4.625, 8.28125, 5.65625], "texture": "#1"},
				"up": {"uv": [8.625, 6.78125, 8.5, 6.375], "texture": "#1"},
				"down": {"uv": [8.625, 6.875, 8.5, 7.28125], "texture": "#1"}
			}
		},
		{
			"from": [10, 0.75, 2.375],
			"to": [13, 1.75, 3.375],
			"rotation": {"angle": 0, "axis": "y", "origin": [8.00005, 3.25066, 8.00111]},
			"faces": {
				"north": {"uv": [8.5, 7.375, 8.875, 7.5], "texture": "#1"},
				"east": {"uv": [4.125, 9, 4.25, 9.125], "texture": "#1"},
				"south": {"uv": [8.5, 7.5, 8.875, 7.625], "texture": "#1"},
				"west": {"uv": [9, 4.125, 9.125, 4.25], "texture": "#1"},
				"up": {"uv": [8.875, 7.75, 8.5, 7.625], "texture": "#1"},
				"down": {"uv": [8.875, 7.75, 8.5, 7.875], "texture": "#1"}
			}
		},
		{
			"from": [3, 0.75, 2.375],
			"to": [6, 1.75, 3.375],
			"rotation": {"angle": 0, "axis": "y", "origin": [8.00005, 3.25066, 8.00111]},
			"faces": {
				"north": {"uv": [8.5, 7.875, 8.875, 8], "texture": "#1"},
				"east": {"uv": [4.25, 9, 4.375, 9.125], "texture": "#1"},
				"south": {"uv": [8.5, 8, 8.875, 8.125], "texture": "#1"},
				"west": {"uv": [9, 4.25, 9.125, 4.375], "texture": "#1"},
				"up": {"uv": [8.5, 8.625, 8.125, 8.5], "texture": "#1"},
				"down": {"uv": [8.875, 8.125, 8.5, 8.25], "texture": "#1"}
			}
		},
		{
			"from": [3, 0.75, 12.625],
			"to": [6, 1.75, 13.625],
			"rotation": {"angle": 0, "axis": "y", "origin": [8.00005, 3.25066, 8.00111]},
			"faces": {
				"north": {"uv": [8.5, 8.25, 8.875, 8.375], "texture": "#1"},
				"east": {"uv": [4.375, 9, 4.5, 9.125], "texture": "#1"},
				"south": {"uv": [8.5, 8.375, 8.875, 8.5], "texture": "#1"},
				"west": {"uv": [9, 4.375, 9.125, 4.5], "texture": "#1"},
				"up": {"uv": [8.875, 8.625, 8.5, 8.5], "texture": "#1"},
				"down": {"uv": [0.375, 8.625, 0, 8.75], "texture": "#1"}
			}
		},
		{
			"from": [10, 0.75, 12.625],
			"to": [13, 1.75, 13.625],
			"rotation": {"angle": 0, "axis": "y", "origin": [8.00005, 3.25066, 8.00111]},
			"faces": {
				"north": {"uv": [0.375, 8.625, 0.75, 8.75], "texture": "#1"},
				"east": {"uv": [4.5, 9, 4.625, 9.125], "texture": "#1"},
				"south": {"uv": [0.75, 8.625, 1.125, 8.75], "texture": "#1"},
				"west": {"uv": [9, 4.5, 9.125, 4.625], "texture": "#1"},
				"up": {"uv": [1.5, 8.75, 1.125, 8.625], "texture": "#1"},
				"down": {"uv": [9, 1.25, 8.625, 1.375], "texture": "#1"}
			}
		},
		{
			"from": [10, 1.75, 2.375],
			"to": [12.75, 2.75, 3.375],
			"rotation": {"angle": 0, "axis": "y", "origin": [8.00005, 3.25066, 8.00111]},
			"faces": {
				"north": {"uv": [8.625, 3.125, 8.96875, 3.25], "texture": "#1"},
				"east": {"uv": [4.625, 9, 4.75, 9.125], "texture": "#1"},
				"south": {"uv": [3.25, 8.625, 3.59375, 8.75], "texture": "#1"},
				"west": {"uv": [9, 4.625, 9.125, 4.75], "texture": "#1"},
				"up": {"uv": [8.96875, 3.5, 8.625, 3.375], "texture": "#1"},
				"down": {"uv": [8.96875, 3.5, 8.625, 3.625], "texture": "#1"}
			}
		},
		{
			"from": [3.25, 1.75, 2.375],
			"to": [6, 2.75, 3.375],
			"rotation": {"angle": 0, "axis": "y", "origin": [8.00005, 3.25066, 8.00111]},
			"faces": {
				"north": {"uv": [8.625, 3.625, 8.96875, 3.75], "texture": "#1"},
				"east": {"uv": [4.75, 9, 4.875, 9.125], "texture": "#1"},
				"south": {"uv": [8.625, 3.75, 8.96875, 3.875], "texture": "#1"},
				"west": {"uv": [9, 4.75, 9.125, 4.875], "texture": "#1"},
				"up": {"uv": [8.96875, 4, 8.625, 3.875], "texture": "#1"},
				"down": {"uv": [8.96875, 4, 8.625, 4.125], "texture": "#1"}
			}
		},
		{
			"from": [3.25, 1.75, 12.625],
			"to": [6, 2.75, 13.625],
			"rotation": {"angle": 0, "axis": "y", "origin": [8.00005, 3.25066, 8.00111]},
			"faces": {
				"north": {"uv": [8.625, 4.125, 8.96875, 4.25], "texture": "#1"},
				"east": {"uv": [4.875, 9, 5, 9.125], "texture": "#1"},
				"south": {"uv": [8.625, 4.25, 8.96875, 4.375], "texture": "#1"},
				"west": {"uv": [9, 4.875, 9.125, 5], "texture": "#1"},
				"up": {"uv": [8.96875, 4.5, 8.625, 4.375], "texture": "#1"},
				"down": {"uv": [8.96875, 4.5, 8.625, 4.625], "texture": "#1"}
			}
		},
		{
			"from": [10, 1.75, 12.625],
			"to": [12.75, 2.75, 13.625],
			"rotation": {"angle": 0, "axis": "y", "origin": [8.00005, 3.25066, 8.00111]},
			"faces": {
				"north": {"uv": [8.625, 4.625, 8.96875, 4.75], "texture": "#1"},
				"east": {"uv": [5, 9, 5.125, 9.125], "texture": "#1"},
				"south": {"uv": [8.625, 4.75, 8.96875, 4.875], "texture": "#1"},
				"west": {"uv": [9, 5, 9.125, 5.125], "texture": "#1"},
				"up": {"uv": [8.96875, 5, 8.625, 4.875], "texture": "#1"},
				"down": {"uv": [8.96875, 5, 8.625, 5.125], "texture": "#1"}
			}
		},
		{
			"from": [10, 2.75, 2.375],
			"to": [12.25, 3.75, 3.375],
			"rotation": {"angle": 0, "axis": "y", "origin": [8.00005, 3.25066, 8.00111]},
			"faces": {
				"north": {"uv": [0.5, 8.75, 0.78125, 8.875], "texture": "#1"},
				"east": {"uv": [5.125, 9, 5.25, 9.125], "texture": "#1"},
				"south": {"uv": [8.75, 0.5, 9.03125, 0.625], "texture": "#1"},
				"west": {"uv": [9, 5.125, 9.125, 5.25], "texture": "#1"},
				"up": {"uv": [9.03125, 0.75, 8.75, 0.625], "texture": "#1"},
				"down": {"uv": [9.03125, 0.75, 8.75, 0.875], "texture": "#1"}
			}
		},
		{
			"from": [3.75, 2.75, 2.375],
			"to": [6, 3.75, 3.375],
			"rotation": {"angle": 0, "axis": "y", "origin": [8.00005, 3.25066, 8.00111]},
			"faces": {
				"north": {"uv": [0.875, 8.75, 1.15625, 8.875], "texture": "#1"},
				"east": {"uv": [5.25, 9, 5.375, 9.125], "texture": "#1"},
				"south": {"uv": [8.75, 0.875, 9.03125, 1], "texture": "#1"},
				"west": {"uv": [9, 5.25, 9.125, 5.375], "texture": "#1"},
				"up": {"uv": [9.03125, 1.125, 8.75, 1], "texture": "#1"},
				"down": {"uv": [9.03125, 1.125, 8.75, 1.25], "texture": "#1"}
			}
		},
		{
			"from": [3.75, 2.75, 12.625],
			"to": [6, 3.75, 13.625],
			"rotation": {"angle": 0, "axis": "y", "origin": [8.00005, 3.25066, 8.00111]},
			"faces": {
				"north": {"uv": [1.25, 8.75, 1.53125, 8.875], "texture": "#1"},
				"east": {"uv": [5.375, 9, 5.5, 9.125], "texture": "#1"},
				"south": {"uv": [8.75, 1.75, 9.03125, 1.875], "texture": "#1"},
				"west": {"uv": [9, 5.375, 9.125, 5.5], "texture": "#1"},
				"up": {"uv": [9.03125, 2, 8.75, 1.875], "texture": "#1"},
				"down": {"uv": [2.28125, 8.75, 2, 8.875], "texture": "#1"}
			}
		},
		{
			"from": [10, 2.75, 12.625],
			"to": [12.25, 3.75, 13.625],
			"rotation": {"angle": 0, "axis": "y", "origin": [11.125, 2.5, 13.125]},
			"faces": {
				"north": {"uv": [8.75, 2, 9.03125, 2.125], "texture": "#1"},
				"east": {"uv": [5.5, 9, 5.625, 9.125], "texture": "#1"},
				"south": {"uv": [2.625, 8.75, 2.90625, 8.875], "texture": "#1"},
				"west": {"uv": [9, 5.5, 9.125, 5.625], "texture": "#1"},
				"up": {"uv": [9.03125, 2.875, 8.75, 2.75], "texture": "#1"},
				"down": {"uv": [9.03125, 2.875, 8.75, 3], "texture": "#1"}
			}
		},
		{
			"from": [6.25, 6.82843, 13.07843],
			"to": [9.75, 7.07843, 13.97843],
			"rotation": {"angle": 0, "axis": "y", "origin": [7.50005, 3.57909, 8.45453]},
			"faces": {
				"north": {"uv": [9.125, 2.75, 9.5625, 2.78125], "texture": "#1"},
				"east": {"uv": [5.5, 9, 5.625, 9.125], "texture": "#1"},
				"south": {"uv": [8.75, 2, 9.03125, 2.125], "texture": "#1"},
				"west": {"uv": [9.125, 2.875, 9.25, 2.90625], "texture": "#1"},
				"up": {"uv": [9.03125, 3, 8.75, 2.875], "texture": "#1"},
				"down": {"uv": [9.03125, 2.75, 8.75, 2.875], "texture": "#1"}
			}
		},
		{
			"from": [6.25, 10.42157, 13.07843],
			"to": [9.75, 10.67157, 13.97843],
			"rotation": {"angle": 0, "axis": "y", "origin": [6.75005, 3.67224, 8.45454]},
			"faces": {
				"north": {"uv": [9.125, 2.75, 9.5625, 2.78125], "texture": "#1"},
				"east": {"uv": [5.5, 9, 5.625, 9.125], "texture": "#1"},
				"south": {"uv": [8.75, 2, 9.03125, 2.125], "texture": "#1"},
				"west": {"uv": [9.125, 2.875, 9.25, 2.90625], "texture": "#1"},
				"up": {"uv": [9.03125, 3, 8.75, 2.875], "texture": "#1"},
				"down": {"uv": [9.03125, 2.75, 8.75, 2.875], "texture": "#1"}
			}
		},
		{
			"from": [6, 7, 13.65],
			"to": [6.25, 10.5, 13.95],
			"rotation": {"angle": 0, "axis": "y", "origin": [5.75, 5.25, 13.6]},
			"faces": {
				"north": {"uv": [9.125, 2.75, 9.5625, 2.78125], "texture": "#1"},
				"east": {"uv": [8.75, 2.75, 9.03125, 2.875], "texture": "#1"},
				"south": {"uv": [8.75, 2, 9.03125, 2.125], "texture": "#1"},
				"west": {"uv": [2.875, 9.125, 2.90625, 9.5625], "texture": "#1"},
				"up": {"uv": [5.625, 9.125, 5.5, 9], "texture": "#1"},
				"down": {"uv": [3.03125, 9.125, 3, 9.15625], "texture": "#1"}
			}
		},
		{
			"from": [9.75, 7, 13.65],
			"to": [10, 10.5, 13.95],
			"rotation": {"angle": 0, "axis": "y", "origin": [5.75, 5.25, 13.6]},
			"faces": {
				"north": {"uv": [9.125, 2.75, 9.5625, 2.78125], "texture": "#1"},
				"east": {"uv": [8.75, 2.75, 9.03125, 2.875], "texture": "#1"},
				"south": {"uv": [8.75, 2, 9.03125, 2.125], "texture": "#1"},
				"west": {"uv": [2.875, 9.125, 2.90625, 9.5625], "texture": "#1"},
				"up": {"uv": [5.625, 9.125, 5.5, 9], "texture": "#1"},
				"down": {"uv": [3.03125, 9.125, 3, 9.15625], "texture": "#1"}
			}
		},
		{
			"from": [10, 3.75, 2.375],
			"to": [12, 4.75, 3.375],
			"rotation": {"angle": 0, "axis": "y", "origin": [8.00005, 3.25066, 8.00111]},
			"faces": {
				"north": {"uv": [8.875, 0.125, 9.125, 0.25], "texture": "#1"},
				"east": {"uv": [5.625, 9, 5.75, 9.125], "texture": "#1"},
				"south": {"uv": [8.875, 0.25, 9.125, 0.375], "texture": "#1"},
				"west": {"uv": [9, 5.625, 9.125, 5.75], "texture": "#1"},
				"up": {"uv": [9.125, 0.5, 8.875, 0.375], "texture": "#1"},
				"down": {"uv": [0.75, 8.875, 0.5, 9], "texture": "#1"}
			}
		},
		{
			"from": [4, 3.75, 2.375],
			"to": [6, 4.75, 3.375],
			"rotation": {"angle": 0, "axis": "y", "origin": [8.00005, 3.25066, 8.00111]},
			"faces": {
				"north": {"uv": [0.75, 8.875, 1, 9], "texture": "#1"},
				"east": {"uv": [5.75, 9, 5.875, 9.125], "texture": "#1"},
				"south": {"uv": [1, 8.875, 1.25, 9], "texture": "#1"},
				"west": {"uv": [5.875, 9, 6, 9.125], "texture": "#1"},
				"up": {"uv": [1.5, 9, 1.25, 8.875], "texture": "#1"},
				"down": {"uv": [2.25, 8.875, 2, 9], "texture": "#1"}
			}
		},
		{
			"from": [4, 3.75, 12.625],
			"to": [6, 4.75, 13.625],
			"rotation": {"angle": 0, "axis": "y", "origin": [8.00005, 3.25066, 8.00111]},
			"faces": {
				"north": {"uv": [2.625, 8.875, 2.875, 9], "texture": "#1"},
				"east": {"uv": [6, 9, 6.125, 9.125], "texture": "#1"},
				"south": {"uv": [3.25, 8.875, 3.5, 9], "texture": "#1"},
				"west": {"uv": [6.125, 9, 6.25, 9.125], "texture": "#1"},
				"up": {"uv": [4, 9, 3.75, 8.875], "texture": "#1"},
				"down": {"uv": [4.25, 8.875, 4, 9], "texture": "#1"}
			}
		},
		{
			"from": [10, 3.75, 12.625],
			"to": [12, 4.75, 13.625],
			"rotation": {"angle": 0, "axis": "y", "origin": [8.00005, 3.25066, 8.00111]},
			"faces": {
				"north": {"uv": [4.25, 8.875, 4.5, 9], "texture": "#1"},
				"east": {"uv": [9, 6.25, 9.125, 6.375], "texture": "#1"},
				"south": {"uv": [4.5, 8.875, 4.75, 9], "texture": "#1"},
				"west": {"uv": [6.5, 9, 6.625, 9.125], "texture": "#1"},
				"up": {"uv": [5, 9, 4.75, 8.875], "texture": "#1"},
				"down": {"uv": [5.25, 8.875, 5, 9], "texture": "#1"}
			}
		},
		{
			"from": [10, 4.75, 2.375],
			"to": [11.5, 5.75, 3.375],
			"rotation": {"angle": 0, "axis": "y", "origin": [8.00005, 3.25066, 8.00111]},
			"faces": {
				"north": {"uv": [8.875, 7.875, 9.0625, 8], "texture": "#1"},
				"east": {"uv": [6.625, 9, 6.75, 9.125], "texture": "#1"},
				"south": {"uv": [8.875, 8, 9.0625, 8.125], "texture": "#1"},
				"west": {"uv": [9, 6.75, 9.125, 6.875], "texture": "#1"},
				"up": {"uv": [9.0625, 8.25, 8.875, 8.125], "texture": "#1"},
				"down": {"uv": [9.0625, 8.25, 8.875, 8.375], "texture": "#1"}
			}
		},
		{
			"from": [4.5, 4.75, 2.375],
			"to": [6, 5.75, 3.375],
			"rotation": {"angle": 0, "axis": "y", "origin": [8.00005, 3.25066, 8.00111]},
			"faces": {
				"north": {"uv": [8.875, 8.375, 9.0625, 8.5], "texture": "#1"},
				"east": {"uv": [6.875, 9, 7, 9.125], "texture": "#1"},
				"south": {"uv": [8.875, 8.5, 9.0625, 8.625], "texture": "#1"},
				"west": {"uv": [9, 7.25, 9.125, 7.375], "texture": "#1"},
				"up": {"uv": [8.9375, 9, 8.75, 8.875], "texture": "#1"},
				"down": {"uv": [0.6875, 9, 0.5, 9.125], "texture": "#1"}
			}
		},
		{
			"from": [4.5, 4.75, 12.625],
			"to": [6, 5.75, 13.625],
			"rotation": {"angle": 0, "axis": "y", "origin": [8.00005, 3.25066, 8.00111]},
			"faces": {
				"north": {"uv": [0.75, 9, 0.9375, 9.125], "texture": "#1"},
				"east": {"uv": [9, 7.375, 9.125, 7.5], "texture": "#1"},
				"south": {"uv": [1, 9, 1.1875, 9.125], "texture": "#1"},
				"west": {"uv": [9, 7.5, 9.125, 7.625], "texture": "#1"},
				"up": {"uv": [1.4375, 9.125, 1.25, 9], "texture": "#1"},
				"down": {"uv": [9.1875, 1.25, 9, 1.375], "texture": "#1"}
			}
		},
		{
			"from": [10, 4.75, 12.625],
			"to": [11.5, 5.75, 13.625],
			"rotation": {"angle": 0, "axis": "y", "origin": [8.00005, 3.25066, 8.00111]},
			"faces": {
				"north": {"uv": [9, 1.375, 9.1875, 1.5], "texture": "#1"},
				"east": {"uv": [9, 7.625, 9.125, 7.75], "texture": "#1"},
				"south": {"uv": [9, 1.5, 9.1875, 1.625], "texture": "#1"},
				"west": {"uv": [9, 7.75, 9.125, 7.875], "texture": "#1"},
				"up": {"uv": [9.1875, 1.75, 9, 1.625], "texture": "#1"},
				"down": {"uv": [2.0625, 9, 1.875, 9.125], "texture": "#1"}
			}
		},
		{
			"from": [12.65, 0.75, 3.025],
			"to": [13.65, 1.75, 6.025],
			"rotation": {"angle": 0, "axis": "y", "origin": [8.00005, 3.25066, 8.00111]},
			"faces": {
				"north": {"uv": [8.5, 9, 8.625, 9.125], "texture": "#1"},
				"east": {"uv": [8.625, 1.375, 9, 1.5], "texture": "#1"},
				"south": {"uv": [8.625, 9, 8.75, 9.125], "texture": "#1"},
				"west": {"uv": [1.5, 8.625, 1.875, 8.75], "texture": "#1"},
				"up": {"uv": [6.625, 7.5, 6.5, 7.125], "texture": "#1"},
				"down": {"uv": [6.75, 7.125, 6.625, 7.5], "texture": "#1"}
			}
		},
		{
			"from": [2.35, 0.75, 3.025],
			"to": [3.35, 1.75, 6.025],
			"rotation": {"angle": 0, "axis": "y", "origin": [8.00005, 3.25066, 8.00111]},
			"faces": {
				"north": {"uv": [8.75, 9, 8.875, 9.125], "texture": "#1"},
				"east": {"uv": [8.625, 1.5, 9, 1.625], "texture": "#1"},
				"south": {"uv": [8.875, 9, 9, 9.125], "texture": "#1"},
				"west": {"uv": [8.625, 1.625, 9, 1.75], "texture": "#1"},
				"up": {"uv": [8.75, 2.125, 8.625, 1.75], "texture": "#1"},
				"down": {"uv": [2, 8.625, 1.875, 9], "texture": "#1"}
			}
		},
		{
			"from": [2.35, 0.75, 9.975],
			"to": [3.35, 1.75, 12.975],
			"rotation": {"angle": 0, "axis": "y", "origin": [8.00005, 3.25066, 8.00111]},
			"faces": {
				"north": {"uv": [9, 8.875, 9.125, 9], "texture": "#1"},
				"east": {"uv": [2, 8.625, 2.375, 8.75], "texture": "#1"},
				"south": {"uv": [9, 9, 9.125, 9.125], "texture": "#1"},
				"west": {"uv": [8.625, 2.125, 9, 2.25], "texture": "#1"},
				"up": {"uv": [2.5, 9, 2.375, 8.625], "texture": "#1"},
				"down": {"uv": [2.625, 8.625, 2.5, 9], "texture": "#1"}
			}
		},
		{
			"from": [12.65, 0.75, 9.975],
			"to": [13.65, 1.75, 12.975],
			"rotation": {"angle": 0, "axis": "y", "origin": [8.00005, 3.25066, 8.00111]},
			"faces": {
				"north": {"uv": [9.125, 0, 9.25, 0.125], "texture": "#1"},
				"east": {"uv": [8.625, 2.25, 9, 2.375], "texture": "#1"},
				"south": {"uv": [9.125, 0.125, 9.25, 0.25], "texture": "#1"},
				"west": {"uv": [2.625, 8.625, 3, 8.75], "texture": "#1"},
				"up": {"uv": [8.75, 3.125, 8.625, 2.75], "texture": "#1"},
				"down": {"uv": [3.125, 8.625, 3, 9], "texture": "#1"}
			}
		},
		{
			"from": [12.65, 1.75, 3.275],
			"to": [13.65, 2.75, 6.025],
			"rotation": {"angle": 0, "axis": "y", "origin": [8.00005, 3.25066, 8.00111]},
			"faces": {
				"north": {"uv": [0.25, 9.125, 0.375, 9.25], "texture": "#1"},
				"east": {"uv": [8.625, 5.125, 8.96875, 5.25], "texture": "#1"},
				"south": {"uv": [9.125, 0.25, 9.25, 0.375], "texture": "#1"},
				"west": {"uv": [8.625, 5.25, 8.96875, 5.375], "texture": "#1"},
				"up": {"uv": [3.75, 8.96875, 3.625, 8.625], "texture": "#1"},
				"down": {"uv": [8.75, 6.375, 8.625, 6.71875], "texture": "#1"}
			}
		},
		{
			"from": [2.35, 1.75, 3.275],
			"to": [3.35, 2.75, 6.025],
			"rotation": {"angle": 0, "axis": "y", "origin": [8.00005, 3.25066, 8.00111]},
			"faces": {
				"north": {"uv": [0.375, 9.125, 0.5, 9.25], "texture": "#1"},
				"east": {"uv": [6.5, 8.625, 6.84375, 8.75], "texture": "#1"},
				"south": {"uv": [9.125, 0.375, 9.25, 0.5], "texture": "#1"},
				"west": {"uv": [8.625, 6.75, 8.96875, 6.875], "texture": "#1"},
				"up": {"uv": [7, 8.96875, 6.875, 8.625], "texture": "#1"},
				"down": {"uv": [8.75, 6.875, 8.625, 7.21875], "texture": "#1"}
			}
		},
		{
			"from": [2.35, 1.75, 9.975],
			"to": [3.35, 2.75, 12.725],
			"rotation": {"angle": 0, "axis": "y", "origin": [8.00005, 3.25066, 8.00111]},
			"faces": {
				"north": {"uv": [0.5, 9.125, 0.625, 9.25], "texture": "#1"},
				"east": {"uv": [8.625, 7.25, 8.96875, 7.375], "texture": "#1"},
				"south": {"uv": [9.125, 0.5, 9.25, 0.625], "texture": "#1"},
				"west": {"uv": [8.125, 8.625, 8.46875, 8.75], "texture": "#1"},
				"up": {"uv": [8.625, 8.96875, 8.5, 8.625], "texture": "#1"},
				"down": {"uv": [8.75, 8.625, 8.625, 8.96875], "texture": "#1"}
			}
		},
		{
			"from": [12.65, 1.75, 9.975],
			"to": [13.65, 2.75, 12.725],
			"rotation": {"angle": 0, "axis": "y", "origin": [8.00005, 3.25066, 8.00111]},
			"faces": {
				"north": {"uv": [0.625, 9.125, 0.75, 9.25], "texture": "#1"},
				"east": {"uv": [0, 8.75, 0.34375, 8.875], "texture": "#1"},
				"south": {"uv": [9.125, 0.625, 9.25, 0.75], "texture": "#1"},
				"west": {"uv": [8.75, 0, 9.09375, 0.125], "texture": "#1"},
				"up": {"uv": [8.875, 0.46875, 8.75, 0.125], "texture": "#1"},
				"down": {"uv": [0.5, 8.75, 0.375, 9.09375], "texture": "#1"}
			}
		},
		{
			"from": [12.65, 2.75, 3.775],
			"to": [13.65, 3.75, 6.025],
			"rotation": {"angle": 0, "axis": "y", "origin": [8.00005, 3.25066, 8.00111]},
			"faces": {
				"north": {"uv": [0.75, 9.125, 0.875, 9.25], "texture": "#1"},
				"east": {"uv": [8.75, 3, 9.03125, 3.125], "texture": "#1"},
				"south": {"uv": [9.125, 0.75, 9.25, 0.875], "texture": "#1"},
				"west": {"uv": [3.25, 8.75, 3.53125, 8.875], "texture": "#1"},
				"up": {"uv": [1.75, 9.03125, 1.625, 8.75], "texture": "#1"},
				"down": {"uv": [1.875, 8.75, 1.75, 9.03125], "texture": "#1"}
			}
		},
		{
			"from": [2.35, 2.75, 3.775],
			"to": [3.35, 3.75, 6.025],
			"rotation": {"angle": 0, "axis": "y", "origin": [8.00005, 3.25066, 8.00111]},
			"faces": {
				"north": {"uv": [0.875, 9.125, 1, 9.25], "texture": "#1"},
				"east": {"uv": [8.75, 6.375, 9.03125, 6.5], "texture": "#1"},
				"south": {"uv": [9.125, 0.875, 9.25, 1], "texture": "#1"},
				"west": {"uv": [6.5, 8.75, 6.78125, 8.875], "texture": "#1"},
				"up": {"uv": [8.875, 7.15625, 8.75, 6.875], "texture": "#1"},
				"down": {"uv": [8.25, 8.75, 8.125, 9.03125], "texture": "#1"}
			}
		},
		{
			"from": [2.35, 2.75, 9.975],
			"to": [3.35, 3.75, 12.225],
			"rotation": {"angle": 0, "axis": "y", "origin": [8.00005, 3.25066, 8.00111]},
			"faces": {
				"north": {"uv": [1, 9.125, 1.125, 9.25], "texture": "#1"},
				"east": {"uv": [8.75, 6.5, 9.03125, 6.625], "texture": "#1"},
				"south": {"uv": [9.125, 1, 9.25, 1.125], "texture": "#1"},
				"west": {"uv": [8.75, 6.625, 9.03125, 6.75], "texture": "#1"},
				"up": {"uv": [8.375, 9.03125, 8.25, 8.75], "texture": "#1"},
				"down": {"uv": [8.5, 8.75, 8.375, 9.03125], "texture": "#1"}
			}
		},
		{
			"from": [12.65, 2.75, 9.975],
			"to": [13.65, 3.75, 12.225],
			"rotation": {"angle": 0, "axis": "y", "origin": [8.00005, 3.25066, 8.00111]},
			"faces": {
				"north": {"uv": [1.125, 9.125, 1.25, 9.25], "texture": "#1"},
				"east": {"uv": [8.75, 8.625, 9.03125, 8.75], "texture": "#1"},
				"south": {"uv": [9.125, 1.125, 9.25, 1.25], "texture": "#1"},
				"west": {"uv": [8.75, 8.75, 9.03125, 8.875], "texture": "#1"},
				"up": {"uv": [0.125, 9.15625, 0, 8.875], "texture": "#1"},
				"down": {"uv": [0.25, 8.875, 0.125, 9.15625], "texture": "#1"}
			}
		},
		{
			"from": [12.65, 3.75, 4.025],
			"to": [13.65, 4.75, 6.025],
			"rotation": {"angle": 0, "axis": "y", "origin": [8.00005, 3.25066, 8.00111]},
			"faces": {
				"north": {"uv": [1.25, 9.125, 1.375, 9.25], "texture": "#1"},
				"east": {"uv": [5.25, 8.875, 5.5, 9], "texture": "#1"},
				"south": {"uv": [1.375, 9.125, 1.5, 9.25], "texture": "#1"},
				"west": {"uv": [5.5, 8.875, 5.75, 9], "texture": "#1"},
				"up": {"uv": [0.375, 9.125, 0.25, 8.875], "texture": "#1"},
				"down": {"uv": [1.625, 8.875, 1.5, 9.125], "texture": "#1"}
			}
		},
		{
			"from": [2.35, 3.75, 4.025],
			"to": [3.35, 4.75, 6.025],
			"rotation": {"angle": 0, "axis": "y", "origin": [8.00005, 3.25066, 8.00111]},
			"faces": {
				"north": {"uv": [1.5, 9.125, 1.625, 9.25], "texture": "#1"},
				"east": {"uv": [5.75, 8.875, 6, 9], "texture": "#1"},
				"south": {"uv": [1.625, 9.125, 1.75, 9.25], "texture": "#1"},
				"west": {"uv": [6, 8.875, 6.25, 9], "texture": "#1"},
				"up": {"uv": [2.375, 9.125, 2.25, 8.875], "texture": "#1"},
				"down": {"uv": [3, 8.875, 2.875, 9.125], "texture": "#1"}
			}
		},
		{
			"from": [2.35, 3.75, 9.975],
			"to": [3.35, 4.75, 11.975],
			"rotation": {"angle": 0, "axis": "y", "origin": [8.00005, 3.25066, 8.00111]},
			"faces": {
				"north": {"uv": [1.75, 9.125, 1.875, 9.25], "texture": "#1"},
				"east": {"uv": [6.5, 8.875, 6.75, 9], "texture": "#1"},
				"south": {"uv": [9.125, 1.75, 9.25, 1.875], "texture": "#1"},
				"west": {"uv": [8.875, 6.875, 9.125, 7], "texture": "#1"},
				"up": {"uv": [3.625, 9.125, 3.5, 8.875], "texture": "#1"},
				"down": {"uv": [6.875, 8.875, 6.75, 9.125], "texture": "#1"}
			}
		},
		{
			"from": [12.65, 3.75, 9.975],
			"to": [13.65, 4.75, 11.975],
			"rotation": {"angle": 0, "axis": "y", "origin": [8.00005, 3.25066, 8.00111]},
			"faces": {
				"north": {"uv": [1.875, 9.125, 2, 9.25], "texture": "#1"},
				"east": {"uv": [8.875, 7, 9.125, 7.125], "texture": "#1"},
				"south": {"uv": [9.125, 1.875, 9.25, 2], "texture": "#1"},
				"west": {"uv": [8.875, 7.125, 9.125, 7.25], "texture": "#1"},
				"up": {"uv": [9, 7.625, 8.875, 7.375], "texture": "#1"},
				"down": {"uv": [9, 7.625, 8.875, 7.875], "texture": "#1"}
			}
		},
		{
			"from": [12.65, 4.75, 4.525],
			"to": [13.65, 5.75, 6.025],
			"rotation": {"angle": 0, "axis": "y", "origin": [8.00005, 3.25066, 8.00111]},
			"faces": {
				"north": {"uv": [2, 9.125, 2.125, 9.25], "texture": "#1"},
				"east": {"uv": [9, 2.125, 9.1875, 2.25], "texture": "#1"},
				"south": {"uv": [9.125, 2, 9.25, 2.125], "texture": "#1"},
				"west": {"uv": [9, 2.25, 9.1875, 2.375], "texture": "#1"},
				"up": {"uv": [2.25, 9.1875, 2.125, 9], "texture": "#1"},
				"down": {"uv": [2.5, 9, 2.375, 9.1875], "texture": "#1"}
			}
		},
		{
			"from": [2.35, 4.75, 4.525],
			"to": [3.35, 5.75, 6.025],
			"rotation": {"angle": 0, "axis": "y", "origin": [8.00005, 3.25066, 8.00111]},
			"faces": {
				"north": {"uv": [2.25, 9.125, 2.375, 9.25], "texture": "#1"},
				"east": {"uv": [2.5, 9, 2.6875, 9.125], "texture": "#1"},
				"south": {"uv": [9.125, 2.375, 9.25, 2.5], "texture": "#1"},
				"west": {"uv": [3, 9, 3.1875, 9.125], "texture": "#1"},
				"up": {"uv": [2.875, 9.1875, 2.75, 9], "texture": "#1"},
				"down": {"uv": [9.125, 3.125, 9, 3.3125], "texture": "#1"}
			}
		},
		{
			"from": [2.35, 4.75, 9.975],
			"to": [3.35, 5.75, 11.475],
			"rotation": {"angle": 0, "axis": "y", "origin": [8.00005, 3.25066, 8.00111]},
			"faces": {
				"north": {"uv": [2.5, 9.125, 2.625, 9.25], "texture": "#1"},
				"east": {"uv": [3.25, 9, 3.4375, 9.125], "texture": "#1"},
				"south": {"uv": [9.125, 2.5, 9.25, 2.625], "texture": "#1"},
				"west": {"uv": [9, 3.375, 9.1875, 3.5], "texture": "#1"},
				"up": {"uv": [9.125, 3.6875, 9, 3.5], "texture": "#1"},
				"down": {"uv": [3.75, 9, 3.625, 9.1875], "texture": "#1"}
			}
		},
		{
			"from": [12.65, 4.75, 9.975],
			"to": [13.65, 5.75, 11.475],
			"rotation": {"angle": 0, "axis": "y", "origin": [8.00005, 3.25066, 8.00111]},
			"faces": {
				"north": {"uv": [2.625, 9.125, 2.75, 9.25], "texture": "#1"},
				"east": {"uv": [3.75, 9, 3.9375, 9.125], "texture": "#1"},
				"south": {"uv": [9.125, 2.625, 9.25, 2.75], "texture": "#1"},
				"west": {"uv": [9, 3.75, 9.1875, 3.875], "texture": "#1"},
				"up": {"uv": [9.125, 4.0625, 9, 3.875], "texture": "#1"},
				"down": {"uv": [4.125, 9, 4, 9.1875], "texture": "#1"}
			}
		},
		{
			"from": [2.4375, 0, 2.3125],
			"to": [13.5625, 1.1, 13.6875],
			"rotation": {"angle": 0, "axis": "y", "origin": [7.9375, 0.5, 7.875]},
			"faces": {
				"north": {"uv": [8.125, 6, 9.53125, 6.125], "texture": "#1"},
				"east": {"uv": [8.125, 5.75, 9.5625, 5.875], "texture": "#1"},
				"south": {"uv": [8.125, 6.125, 9.53125, 6.25], "texture": "#1"},
				"west": {"uv": [8.125, 5.875, 9.5625, 6], "texture": "#1"},
				"up": {"uv": [1.40625, 6.1875, 0, 4.75], "texture": "#1"},
				"down": {"uv": [2.90625, 4.75, 1.5, 6.1875], "texture": "#1"}
			}
		}
	],
	"gui_light": "front",
	"display": {
		"thirdperson_righthand": {
			"rotation": [75, 45, 0],
			"translation": [0, 2.5, 0],
			"scale": [0.375, 0.375, 0.375]
		},
		"thirdperson_lefthand": {
			"rotation": [75, 45, 0],
			"translation": [0, 2.5, 0],
			"scale": [0.375, 0.375, 0.375]
		},
		"firstperson_righthand": {
			"rotation": [0, 45, 0],
			"scale": [0.4, 0.4, 0.4]
		},
		"firstperson_lefthand": {
			"rotation": [0, 225, 0],
			"scale": [0.4, 0.4, 0.4]
		},
		"ground": {
			"translation": [0, 3, 0],
			"scale": [0.25, 0.25, 0.25]
		},
		"gui": {
			"rotation": [30, 225, 0],
			"scale": [0.8, 0.7, 0.8]
		},
		"head": {
			"translation": [0, -19.5, 0],
			"scale": [3.2, 3.2, 3.2]
		},
		"fixed": {
			"scale": [0.5, 0.5, 0.5]
		}
	},
	"groups": [
		{
			"name": "octagon",
			"origin": [8, 8, 8],
			"color": 0,
			"children": [0, 1, 2, 3, 4, 5, 6, 7]
		},
		8,
		9,
		10,
		11,
		12,
		13,
		14,
		15,
		{
			"name": "engine fancyness",
			"origin": [20, 12, 10.375],
			"color": 0,
			"children": [16, 17, 18, 19, 20, 21, 22, 23, 24, 25, 26, 27, 28, 29, 30, 31, 32, 33, 34, 35, 36, 37, 38, 39]
		},
		{
			"name": "engine fancyness",
			"origin": [20, 12, 10.375],
			"color": 0,
			"children": [40, 41, 42, 43, 44, 45, 46, 47, 48, 49, 50, 51, 52, 53, 54, 55, 56, 57, 58, 59]
		},
		60
	]
}