{
	"texture_size": [128, 128],
	"textures": {
		"0": "expansion:structures/portal",
		"particle": "expansion:structures/portal"
	},
	"elements": [
		{
			"from": [22.00877, 4.33703, 6],
			"to": [23.00877, 12.83703, 10],
			"rotation": {"angle": 22.5, "axis": "z", "origin": [8, 8, 8]},
			"faces": {
				"north": {"uv": [0, 10.875, 0.125, 11.9375], "texture": "#0"},
				"east": {"uv": [1.0625, 3.5, 0, 3], "rotation": 90, "texture": "#0"},
				"south": {"uv": [10.875, 4.625, 11, 5.6875], "texture": "#0"},
				"west": {"uv": [0, 3.625, 0.5, 4.6875], "texture": "#0"},
				"up": {"uv": [8.25, 13.625, 8.125, 13.125], "texture": "#0"},
				"down": {"uv": [10.75, 13.125, 10.625, 13.625], "texture": "#0"}
			}
		},
		{
			"from": [21.00877, 4.58703, 6.5],
			"to": [22.00877, 12.83703, 9.5],
			"rotation": {"angle": 22.5, "axis": "z", "origin": [8, 8, 8]},
			"faces": {
				"north": {"uv": [11.125, 4.625, 11.25, 5.65625], "texture": "#0"},
				"east": {"uv": [0, 6, 0.375, 7.03125], "texture": "#0"},
				"south": {"uv": [5.25, 11.125, 5.375, 12.15625], "texture": "#0"},
				"west": {"uv": [0.5, 6, 0.875, 7.03125], "texture": "#0"},
				"up": {"uv": [6.625, 14.25, 6.5, 13.875], "texture": "#0"},
				"down": {"uv": [6.875, 13.875, 6.75, 14.25], "texture": "#0"}
			}
		},
		{
			"from": [20.00877, 5.08703, 6],
			"to": [21.00877, 12.58703, 10],
			"rotation": {"angle": 22.5, "axis": "z", "origin": [8, 8, 8]},
			"faces": {
				"north": {"uv": [1.75, 11.5, 1.875, 12.4375], "texture": "#0"},
				"east": {"uv": [0, 4.875, 0.5, 5.8125], "texture": "#0"},
				"south": {"uv": [2, 11.5, 2.125, 12.4375], "texture": "#0"},
				"west": {"uv": [4.375, 4.125, 5.3125, 4.625], "rotation": 90, "texture": "#0"},
				"up": {"uv": [11, 13.625, 10.875, 13.125], "texture": "#0"},
				"down": {"uv": [11.25, 13.125, 11.125, 13.625], "texture": "#0"}
			}
		},
		{
			"from": [19.38857, 5.08703, 6],
			"to": [20.38857, 12.58703, 10],
			"rotation": {"angle": -22.5, "axis": "z", "origin": [8, 8, 8]},
			"faces": {
				"north": {"uv": [5.75, 11.5, 5.875, 12.4375], "texture": "#0"},
				"east": {"uv": [0.625, 4.875, 1.125, 5.8125], "texture": "#0"},
				"south": {"uv": [6, 11.5, 6.125, 12.4375], "texture": "#0"},
				"west": {"uv": [4.34375, 4.125, 5.28125, 4.625], "rotation": 90, "texture": "#0"},
				"up": {"uv": [11.5, 13.625, 11.375, 13.125], "texture": "#0"},
				"down": {"uv": [11.75, 13.125, 11.625, 13.625], "texture": "#0"}
			}
		},
		{
			"from": [20.38857, 4.58703, 6.5],
			"to": [21.38857, 12.83703, 9.5],
			"rotation": {"angle": -22.5, "axis": "z", "origin": [8, 8, 8]},
			"faces": {
				"north": {"uv": [5.5, 11.125, 5.625, 12.15625], "texture": "#0"},
				"east": {"uv": [1.875, 6, 2.25, 7.03125], "texture": "#0"},
				"south": {"uv": [8.375, 11.125, 8.5, 12.15625], "texture": "#0"},
				"west": {"uv": [2.375, 6, 2.75, 7.03125], "texture": "#0"},
				"up": {"uv": [7.125, 14.25, 7, 13.875], "texture": "#0"},
				"down": {"uv": [8.5, 13.875, 8.375, 14.25], "texture": "#0"}
			}
		},
		{
			"from": [21.38857, 4.33703, 6],
			"to": [22.38857, 12.83703, 10],
			"rotation": {"angle": -22.5, "axis": "z", "origin": [8, 8, 8]},
			"faces": {
				"north": {"uv": [4.75, 10.875, 4.875, 11.9375], "texture": "#0"},
				"east": {"uv": [4.1875, 2.125, 3.125, 1.625], "rotation": 90, "texture": "#0"},
				"south": {"uv": [5, 10.875, 5.125, 11.9375], "texture": "#0"},
				"west": {"uv": [0.625, 3.625, 1.125, 4.6875], "texture": "#0"},
				"up": {"uv": [12, 13.625, 11.875, 13.125], "texture": "#0"},
				"down": {"uv": [12.25, 13.125, 12.125, 13.625], "texture": "#0"}
			}
		},
		{
			"from": [20.67178, -3.69775, 7.5],
			"to": [21.67178, 1.30225, 8.5],
			"rotation": {"angle": 0, "axis": "z", "origin": [8, 8, 8]},
			"faces": {
				"north": {"uv": [1.625, 8.75, 1.75, 9.375], "texture": "#0"},
				"east": {"uv": [0.25, 12.375, 0.375, 13], "texture": "#0"},
				"south": {"uv": [12.375, 7.125, 12.5, 7.75], "texture": "#0"},
				"west": {"uv": [8.25, 12.375, 8.375, 13], "texture": "#0"},
				"up": {"uv": [5.625, 15.125, 5.5, 15], "texture": "#0"},
				"down": {"uv": [15.125, 5.625, 15, 5.75], "texture": "#0"}
			}
		},
		{
			"from": [22.67178, -5.69775, 7.501],
			"to": [23.67178, 2.30225, 8.499],
			"rotation": {"angle": 0, "axis": "z", "origin": [8, 8, 8]},
			"faces": {
				"north": {"uv": [10.25, 11.25, 10.375, 12.25], "texture": "#0"},
				"east": {"uv": [0.5, 11.375, 0.625, 12.375], "texture": "#0"},
				"south": {"uv": [0.75, 11.375, 0.875, 12.375], "texture": "#0"},
				"west": {"uv": [1, 11.375, 1.125, 12.375], "texture": "#0"},
				"up": {"uv": [5.875, 15.125, 5.75, 15], "texture": "#0"},
				"down": {"uv": [15.125, 5.875, 15, 6], "texture": "#0"}
			}
		},
		{
			"from": [14.0527, -7.11054, 7.5],
			"to": [15.0527, -5.11054, 8.5],
			"rotation": {"angle": 45, "axis": "z", "origin": [8, 8, 8]},
			"faces": {
				"north": {"uv": [3.75, 14.375, 3.875, 14.625], "texture": "#0"},
				"east": {"uv": [4, 14.375, 4.125, 14.625], "texture": "#0"},
				"south": {"uv": [4.25, 14.375, 4.375, 14.625], "texture": "#0"},
				"west": {"uv": [14.375, 6, 14.5, 6.25], "texture": "#0"},
				"up": {"uv": [6.125, 15.125, 6, 15], "texture": "#0"},
				"down": {"uv": [6.375, 15, 6.25, 15.125], "texture": "#0"}
			}
		},
		{
			"from": [22.36812, 8.51049, 6],
			"to": [23.36812, 9.51049, 10],
			"rotation": {"angle": -22.5, "axis": "z", "origin": [8, 8, 8]},
			"faces": {
				"north": {"uv": [6.5, 15, 6.625, 15.125], "texture": "#0"},
				"east": {"uv": [2.25, 13.25, 2.75, 13.375], "texture": "#0"},
				"south": {"uv": [6.75, 15, 6.875, 15.125], "texture": "#0"},
				"west": {"uv": [13.25, 3.5, 13.75, 3.625], "texture": "#0"},
				"up": {"uv": [12.5, 13.625, 12.375, 13.125], "texture": "#0"},
				"down": {"uv": [12.75, 13.125, 12.625, 13.625], "texture": "#0"}
			}
		},
		{
			"from": [18.36812, 8.51049, 5],
			"to": [23.36812, 9.51049, 6],
			"rotation": {"angle": -22.5, "axis": "z", "origin": [8, 8, 8]},
			"faces": {
				"north": {"uv": [8.5, 0.5, 9.125, 0.625], "texture": "#0"},
				"east": {"uv": [7.5, 15, 7.625, 15.125], "texture": "#0"},
				"south": {"uv": [12.375, 8.25, 13, 8.375], "texture": "#0"},
				"west": {"uv": [7.75, 15, 7.875, 15.125], "texture": "#0"},
				"up": {"uv": [13, 8.625, 12.375, 8.5], "texture": "#0"},
				"down": {"uv": [13, 9.625, 12.375, 9.75], "texture": "#0"}
			}
		},
		{
			"from": [18.36812, 6.51049, 5],
			"to": [23.36812, 7.51049, 6],
			"rotation": {"angle": -22.5, "axis": "z", "origin": [8, 8, 8]},
			"faces": {
				"north": {"uv": [12.375, 9.875, 13, 10], "texture": "#0"},
				"east": {"uv": [8.75, 15, 8.875, 15.125], "texture": "#0"},
				"south": {"uv": [12.375, 10.125, 13, 10.25], "texture": "#0"},
				"west": {"uv": [9, 15, 9.125, 15.125], "texture": "#0"},
				"up": {"uv": [12.625, 12.5, 12, 12.375], "texture": "#0"},
				"down": {"uv": [13.125, 0, 12.5, 0.125], "texture": "#0"}
			}
		},
		{
			"from": [22.36812, 6.51049, 6],
			"to": [23.36812, 7.51049, 10],
			"rotation": {"angle": -22.5, "axis": "z", "origin": [8, 8, 8]},
			"faces": {
				"north": {"uv": [9.25, 15, 9.375, 15.125], "texture": "#0"},
				"east": {"uv": [13.25, 3.75, 13.75, 3.875], "texture": "#0"},
				"south": {"uv": [9.5, 15, 9.625, 15.125], "texture": "#0"},
				"west": {"uv": [13.25, 6.125, 13.75, 6.25], "texture": "#0"},
				"up": {"uv": [4.625, 13.75, 4.5, 13.25], "texture": "#0"},
				"down": {"uv": [13.375, 6.375, 13.25, 6.875], "texture": "#0"}
			}
		},
		{
			"from": [18.36812, 8.51049, 10],
			"to": [23.36812, 9.51049, 11],
			"rotation": {"angle": -22.5, "axis": "z", "origin": [8, 8, 8]},
			"faces": {
				"north": {"uv": [0.5, 12.5, 1.125, 12.625], "texture": "#0"},
				"east": {"uv": [9.75, 15, 9.875, 15.125], "texture": "#0"},
				"south": {"uv": [12.5, 1.125, 13.125, 1.25], "texture": "#0"},
				"west": {"uv": [10, 15, 10.125, 15.125], "texture": "#0"},
				"up": {"uv": [2.875, 12.625, 2.25, 12.5], "texture": "#0"},
				"down": {"uv": [3.625, 12.5, 3, 12.625], "texture": "#0"}
			}
		},
		{
			"from": [18.36812, 6.51049, 10],
			"to": [23.36812, 7.51049, 11],
			"rotation": {"angle": -22.5, "axis": "z", "origin": [8, 8, 8]},
			"faces": {
				"north": {"uv": [3.75, 12.5, 4.375, 12.625], "texture": "#0"},
				"east": {"uv": [10.25, 15, 10.375, 15.125], "texture": "#0"},
				"south": {"uv": [12.5, 6.125, 13.125, 6.25], "texture": "#0"},
				"west": {"uv": [10.5, 15, 10.625, 15.125], "texture": "#0"},
				"up": {"uv": [7.375, 12.625, 6.75, 12.5], "texture": "#0"},
				"down": {"uv": [13.125, 7.875, 12.5, 8], "texture": "#0"}
			}
		},
		{
			"from": [18.36812, 8.51049, 6],
			"to": [19.36812, 9.51049, 10],
			"rotation": {"angle": -22.5, "axis": "z", "origin": [8, 8, 8]},
			"faces": {
				"north": {"uv": [10.75, 15, 10.875, 15.125], "texture": "#0"},
				"east": {"uv": [13.25, 7.875, 13.75, 8], "texture": "#0"},
				"south": {"uv": [11.75, 15, 11.875, 15.125], "texture": "#0"},
				"west": {"uv": [13.25, 9, 13.75, 9.125], "texture": "#0"},
				"up": {"uv": [10.375, 13.75, 10.25, 13.25], "texture": "#0"},
				"down": {"uv": [0.875, 13.375, 0.75, 13.875], "texture": "#0"}
			}
		},
		{
			"from": [18.36812, 6.51049, 6],
			"to": [19.36812, 7.51049, 10],
			"rotation": {"angle": -22.5, "axis": "z", "origin": [8, 8, 8]},
			"faces": {
				"north": {"uv": [12, 15, 12.125, 15.125], "texture": "#0"},
				"east": {"uv": [13.25, 9.25, 13.75, 9.375], "texture": "#0"},
				"south": {"uv": [12.25, 15, 12.375, 15.125], "texture": "#0"},
				"west": {"uv": [13.25, 10.375, 13.75, 10.5], "texture": "#0"},
				"up": {"uv": [1.125, 13.875, 1, 13.375], "texture": "#0"},
				"down": {"uv": [13.5, 1.25, 13.375, 1.75], "texture": "#0"}
			}
		},
		{
			"from": [10.22267, -1.91495, 9.999],
			"to": [16.22267, -0.91495, 10.999],
			"rotation": {"angle": 22.5, "axis": "z", "origin": [8, 8, 8]},
			"faces": {
				"north": {"uv": [9.125, 4.125, 9.875, 4.25], "texture": "#0"},
				"east": {"uv": [12.5, 15, 12.625, 15.125], "texture": "#0"},
				"south": {"uv": [11.875, 10.75, 12.625, 10.875], "texture": "#0"},
				"west": {"uv": [12.75, 15, 12.875, 15.125], "texture": "#0"},
				"up": {"uv": [12.625, 11.5, 11.875, 11.375], "texture": "#0"},
				"down": {"uv": [12.75, 2.5, 12, 2.625], "texture": "#0"}
			}
		},
		{
			"from": [10.22267, -1.91495, 5.001],
			"to": [16.22267, -0.91495, 6.001],
			"rotation": {"angle": 22.5, "axis": "z", "origin": [8, 8, 8]},
			"faces": {
				"north": {"uv": [12, 11.625, 12.75, 11.75], "texture": "#0"},
				"east": {"uv": [13, 15, 13.125, 15.125], "texture": "#0"},
				"south": {"uv": [12, 11.875, 12.75, 12], "texture": "#0"},
				"west": {"uv": [13.25, 15, 13.375, 15.125], "texture": "#0"},
				"up": {"uv": [12.875, 4.25, 12.125, 4.125], "texture": "#0"},
				"down": {"uv": [12.875, 4.375, 12.125, 4.5], "texture": "#0"}
			}
		},
		{
			"from": [19.5147, 9.8103, 5.5],
			"to": [23.5147, 10.8103, 10.5],
			"rotation": {"angle": 0, "axis": "z", "origin": [8, 8, 8]},
			"faces": {
				"north": {"uv": [13.75, 8.125, 14.25, 8.25], "texture": "#0"},
				"east": {"uv": [12.875, 11.875, 13.5, 12], "texture": "#0"},
				"south": {"uv": [13.75, 8.375, 14.25, 8.5], "texture": "#0"},
				"west": {"uv": [12.125, 12.875, 12.75, 13], "texture": "#0"},
				"up": {"uv": [5.375, 8.25, 4.875, 7.625], "texture": "#0"},
				"down": {"uv": [8.125, 5.875, 7.625, 6.5], "texture": "#0"}
			}
		},
		{
			"from": [19.5147, 7.8103, 5.5],
			"to": [20.5147, 9.8103, 10.5],
			"rotation": {"angle": 0, "axis": "z", "origin": [8, 8, 8]},
			"faces": {
				"north": {"uv": [11, 14.5, 11.125, 14.75], "texture": "#0"},
				"east": {"uv": [10.75, 6.125, 11.375, 6.375], "texture": "#0"},
				"south": {"uv": [11.25, 14.5, 11.375, 14.75], "texture": "#0"},
				"west": {"uv": [10.75, 8, 11.375, 8.25], "texture": "#0"},
				"up": {"uv": [9.375, 13.5, 9.25, 12.875], "texture": "#0"},
				"down": {"uv": [13, 12.625, 12.875, 13.25], "texture": "#0"}
			}
		},
		{
			"from": [17.5147, 7.8103, 7],
			"to": [24.5147, 9.8103, 9],
			"rotation": {"angle": 0, "axis": "z", "origin": [8, 8, 8]},
			"faces": {
				"north": {"uv": [9.75, 1.875, 10.625, 2.125], "texture": "#0"},
				"east": {"uv": [8, 13.75, 8.25, 14], "texture": "#0"},
				"south": {"uv": [0.375, 9.875, 1.25, 10.125], "texture": "#0"},
				"west": {"uv": [13.75, 9.5, 14, 9.75], "texture": "#0"},
				"up": {"uv": [10.75, 1.125, 9.875, 0.875], "texture": "#0"},
				"down": {"uv": [2.25, 9.875, 1.375, 10.125], "texture": "#0"}
			}
		},
		{
			"from": [22.5147, 7.8103, 5.5],
			"to": [23.5147, 9.8103, 10.5],
			"rotation": {"angle": 0, "axis": "z", "origin": [8, 8, 8]},
			"faces": {
				"north": {"uv": [11.5, 14.5, 11.625, 14.75], "texture": "#0"},
				"east": {"uv": [8.5, 10.75, 9.125, 11], "texture": "#0"},
				"south": {"uv": [13.75, 14.5, 13.875, 14.75], "texture": "#0"},
				"west": {"uv": [10.875, 0.75, 11.5, 1], "texture": "#0"},
				"up": {"uv": [0.125, 13.625, 0, 13], "texture": "#0"},
				"down": {"uv": [0.625, 13, 0.5, 13.625], "texture": "#0"}
			}
		},
		{
			"from": [19.5147, 6.8103, 5.5],
			"to": [23.5147, 7.8103, 10.5],
			"rotation": {"angle": 0, "axis": "z", "origin": [8, 8, 8]},
			"faces": {
				"north": {"uv": [13.75, 9.875, 14.25, 10], "texture": "#0"},
				"east": {"uv": [12.875, 12.125, 13.5, 12.25], "texture": "#0"},
				"south": {"uv": [13.75, 10.125, 14.25, 10.25], "texture": "#0"},
				"west": {"uv": [2.25, 13, 2.875, 13.125], "texture": "#0"},
				"up": {"uv": [7.125, 8.25, 6.625, 7.625], "texture": "#0"},
				"down": {"uv": [8.125, 6.625, 7.625, 7.25], "texture": "#0"}
			}
		},
		{
			"from": [14.5147, 8.3103, 7.5],
			"to": [17.5147, 9.3103, 8.5],
			"rotation": {"angle": 0, "axis": "z", "origin": [8, 8, 8]},
			"faces": {
				"north": {"uv": [14, 12.125, 14.375, 12.25], "texture": "#0"},
				"east": {"uv": [5.5, 15.25, 5.625, 15.375], "texture": "#0"},
				"south": {"uv": [14.125, 4.5, 14.5, 4.625], "texture": "#0"},
				"west": {"uv": [15.25, 5.625, 15.375, 5.75], "texture": "#0"},
				"up": {"uv": [14.5, 4.875, 14.125, 4.75], "texture": "#0"},
				"down": {"uv": [14.5, 5.75, 14.125, 5.875], "texture": "#0"}
			}
		},
		{
			"from": [20.5147, 7.8103, 8],
			"to": [22.5147, 9.8103, 11],
			"rotation": {"angle": 0, "axis": "z", "origin": [21.2647, 8.8103, 7.5]},
			"faces": {
				"north": {"uv": [8.375, 13.5, 8.625, 13.75], "texture": "#0"},
				"east": {"uv": [9.875, 7.625, 10.625, 7.875], "texture": "#0"},
				"south": {"uv": [13.5, 10.625, 13.75, 10.875], "texture": "#0"},
				"west": {"uv": [7.75, 9.875, 8.5, 10.125], "texture": "#0"},
				"up": {"uv": [6.25, 10.625, 6, 9.875], "texture": "#0"},
				"down": {"uv": [10.125, 9.75, 9.875, 10.5], "texture": "#0"}
			}
		}
	],
	"display": {
		"thirdperson_righthand": {
			"translation": [0, 3.5, 0],
			"scale": [0.375, 0.375, 0.375]
		},
		"head": {
			"translation": [-45, -21, 0],
			"scale": [3.2, 3.2, 3.2]
		}
	},
	"groups": [
		{
			"name": "ring",
			"origin": [4.35091, 9.61944, 8],
			"color": 0,
			"nbt": "{}",
			"armAnimationEnabled": false,
			"children": [0, 1, 2, 3, 4, 5]
		},
		{
			"name": "base",
			"origin": [0, 0, 0],
			"color": 0,
			"nbt": "{}",
			"armAnimationEnabled": false,
			"children": [
				{
					"name": "foot1",
					"origin": [19.05268, -6.23744, 5.5],
					"color": 0,
					"nbt": "{}",
					"armAnimationEnabled": false,
					"children": []
				},
				{
					"name": "foot1",
					"origin": [19.05268, -6.23744, 5.5],
					"color": 0,
					"nbt": "{}",
					"armAnimationEnabled": false,
					"children": []
				},
				{
					"name": "foot1",
					"origin": [19.05268, -6.23744, 5.5],
					"color": 0,
					"nbt": "{}",
					"armAnimationEnabled": false,
					"children": []
				},
				{
					"name": "foot1",
					"origin": [19.05268, -6.23744, 5.5],
					"color": 0,
					"nbt": "{}",
					"armAnimationEnabled": false,
					"children": []
				},
				{
					"name": "support",
					"origin": [0.49582, 0.99267, 5],
					"color": 4,
					"nbt": "{}",
					"armAnimationEnabled": false,
					"children": [6, 7, 8, 9, 10, 11, 12, 13, 14, 15, 16, 17, 18]
				}
			]
		},
		{
			"name": "ring_decotarions",
			"origin": [8, 11.8853, 8],
			"color": 0,
			"nbt": "{}",
			"armAnimationEnabled": false,
			"children": [19, 20, 21, 22, 23, 24]
		},
		25
	]
}