{
	"credit": "Made with Blockbench",
	"texture_size": [64, 64],
	"textures": {
		"2": "expansion:vehicles/rocket/rocket_top"
	},
	"elements": [
		{
			"name": "octagon",
			"from": [5.51472, 0, 2],
			"to": [10.48528, 2.5, 3],
			"rotation": {"angle": 45, "axis": "y", "origin": [8, 14.5, 8]},
			"faces": {
				"north": {"uv": [1.25, 8, 2.5, 8.625], "texture": "#2"},
				"east": {"uv": [7.5, 10.75, 7.75, 11.375], "texture": "#2"},
				"south": {"uv": [2.5, 8, 3.75, 8.625], "texture": "#2"},
				"west": {"uv": [7.75, 10.75, 8, 11.375], "texture": "#2"},
				"up": {"uv": [10.5, 5.5, 9.25, 5.25], "texture": "#2"},
				"down": {"uv": [10.5, 5.5, 9.25, 5.75], "texture": "#2"}
			}
		},
		{
			"name": "octagon",
			"from": [5.51472, 0, 2],
			"to": [10.48528, 2.5, 13.25],
			"rotation": {"angle": 0, "axis": "y", "origin": [0, -19, 0]},
			"faces": {
				"north": {"uv": [0, 8.5, 1.25, 9.125], "texture": "#2"},
				"east": {"uv": [6.5, 0, 9.3125, 0.625], "texture": "#2"},
				"south": {"uv": [7.5, 8.5, 8.75, 9.125], "texture": "#2"},
				"west": {"uv": [6.5, 0.75, 9.3125, 1.375], "texture": "#2"},
				"up": {"uv": [1.25, 2.8125, 0, 0], "texture": "#2"},
				"down": {"uv": [2.5, 0, 1.25, 2.8125], "texture": "#2"}
			}
		},
		{
			"name": "octagon",
			"from": [5.51472, 0, 2.75],
			"to": [10.48528, 2.5, 14],
			"rotation": {"angle": 45, "axis": "y", "origin": [8, 14.5, 8]},
			"faces": {
				"north": {"uv": [1.25, 8.75, 2.5, 9.375], "texture": "#2"},
				"east": {"uv": [6.5, 1.5, 9.3125, 2.125], "texture": "#2"},
				"south": {"uv": [2.5, 8.75, 3.75, 9.375], "texture": "#2"},
				"west": {"uv": [6.5, 3.75, 9.3125, 4.375], "texture": "#2"},
				"up": {"uv": [3.75, 2.8125, 2.5, 0], "texture": "#2"},
				"down": {"uv": [1.25, 3, 0, 5.8125], "texture": "#2"}
			}
		},
		{
			"name": "octagon",
			"from": [5.51472, 0, 13],
			"to": [10.48528, 2.5, 14],
			"rotation": {"angle": 0, "axis": "y", "origin": [0, 6.5, 0]},
			"faces": {
				"north": {"uv": [3.75, 8.75, 5, 9.375], "texture": "#2"},
				"east": {"uv": [8, 10.75, 8.25, 11.375], "texture": "#2"},
				"south": {"uv": [5, 8.75, 6.25, 9.375], "texture": "#2"},
				"west": {"uv": [8.25, 10.75, 8.5, 11.375], "texture": "#2"},
				"up": {"uv": [10.5, 6, 9.25, 5.75], "texture": "#2"},
				"down": {"uv": [10.75, 3.5, 9.5, 3.75], "texture": "#2"}
			}
		},
		{
			"name": "octagon",
			"from": [3.61091, 0, 9.40381],
			"to": [14.61091, 2.5, 14.37437],
			"rotation": {"angle": 45, "axis": "y", "origin": [4.11091, 14, 11.88909]},
			"faces": {
				"north": {"uv": [6.5, 4.5, 9.25, 5.125], "texture": "#2"},
				"east": {"uv": [8.75, 6, 10, 6.625], "texture": "#2"},
				"south": {"uv": [6.5, 5.25, 9.25, 5.875], "texture": "#2"},
				"west": {"uv": [6.25, 8.75, 7.5, 9.375], "texture": "#2"},
				"up": {"uv": [4, 4.25, 1.25, 3], "texture": "#2"},
				"down": {"uv": [6.5, 0, 3.75, 1.25], "texture": "#2"}
			}
		},
		{
			"name": "octagon",
			"from": [2, 0, 5.51472],
			"to": [3, 2.5, 10.48528],
			"rotation": {"angle": 0, "axis": "y", "origin": [0, 6.5, 0]},
			"faces": {
				"north": {"uv": [9.25, 10.75, 9.5, 11.375], "texture": "#2"},
				"east": {"uv": [8.75, 6.75, 10, 7.375], "texture": "#2"},
				"south": {"uv": [9.5, 10.75, 9.75, 11.375], "texture": "#2"},
				"west": {"uv": [8.75, 7.5, 10, 8.125], "texture": "#2"},
				"up": {"uv": [4, 5.5, 3.75, 4.25], "texture": "#2"},
				"down": {"uv": [4, 9.5, 3.75, 10.75], "texture": "#2"}
			}
		},
		{
			"name": "octagon",
			"from": [12.8, 0, 5.51472],
			"to": [14, 2.5, 10.48528],
			"rotation": {"angle": 45, "axis": "y", "origin": [8, 14.5, 8]},
			"faces": {
				"north": {"uv": [10.5, 10, 10.8125, 10.625], "texture": "#2"},
				"east": {"uv": [8.75, 8.25, 10, 8.875], "texture": "#2"},
				"south": {"uv": [0, 10.75, 0.3125, 11.375], "texture": "#2"},
				"west": {"uv": [8.75, 9, 10, 9.625], "texture": "#2"},
				"up": {"uv": [3.0625, 10.75, 2.75, 9.5], "texture": "#2"},
				"down": {"uv": [3.5625, 9.5, 3.25, 10.75], "texture": "#2"}
			}
		},
		{
			"name": "octagon",
			"from": [2.95, 0, 5.51472],
			"to": [14, 2.5, 10.48528],
			"rotation": {"angle": 0, "axis": "y", "origin": [0, 6.5, 0]},
			"faces": {
				"north": {"uv": [6.75, 2.25, 9.5, 2.875], "texture": "#2"},
				"east": {"uv": [0, 9.25, 1.25, 9.875], "texture": "#2"},
				"south": {"uv": [6.75, 3, 9.5, 3.625], "texture": "#2"},
				"west": {"uv": [9.25, 4.5, 10.5, 5.125], "texture": "#2"},
				"up": {"uv": [6.5, 2.5, 3.75, 1.25], "texture": "#2"},
				"down": {"uv": [6.75, 2.5, 4, 3.75], "texture": "#2"}
			}
		},
		{
			"from": [5.51472, 2.2706, 12.84672],
			"to": [10.51472, 11.5, 13.84672],
			"rotation": {"angle": -22.5, "axis": "x", "origin": [8.01472, 2.7706, 13.34672]},
			"faces": {
				"north": {"uv": [4, 3.75, 5.25, 6.0625], "texture": "#2"},
				"east": {"uv": [8.5, 9.25, 8.75, 11.5625], "texture": "#2"},
				"south": {"uv": [1.25, 4.25, 2.5, 6.5625], "texture": "#2"},
				"west": {"uv": [9.5, 1, 9.75, 3.3125], "texture": "#2"},
				"up": {"uv": [10.75, 4, 9.5, 3.75], "texture": "#2"},
				"down": {"uv": [5.25, 9.5, 4, 9.75], "texture": "#2"}
			}
		},
		{
			"from": [2.15328, 2.2706, 5.48528],
			"to": [3.15328, 11.5, 10.48528],
			"rotation": {"angle": -22.5, "axis": "z", "origin": [2.65328, 2.7706, 7.98528]},
			"faces": {
				"north": {"uv": [1.25, 9.5, 1.5, 11.8125], "texture": "#2"},
				"east": {"uv": [2.5, 4.25, 3.75, 6.5625], "texture": "#2"},
				"south": {"uv": [1.5, 9.5, 1.75, 11.8125], "texture": "#2"},
				"west": {"uv": [5.25, 3.75, 6.5, 6.0625], "texture": "#2"},
				"up": {"uv": [5.5, 10.75, 5.25, 9.5], "texture": "#2"},
				"down": {"uv": [5.75, 9.5, 5.5, 10.75], "texture": "#2"}
			}
		},
		{
			"from": [12.84672, 2.2706, 5.48528],
			"to": [13.84672, 11.5, 10.48528],
			"rotation": {"angle": 22.5, "axis": "z", "origin": [13.34672, 2.7706, 7.98528]},
			"faces": {
				"north": {"uv": [1.75, 9.5, 2, 11.8125], "texture": "#2"},
				"east": {"uv": [0, 6, 1.25, 8.3125], "texture": "#2"},
				"south": {"uv": [2, 9.5, 2.25, 11.8125], "texture": "#2"},
				"west": {"uv": [3.75, 6.25, 5, 8.5625], "texture": "#2"},
				"up": {"uv": [6, 10.75, 5.75, 9.5], "texture": "#2"},
				"down": {"uv": [6.25, 9.5, 6, 10.75], "texture": "#2"}
			}
		},
		{
			"from": [5.51472, 2.2706, 2.15328],
			"to": [10.51472, 11.5, 3.15328],
			"rotation": {"angle": 22.5, "axis": "x", "origin": [8.01472, 2.7706, 2.65328]},
			"faces": {
				"north": {"uv": [5, 6.25, 6.25, 8.5625], "texture": "#2"},
				"east": {"uv": [2.25, 9.5, 2.5, 11.8125], "texture": "#2"},
				"south": {"uv": [6.25, 6.25, 7.5, 8.5625], "texture": "#2"},
				"west": {"uv": [2.5, 9.5, 2.75, 11.8125], "texture": "#2"},
				"up": {"uv": [10.75, 4.25, 9.5, 4], "texture": "#2"},
				"down": {"uv": [10.75, 4.25, 9.5, 4.5], "texture": "#2"}
			}
		},
		{
			"from": [11.14949, 2.5, 2.12132],
			"to": [12.14949, 3.5, 6.62132],
			"rotation": {"angle": 45, "axis": "y", "origin": [11.64949, 3, 4.37132]},
			"faces": {
				"north": {"uv": [6.5, 2.25, 6.75, 2.5], "texture": "#2"},
				"east": {"uv": [9.75, 1.75, 10.875, 2], "texture": "#2"},
				"south": {"uv": [11.25, 3.25, 11.5, 3.5], "texture": "#2"},
				"west": {"uv": [9.75, 2, 10.875, 2.25], "texture": "#2"},
				"up": {"uv": [10, 3.375, 9.75, 2.25], "texture": "#2"},
				"down": {"uv": [4.25, 9.75, 4, 10.875], "texture": "#2"}
			}
		},
		{
			"from": [10.89949, 3.5, 2.62132],
			"to": [11.89949, 4.5, 6.62132],
			"rotation": {"angle": 45, "axis": "y", "origin": [11.39949, 4, 4.62132]},
			"faces": {
				"north": {"uv": [4, 11.25, 4.25, 11.5], "texture": "#2"},
				"east": {"uv": [6.5, 6, 7.5, 6.25], "texture": "#2"},
				"south": {"uv": [4.25, 11.25, 4.5, 11.5], "texture": "#2"},
				"west": {"uv": [6.5, 10, 7.5, 10.25], "texture": "#2"},
				"up": {"uv": [10.25, 8.75, 10, 7.75], "texture": "#2"},
				"down": {"uv": [9, 10, 8.75, 11], "texture": "#2"}
			}
		},
		{
			"from": [10.64949, 4.5, 3.12132],
			"to": [11.64949, 5.5, 6.62132],
			"rotation": {"angle": 45, "axis": "y", "origin": [11.14949, 5, 4.87132]},
			"faces": {
				"north": {"uv": [4.5, 11.25, 4.75, 11.5], "texture": "#2"},
				"east": {"uv": [10.25, 9.5, 11.125, 9.75], "texture": "#2"},
				"south": {"uv": [5.5, 11.25, 5.75, 11.5], "texture": "#2"},
				"west": {"uv": [10.25, 9.75, 11.125, 10], "texture": "#2"},
				"up": {"uv": [10, 11.125, 9.75, 10.25], "texture": "#2"},
				"down": {"uv": [10.5, 10, 10.25, 10.875], "texture": "#2"}
			}
		},
		{
			"from": [10.39949, 5.5, 3.62132],
			"to": [11.39949, 6.5, 6.62132],
			"rotation": {"angle": 45, "axis": "y", "origin": [10.89949, 6, 5.12132]},
			"faces": {
				"north": {"uv": [5.75, 11.25, 6, 11.5], "texture": "#2"},
				"east": {"uv": [10.5, 8.25, 11.25, 8.5], "texture": "#2"},
				"south": {"uv": [11.25, 6, 11.5, 6.25], "texture": "#2"},
				"west": {"uv": [10.5, 8.5, 11.25, 8.75], "texture": "#2"},
				"up": {"uv": [4, 6.25, 3.75, 5.5], "texture": "#2"},
				"down": {"uv": [0.75, 10.75, 0.5, 11.5], "texture": "#2"}
			}
		},
		{
			"from": [10.14949, 6.5, 4.12132],
			"to": [11.14949, 7.5, 6.62132],
			"rotation": {"angle": 45, "axis": "y", "origin": [10.64949, 7, 5.37132]},
			"faces": {
				"north": {"uv": [6.25, 11.25, 6.5, 11.5], "texture": "#2"},
				"east": {"uv": [10.75, 5.25, 11.375, 5.5], "texture": "#2"},
				"south": {"uv": [11.25, 6.5, 11.5, 6.75], "texture": "#2"},
				"west": {"uv": [10.75, 7, 11.375, 7.25], "texture": "#2"},
				"up": {"uv": [10.75, 11.375, 10.5, 10.75], "texture": "#2"},
				"down": {"uv": [11, 10.75, 10.75, 11.375], "texture": "#2"}
			}
		},
		{
			"from": [9.89949, 7.5, 4.62132],
			"to": [10.89949, 8.5, 6.62132],
			"rotation": {"angle": 45, "axis": "y", "origin": [10.39949, 8, 5.62132]},
			"faces": {
				"north": {"uv": [11.25, 6.75, 11.5, 7], "texture": "#2"},
				"east": {"uv": [11, 4.5, 11.5, 4.75], "texture": "#2"},
				"south": {"uv": [11.25, 7.25, 11.5, 7.5], "texture": "#2"},
				"west": {"uv": [11, 4.75, 11.5, 5], "texture": "#2"},
				"up": {"uv": [4, 3, 3.75, 2.5], "texture": "#2"},
				"down": {"uv": [5.5, 11, 5.25, 11.5], "texture": "#2"}
			}
		},
		{
			"from": [3.85051, 2.5, 2.12132],
			"to": [4.85051, 3.5, 6.62132],
			"rotation": {"angle": -45, "axis": "y", "origin": [4.35051, 3, 4.37132]},
			"faces": {
				"north": {"uv": [11.25, 7.5, 11.5, 7.75], "texture": "#2"},
				"east": {"uv": [6.25, 9.75, 7.375, 10], "texture": "#2"},
				"south": {"uv": [11.25, 8.25, 11.5, 8.5], "texture": "#2"},
				"west": {"uv": [8.75, 9.75, 9.875, 10], "texture": "#2"},
				"up": {"uv": [4.5, 10.875, 4.25, 9.75], "texture": "#2"},
				"down": {"uv": [4.75, 9.75, 4.5, 10.875], "texture": "#2"}
			}
		},
		{
			"from": [4.10051, 3.5, 2.62132],
			"to": [5.10051, 4.5, 6.62132],
			"rotation": {"angle": -45, "axis": "y", "origin": [4.60051, 4, 4.62132]},
			"faces": {
				"north": {"uv": [11.25, 8.5, 11.5, 8.75], "texture": "#2"},
				"east": {"uv": [10, 8.75, 11, 9], "texture": "#2"},
				"south": {"uv": [9, 11.25, 9.25, 11.5], "texture": "#2"},
				"west": {"uv": [9, 10, 10, 10.25], "texture": "#2"},
				"up": {"uv": [10.25, 10, 10, 9], "texture": "#2"},
				"down": {"uv": [10.25, 10, 10, 11], "texture": "#2"}
			}
		},
		{
			"from": [4.35051, 4.5, 3.12132],
			"to": [5.35051, 5.5, 6.62132],
			"rotation": {"angle": -45, "axis": "y", "origin": [4.85051, 5, 4.87132]},
			"faces": {
				"north": {"uv": [11.25, 9.5, 11.5, 9.75], "texture": "#2"},
				"east": {"uv": [0, 10.5, 0.875, 10.75], "texture": "#2"},
				"south": {"uv": [9.75, 11.25, 10, 11.5], "texture": "#2"},
				"west": {"uv": [10.5, 0, 11.375, 0.25], "texture": "#2"},
				"up": {"uv": [10.75, 5.375, 10.5, 4.5], "texture": "#2"},
				"down": {"uv": [10.75, 6.25, 10.5, 7.125], "texture": "#2"}
			}
		},
		{
			"from": [4.60051, 5.5, 3.62132],
			"to": [5.60051, 6.5, 6.62132],
			"rotation": {"angle": -45, "axis": "y", "origin": [5.10051, 6, 5.12132]},
			"faces": {
				"north": {"uv": [11.25, 9.75, 11.5, 10], "texture": "#2"},
				"east": {"uv": [2.75, 10.75, 3.5, 11], "texture": "#2"},
				"south": {"uv": [10, 11.25, 10.25, 11.5], "texture": "#2"},
				"west": {"uv": [10.75, 3.5, 11.5, 3.75], "texture": "#2"},
				"up": {"uv": [1, 11.5, 0.75, 10.75], "texture": "#2"},
				"down": {"uv": [3.75, 10.75, 3.5, 11.5], "texture": "#2"}
			}
		},
		{
			"from": [4.85051, 6.5, 4.12132],
			"to": [5.85051, 7.5, 6.62132],
			"rotation": {"angle": -45, "axis": "y", "origin": [5.35051, 7, 5.37132]},
			"faces": {
				"north": {"uv": [11.25, 10, 11.5, 10.25], "texture": "#2"},
				"east": {"uv": [10.75, 9, 11.375, 9.25], "texture": "#2"},
				"south": {"uv": [10.25, 11.25, 10.5, 11.5], "texture": "#2"},
				"west": {"uv": [10.75, 9.25, 11.375, 9.5], "texture": "#2"},
				"up": {"uv": [11.25, 1.625, 11, 1], "texture": "#2"},
				"down": {"uv": [3, 11, 2.75, 11.625], "texture": "#2"}
			}
		},
		{
			"from": [5.10051, 7.5, 4.62132],
			"to": [6.10051, 8.5, 6.62132],
			"rotation": {"angle": -45, "axis": "y", "origin": [5.60051, 8, 5.62132]},
			"faces": {
				"north": {"uv": [11.25, 10.25, 11.5, 10.5], "texture": "#2"},
				"east": {"uv": [5.5, 11, 6, 11.25], "texture": "#2"},
				"south": {"uv": [11.25, 10.5, 11.5, 10.75], "texture": "#2"},
				"west": {"uv": [11, 6.25, 11.5, 6.5], "texture": "#2"},
				"up": {"uv": [11.25, 7, 11, 6.5], "texture": "#2"},
				"down": {"uv": [9, 11, 8.75, 11.5], "texture": "#2"}
			}
		},
		{
			"from": [3.85051, 2.5, 9.37868],
			"to": [4.85051, 3.5, 13.87868],
			"rotation": {"angle": 45, "axis": "y", "origin": [4.35051, 3, 11.62868]},
			"faces": {
				"north": {"uv": [11.25, 10.75, 11.5, 11], "texture": "#2"},
				"east": {"uv": [0, 10, 1.125, 10.25], "texture": "#2"},
				"south": {"uv": [11, 11.25, 11.25, 11.5], "texture": "#2"},
				"west": {"uv": [10, 2.25, 11.125, 2.5], "texture": "#2"},
				"up": {"uv": [5, 10.875, 4.75, 9.75], "texture": "#2"},
				"down": {"uv": [5.25, 9.75, 5, 10.875], "texture": "#2"}
			}
		},
		{
			"from": [4.10051, 3.5, 9.37868],
			"to": [5.10051, 4.5, 13.37868],
			"rotation": {"angle": 45, "axis": "y", "origin": [4.60051, 4, 11.37868]},
			"faces": {
				"north": {"uv": [11.25, 11.25, 11.5, 11.5], "texture": "#2"},
				"east": {"uv": [0, 10.25, 1, 10.5], "texture": "#2"},
				"south": {"uv": [0, 11.5, 0.25, 11.75], "texture": "#2"},
				"west": {"uv": [10.25, 6, 11.25, 6.25], "texture": "#2"},
				"up": {"uv": [1.25, 11.25, 1, 10.25], "texture": "#2"},
				"down": {"uv": [10.5, 6.25, 10.25, 7.25], "texture": "#2"}
			}
		},
		{
			"from": [4.35051, 4.5, 9.37868],
			"to": [5.35051, 5.5, 12.87868],
			"rotation": {"angle": 45, "axis": "y", "origin": [4.85051, 5, 11.12868]},
			"faces": {
				"north": {"uv": [11.5, 0, 11.75, 0.25], "texture": "#2"},
				"east": {"uv": [10.5, 0.25, 11.375, 0.5], "texture": "#2"},
				"south": {"uv": [0.25, 11.5, 0.5, 11.75], "texture": "#2"},
				"west": {"uv": [10.5, 0.5, 11.375, 0.75], "texture": "#2"},
				"up": {"uv": [6.75, 11.375, 6.5, 10.5], "texture": "#2"},
				"down": {"uv": [7, 10.5, 6.75, 11.375], "texture": "#2"}
			}
		},
		{
			"from": [4.60051, 5.5, 9.37868],
			"to": [5.60051, 6.5, 12.37868],
			"rotation": {"angle": 45, "axis": "y", "origin": [5.10051, 6, 10.87868]},
			"faces": {
				"north": {"uv": [11.5, 0.25, 11.75, 0.5], "texture": "#2"},
				"east": {"uv": [10.75, 3.75, 11.5, 4], "texture": "#2"},
				"south": {"uv": [0.5, 11.5, 0.75, 11.75], "texture": "#2"},
				"west": {"uv": [10.75, 4, 11.5, 4.25], "texture": "#2"},
				"up": {"uv": [4, 11.5, 3.75, 10.75], "texture": "#2"},
				"down": {"uv": [11, 4.25, 10.75, 5], "texture": "#2"}
			}
		},
		{
			"from": [4.85051, 6.5, 9.37868],
			"to": [5.85051, 7.5, 11.87868],
			"rotation": {"angle": 45, "axis": "y", "origin": [5.35051, 7, 10.62868]},
			"faces": {
				"north": {"uv": [11.5, 0.5, 11.75, 0.75], "texture": "#2"},
				"east": {"uv": [11, 1.75, 11.625, 2], "texture": "#2"},
				"south": {"uv": [0.75, 11.5, 1, 11.75], "texture": "#2"},
				"west": {"uv": [11, 2, 11.625, 2.25], "texture": "#2"},
				"up": {"uv": [3.25, 11.625, 3, 11], "texture": "#2"},
				"down": {"uv": [3.5, 11, 3.25, 11.625], "texture": "#2"}
			}
		},
		{
			"from": [5.10051, 7.5, 9.37868],
			"to": [6.10051, 8.5, 11.37868],
			"rotation": {"angle": 45, "axis": "y", "origin": [5.60051, 8, 10.37868]},
			"faces": {
				"north": {"uv": [11.5, 0.75, 11.75, 1], "texture": "#2"},
				"east": {"uv": [11, 8.75, 11.5, 9], "texture": "#2"},
				"south": {"uv": [11.5, 1.25, 11.75, 1.5], "texture": "#2"},
				"west": {"uv": [10, 11, 10.5, 11.25], "texture": "#2"},
				"up": {"uv": [11.25, 10.5, 11, 10], "texture": "#2"},
				"down": {"uv": [11.25, 10.5, 11, 11], "texture": "#2"}
			}
		},
		{
			"from": [11.14949, 2.5, 9.37868],
			"to": [12.14949, 3.5, 13.87868],
			"rotation": {"angle": -45, "axis": "y", "origin": [11.64949, 3, 11.62868]},
			"faces": {
				"north": {"uv": [11.5, 1.5, 11.75, 1.75], "texture": "#2"},
				"east": {"uv": [10, 2.5, 11.125, 2.75], "texture": "#2"},
				"south": {"uv": [11.5, 3.25, 11.75, 3.5], "texture": "#2"},
				"west": {"uv": [10, 2.75, 11.125, 3], "texture": "#2"},
				"up": {"uv": [10.25, 7.125, 10, 6], "texture": "#2"},
				"down": {"uv": [6.5, 10, 6.25, 11.125], "texture": "#2"}
			}
		},
		{
			"from": [10.89949, 3.5, 9.37868],
			"to": [11.89949, 4.5, 13.37868],
			"rotation": {"angle": -45, "axis": "y", "origin": [11.39949, 4, 11.37868]},
			"faces": {
				"north": {"uv": [3.5, 11.5, 3.75, 11.75], "texture": "#2"},
				"east": {"uv": [6.5, 10.25, 7.5, 10.5], "texture": "#2"},
				"south": {"uv": [11.5, 3.5, 11.75, 3.75], "texture": "#2"},
				"west": {"uv": [7.5, 10.25, 8.5, 10.5], "texture": "#2"},
				"up": {"uv": [10.5, 8.75, 10.25, 7.75], "texture": "#2"},
				"down": {"uv": [9.25, 10.25, 9, 11.25], "texture": "#2"}
			}
		},
		{
			"from": [10.64949, 4.5, 9.37868],
			"to": [11.64949, 5.5, 12.87868],
			"rotation": {"angle": -45, "axis": "y", "origin": [11.14949, 5, 11.12868]},
			"faces": {
				"north": {"uv": [3.75, 11.5, 4, 11.75], "texture": "#2"},
				"east": {"uv": [10.5, 0.75, 11.375, 1], "texture": "#2"},
				"south": {"uv": [11.5, 3.75, 11.75, 4], "texture": "#2"},
				"west": {"uv": [10.5, 5.5, 11.375, 5.75], "texture": "#2"},
				"up": {"uv": [7.25, 11.375, 7, 10.5], "texture": "#2"},
				"down": {"uv": [7.5, 10.5, 7.25, 11.375], "texture": "#2"}
			}
		},
		{
			"from": [10.39949, 5.5, 9.37868],
			"to": [11.39949, 6.5, 12.37868],
			"rotation": {"angle": -45, "axis": "y", "origin": [10.89949, 6, 10.87868]},
			"faces": {
				"north": {"uv": [4, 11.5, 4.25, 11.75], "texture": "#2"},
				"east": {"uv": [10.75, 5, 11.5, 5.25], "texture": "#2"},
				"south": {"uv": [11.5, 4, 11.75, 4.25], "texture": "#2"},
				"west": {"uv": [5.25, 10.75, 6, 11], "texture": "#2"},
				"up": {"uv": [6.25, 11.5, 6, 10.75], "texture": "#2"},
				"down": {"uv": [11, 6.25, 10.75, 7], "texture": "#2"}
			}
		},
		{
			"from": [10.14949, 6.5, 9.37868],
			"to": [11.14949, 7.5, 11.87868],
			"rotation": {"angle": -45, "axis": "y", "origin": [10.64949, 7, 10.62868]},
			"faces": {
				"north": {"uv": [4.25, 11.5, 4.5, 11.75], "texture": "#2"},
				"east": {"uv": [4, 11, 4.625, 11.25], "texture": "#2"},
				"south": {"uv": [4.5, 11.5, 4.75, 11.75], "texture": "#2"},
				"west": {"uv": [11, 4.25, 11.625, 4.5], "texture": "#2"},
				"up": {"uv": [5, 11.625, 4.75, 11], "texture": "#2"},
				"down": {"uv": [5.25, 11, 5, 11.625], "texture": "#2"}
			}
		},
		{
			"from": [9.89949, 7.5, 9.37868],
			"to": [10.89949, 8.5, 11.37868],
			"rotation": {"angle": -45, "axis": "y", "origin": [10.39949, 8, 10.37868]},
			"faces": {
				"north": {"uv": [11.5, 4.5, 11.75, 4.75], "texture": "#2"},
				"east": {"uv": [11, 11, 11.5, 11.25], "texture": "#2"},
				"south": {"uv": [11.5, 4.75, 11.75, 5], "texture": "#2"},
				"west": {"uv": [11.25, 1, 11.75, 1.25], "texture": "#2"},
				"up": {"uv": [1.25, 11.75, 1, 11.25], "texture": "#2"},
				"down": {"uv": [11.5, 1.25, 11.25, 1.75], "texture": "#2"}
			}
		},
		{
			"from": [5.5, 10.25, 5.5],
			"to": [10.5, 11.25, 10.5],
			"rotation": {"angle": 0, "axis": "y", "origin": [14, 18.25, 17]},
			"faces": {
				"north": {"uv": [6.25, 9.5, 7.5, 9.75], "texture": "#2"},
				"east": {"uv": [9.75, 1, 11, 1.25], "texture": "#2"},
				"south": {"uv": [9.75, 1.25, 11, 1.5], "texture": "#2"},
				"west": {"uv": [9.75, 1.5, 11, 1.75], "texture": "#2"},
				"up": {"uv": [2.5, 8, 1.25, 6.75], "texture": "#2"},
				"down": {"uv": [3.75, 6.75, 2.5, 8], "texture": "#2"}
			}
		},
		{
			"from": [5.75, 10.75, 5.75],
			"to": [10.25, 11.75, 10.25],
			"rotation": {"angle": 0, "axis": "y", "origin": [14, 18.75, 17]},
			"faces": {
				"north": {"uv": [10, 3, 11.125, 3.25], "texture": "#2"},
				"east": {"uv": [10, 3.25, 11.125, 3.5], "texture": "#2"},
				"south": {"uv": [10, 7.25, 11.125, 7.5], "texture": "#2"},
				"west": {"uv": [10, 7.5, 11.125, 7.75], "texture": "#2"},
				"up": {"uv": [8.625, 7.125, 7.5, 6], "texture": "#2"},
				"down": {"uv": [8.625, 7.25, 7.5, 8.375], "texture": "#2"}
			}
		},
		{
			"from": [6.25, 11.25, 6.25],
			"to": [9.75, 12.25, 9.75],
			"rotation": {"angle": 0, "axis": "y", "origin": [14, 19.25, 17]},
			"faces": {
				"north": {"uv": [10.5, 5.75, 11.375, 6], "texture": "#2"},
				"east": {"uv": [7.5, 10.5, 8.375, 10.75], "texture": "#2"},
				"south": {"uv": [10.5, 7.75, 11.375, 8], "texture": "#2"},
				"west": {"uv": [10.5, 8, 11.375, 8.25], "texture": "#2"},
				"up": {"uv": [8.375, 10.125, 7.5, 9.25], "texture": "#2"},
				"down": {"uv": [10.375, 0, 9.5, 0.875], "texture": "#2"}
			}
		},
		{
			"from": [7, 11.75, 7],
			"to": [9, 12.75, 9],
			"rotation": {"angle": 0, "axis": "y", "origin": [14, 19.75, 16.75]},
			"faces": {
				"north": {"uv": [11.25, 2.25, 11.75, 2.5], "texture": "#2"},
				"east": {"uv": [11.25, 2.5, 11.75, 2.75], "texture": "#2"},
				"south": {"uv": [11.25, 2.75, 11.75, 3], "texture": "#2"},
				"west": {"uv": [11.25, 3, 11.75, 3.25], "texture": "#2"},
				"up": {"uv": [10.75, 9.5, 10.25, 9], "texture": "#2"},
				"down": {"uv": [9.75, 10.25, 9.25, 10.75], "texture": "#2"}
			}
		}
	],
	"gui_light": "front",
	"display": {
		"thirdperson_righthand": {
			"rotation": [75, 45, 0],
			"translation": [0, 2.5, 0],
			"scale": [0.375, 0.375, 0.375]
		},
		"thirdperson_lefthand": {
			"rotation": [75, 45, 0],
			"translation": [0, 2.5, 0],
			"scale": [0.375, 0.375, 0.375]
		},
		"firstperson_righthand": {
			"rotation": [0, 45, 0],
			"scale": [0.4, 0.4, 0.4]
		},
		"firstperson_lefthand": {
			"rotation": [0, 225, 0],
			"scale": [0.4, 0.4, 0.4]
		},
		"ground": {
			"translation": [0, 3, 0],
			"scale": [0.25, 0.25, 0.25]
		},
		"gui": {
			"rotation": [30, 225, 0],
			"translation": [0, 2.25, 0],
			"scale": [0.9, 0.9, 0.9]
		},
		"head": {
			"translation": [0, -10.75, 0],
			"scale": [3.2, 3.2, 3.2]
		},
		"fixed": {
			"scale": [0.5, 0.5, 0.5]
		}
	},
	"groups": [
		{
			"name": "octagon",
			"origin": [8, 8, 8],
			"color": 0,
			"children": [0, 1, 2, 3, 4, 5, 6, 7, 8, 9, 10, 11]
		},
		{
			"name": "detail nose",
			"origin": [4.1869, 2.7706, 0.65328],
			"color": 0,
			"children": [12, 13, 14, 15, 16, 17]
		},
		{
			"name": "detail nose",
			"origin": [4.1869, 2.7706, 0.65328],
			"color": 0,
			"children": [18, 19, 20, 21, 22, 23]
		},
		{
			"name": "detail nose",
			"origin": [4.1869, 2.7706, 0.65328],
			"color": 0,
			"children": [24, 25, 26, 27, 28, 29]
		},
		{
			"name": "detail nose",
			"origin": [4.1869, 2.7706, 0.65328],
			"color": 0,
			"children": [30, 31, 32, 33, 34, 35]
		},
		36,
		37,
		38,
		39
	]
}