{
	"textures": {
		"1": "animated_java:item/mech_legs/mech"
	},
	"display": {
		"head": {
			"rotation": [0, 180, 0]
		}
	},
	"elements": [
		{
			"from": [6, -3.00003, 5.5],
			"to": [10, 9.99997, 10.5],
			"rotation": {
				"angle": 0,
				"axis": "y",
				"origin": [8, 8, 8]
			},
			"faces": {
				"north": {
					"uv": [5.125, 0, 4.875, 0.8125],
					"texture": "#1"
				},
				"east": {
					"uv": [1.375, 4.625, 1.0625, 5.4375],
					"texture": "#1"
				},
				"south": {
					"uv": [5.125, 2.125, 4.875, 2.9375],
					"texture": "#1"
				},
				"west": {
					"uv": [3.75, 4.5, 3.4375, 5.3125],
					"texture": "#1"
				},
				"up": {
					"uv": [3.75, 7.1875, 4, 6.875],
					"texture": "#1"
				},
				"down": {
					"uv": [4.0625, 6.875, 4.3125, 7.1875],
					"texture": "#1"
				}
			}
		},
		{
			"from": [7, -3.00003, 10.5],
			"to": [9, 8.99997, 12.5],
			"rotation": {
				"angle": 0,
				"axis": "y",
				"origin": [9, 8, 8]
			},
			"faces": {
				"north": {
					"uv": [3.5625, 6.5625, 3.6875, 7.3125],
					"texture": "#1"
				},
				"east": {
					"uv": [6.625, 6.25, 6.75, 7],
					"texture": "#1"
				},
				"south": {
					"uv": [1.0625, 6.6875, 1.1875, 7.4375],
					"texture": "#1"
				},
				"west": {
					"uv": [1.25, 6.6875, 1.375, 7.4375],
					"texture": "#1"
				},
				"up": {
					"uv": [6, 0.8125, 5.875, 0.6875],
					"texture": "#1"
				},
				"down": {
					"uv": [2.5625, 5.875, 2.4375, 6],
					"texture": "#1"
				}
			}
		}
	]
}