{
	"textures": {
		"1": "animated_java:item/mech_legs/mech"
	},
	"display": {
		"head": {
			"rotation": [0, 180, 0]
		}
	},
	"elements": [
		{
			"from": [9.83722, -6.1527, 5.52056],
			"to": [11.83722, 12.8473, 12.02056],
			"rotation": {
				"angle": 0,
				"axis": "y",
				"origin": [-4.16278, 7.84733, 8.52056]
			},
			"faces": {
				"north": {
					"uv": [5, 5.3125, 5.125, 6.5],
					"texture": "#1"
				},
				"east": {
					"uv": [2.9375, 2.625, 3.34375, 3.8125],
					"texture": "#1"
				},
				"south": {
					"uv": [5.1875, 5.3125, 5.3125, 6.5],
					"texture": "#1"
				},
				"west": {
					"uv": [2, 3, 2.40625, 4.1875],
					"texture": "#1"
				},
				"up": {
					"uv": [6.9375, 7.78125, 6.8125, 7.375],
					"texture": "#1"
				},
				"down": {
					"uv": [0.75, 7.4375, 0.625, 7.84375],
					"texture": "#1"
				}
			}
		},
		{
			"from": [8.36235, 11.40796, 5.53056],
			"to": [10.36235, 14.40796, 12.01056],
			"rotation": {
				"angle": 45,
				"axis": "z",
				"origin": [9.36235, 13.90796, 8.52056]
			},
			"faces": {
				"north": {
					"uv": [2.5625, 7.8125, 2.6875, 8],
					"texture": "#1"
				},
				"east": {
					"uv": [7.125, 0.75, 7.53125, 0.9375],
					"texture": "#1"
				},
				"south": {
					"uv": [7.8125, 3, 7.9375, 3.1875],
					"texture": "#1"
				},
				"west": {
					"uv": [7.125, 1, 7.53125, 1.1875],
					"texture": "#1"
				},
				"up": {
					"uv": [0.9375, 7.84375, 0.8125, 7.4375],
					"texture": "#1"
				},
				"down": {
					"uv": [5.3125, 7.4375, 5.1875, 7.84375],
					"texture": "#1"
				}
			}
		},
		{
			"from": [5.31209, 11.40796, 5.53056],
			"to": [7.31209, 14.40796, 12.01056],
			"rotation": {
				"angle": -45,
				"axis": "z",
				"origin": [6.31209, 13.90796, 8.52056]
			},
			"faces": {
				"north": {
					"uv": [7.8125, 3.25, 7.9375, 3.4375],
					"texture": "#1"
				},
				"east": {
					"uv": [7.125, 1.25, 7.53125, 1.4375],
					"texture": "#1"
				},
				"south": {
					"uv": [7.8125, 3.5, 7.9375, 3.6875],
					"texture": "#1"
				},
				"west": {
					"uv": [7.125, 2.8125, 7.53125, 3],
					"texture": "#1"
				},
				"up": {
					"uv": [5.5, 7.84375, 5.375, 7.4375],
					"texture": "#1"
				},
				"down": {
					"uv": [5.6875, 7.4375, 5.5625, 7.84375],
					"texture": "#1"
				}
			}
		},
		{
			"from": [5.83722, -0.1527, 4.52056],
			"to": [9.83722, 13.8473, 13.02056],
			"rotation": {
				"angle": 0,
				"axis": "y",
				"origin": [-4.16278, 7.84733, 8.52056]
			},
			"faces": {
				"north": {
					"uv": [2.875, 4.125, 2.625, 5],
					"texture": "#1"
				},
				"east": {
					"uv": [1.03125, 3.375, 0.5, 4.25],
					"texture": "#1"
				},
				"south": {
					"uv": [1.6875, 4.625, 1.4375, 5.5],
					"texture": "#1"
				},
				"west": {
					"uv": [3.59375, 0, 3.0625, 0.875],
					"texture": "#1"
				},
				"up": {
					"uv": [3.75, 6.28125, 4, 5.75],
					"texture": "#1"
				},
				"down": {
					"uv": [4.0625, 5.75, 4.3125, 6.28125],
					"texture": "#1"
				}
			}
		},
		{
			"from": [4.83722, -4.1527, 3.52056],
			"to": [10.83722, 2.8473, 5.52056],
			"rotation": {
				"angle": 0,
				"axis": "y",
				"origin": [-4.16278, 7.84733, 8.52056]
			},
			"faces": {
				"north": {
					"uv": [5.1875, 2.125, 5.5625, 2.5625],
					"texture": "#1"
				},
				"east": {
					"uv": [6.3125, 7.1875, 6.4375, 7.625],
					"texture": "#1"
				},
				"south": {
					"uv": [3.8125, 5.25, 4.1875, 5.6875],
					"texture": "#1"
				},
				"west": {
					"uv": [4.125, 7.25, 4.25, 7.6875],
					"texture": "#1"
				},
				"up": {
					"uv": [7.375, 7.5625, 7, 7.4375],
					"texture": "#1"
				},
				"down": {
					"uv": [7.8125, 7.4375, 7.4375, 7.5625],
					"texture": "#1"
				}
			}
		},
		{
			"from": [4.84722, -7.07661, -1.06957],
			"to": [10.82722, -3.07661, 0.93043],
			"rotation": {
				"angle": -22.5,
				"axis": "x",
				"origin": [-4.16278, 7.92342, 3.93043]
			},
			"faces": {
				"north": {
					"uv": [6.6875, 5.9375, 7.0625, 6.1875],
					"texture": "#1"
				},
				"east": {
					"uv": [0, 7.6875, 0.125, 7.9375],
					"texture": "#1"
				},
				"south": {
					"uv": [6.75, 1.625, 7.125, 1.875],
					"texture": "#1"
				},
				"west": {
					"uv": [1.25, 7.6875, 1.375, 7.9375],
					"texture": "#1"
				},
				"up": {
					"uv": [7.875, 0.3125, 7.5, 0.1875],
					"texture": "#1"
				},
				"down": {
					"uv": [1.375, 7.5, 1, 7.625],
					"texture": "#1"
				}
			}
		},
		{
			"from": [4.83722, -8.6897, 5.28174],
			"to": [10.83722, -6.6897, 9.28174],
			"rotation": {
				"angle": 22.5,
				"axis": "x",
				"origin": [8.83722, -7.6897, 7.28174]
			},
			"faces": {
				"north": {
					"uv": [2.75, 7.5, 3.125, 7.625],
					"texture": "#1"
				},
				"east": {
					"uv": [1.4375, 7.8125, 1.6875, 7.9375],
					"texture": "#1"
				},
				"south": {
					"uv": [3.625, 7.5, 4, 7.625],
					"texture": "#1"
				},
				"west": {
					"uv": [7.8125, 1.5, 8.0625, 1.625],
					"texture": "#1"
				},
				"up": {
					"uv": [7.125, 2.1875, 6.75, 1.9375],
					"texture": "#1"
				},
				"down": {
					"uv": [2.5, 6.75, 2.125, 7],
					"texture": "#1"
				}
			}
		},
		{
			"from": [3.83722, -5.1527, 5.52056],
			"to": [5.83722, 12.8473, 12.02056],
			"rotation": {
				"angle": 0,
				"axis": "y",
				"origin": [-4.16278, 7.84733, 8.52056]
			},
			"faces": {
				"north": {
					"uv": [1.4375, 5.5625, 1.5625, 6.6875],
					"texture": "#1"
				},
				"east": {
					"uv": [3.4375, 3.3125, 3.84375, 4.4375],
					"texture": "#1"
				},
				"south": {
					"uv": [1.625, 5.625, 1.75, 6.75],
					"texture": "#1"
				},
				"west": {
					"uv": [2.9375, 3.875, 3.34375, 5],
					"texture": "#1"
				},
				"up": {
					"uv": [5.875, 7.84375, 5.75, 7.4375],
					"texture": "#1"
				},
				"down": {
					"uv": [6.0625, 7.4375, 5.9375, 7.84375],
					"texture": "#1"
				}
			}
		}
	]
}