{
	"textures": {
		"0": "expansion:items/buggy_tire",
		"particle": "expansion:items/buggy_tire"
	},
	"elements": [
		{
			"name": "buggy_tire_0",
			"from": [0, 5, 7.5],
			"to": [16, 11, 8.5],
			"rotation": {"angle": 0, "axis": "z", "origin": [8, 8, 8]},
			"faces": {
				"north": {"uv": [5, 0, 11, 16], "rotation": 90, "texture": "#0"},
				"east": {"uv": [5, 15, 11, 16], "rotation": 90, "texture": "#0"},
				"south": {"uv": [5, 16, 11, 0], "rotation": 90, "texture": "#0"},
				"west": {"uv": [11, 0, 5, 1], "rotation": 270, "texture": "#0"},
				"up": {"uv": [5, 0, 6, 16], "rotation": 270, "texture": "#0"},
				"down": {"uv": [10, 0, 11, 16], "rotation": 270, "texture": "#0"}
			}
		},
		{
			"name": "buggy_tire_1",
			"from": [1, 11, 7.5],
			"to": [15, 13, 8.5],
			"rotation": {"angle": 0, "axis": "z", "origin": [8, 8, 8]},
			"faces": {
				"north": {"uv": [3, 1, 5, 15], "rotation": 90, "texture": "#0"},
				"east": {"uv": [3, 14, 5, 15], "rotation": 90, "texture": "#0"},
				"south": {"uv": [3, 15, 5, 1], "rotation": 90, "texture": "#0"},
				"west": {"uv": [5, 1, 3, 2], "rotation": 270, "texture": "#0"},
				"up": {"uv": [3, 1, 4, 15], "rotation": 270, "texture": "#0"},
				"down": {"uv": [4, 1, 5, 15], "rotation": 270, "texture": "#0"}
			}
		},
		{
			"name": "buggy_tire_2",
			"from": [1, 3, 7.5],
			"to": [15, 5, 8.5],
			"rotation": {"angle": 0, "axis": "z", "origin": [8, 8, 8]},
			"faces": {
				"north": {"uv": [11, 1, 13, 15], "rotation": 90, "texture": "#0"},
				"east": {"uv": [11, 14, 13, 15], "rotation": 90, "texture": "#0"},
				"south": {"uv": [11, 15, 13, 1], "rotation": 90, "texture": "#0"},
				"west": {"uv": [13, 1, 11, 2], "rotation": 270, "texture": "#0"},
				"up": {"uv": [11, 1, 12, 15], "rotation": 270, "texture": "#0"},
				"down": {"uv": [12, 1, 13, 15], "rotation": 270, "texture": "#0"}
			}
		},
		{
			"name": "buggy_tire_3",
			"from": [2, 13, 7.5],
			"to": [14, 14, 8.5],
			"rotation": {"angle": 0, "axis": "z", "origin": [8, 8, 8]},
			"faces": {
				"north": {"uv": [2, 2, 3, 14], "rotation": 90, "texture": "#0"},
				"east": {"uv": [2, 13, 3, 14], "rotation": 90, "texture": "#0"},
				"south": {"uv": [2, 14, 3, 2], "rotation": 90, "texture": "#0"},
				"west": {"uv": [3, 2, 2, 3], "rotation": 270, "texture": "#0"},
				"up": {"uv": [2, 2, 3, 14], "rotation": 270, "texture": "#0"},
				"down": {"uv": [2, 2, 3, 14], "rotation": 270, "texture": "#0"}
			}
		},
		{
			"name": "buggy_tire_4",
			"from": [2, 2, 7.5],
			"to": [14, 3, 8.5],
			"rotation": {"angle": 0, "axis": "z", "origin": [8, 8, 8]},
			"faces": {
				"north": {"uv": [13, 2, 14, 14], "rotation": 90, "texture": "#0"},
				"east": {"uv": [13, 13, 14, 14], "rotation": 90, "texture": "#0"},
				"south": {"uv": [13, 14, 14, 2], "rotation": 90, "texture": "#0"},
				"west": {"uv": [14, 2, 13, 3], "rotation": 270, "texture": "#0"},
				"up": {"uv": [13, 2, 14, 14], "rotation": 270, "texture": "#0"},
				"down": {"uv": [13, 2, 14, 14], "rotation": 270, "texture": "#0"}
			}
		},
		{
			"name": "buggy_tire_5",
			"from": [3, 14, 7.5],
			"to": [13, 15, 8.5],
			"rotation": {"angle": 0, "axis": "z", "origin": [8, 8, 8]},
			"faces": {
				"north": {"uv": [1, 3, 2, 13], "rotation": 90, "texture": "#0"},
				"east": {"uv": [1, 12, 2, 13], "rotation": 90, "texture": "#0"},
				"south": {"uv": [1, 13, 2, 3], "rotation": 90, "texture": "#0"},
				"west": {"uv": [2, 3, 1, 4], "rotation": 270, "texture": "#0"},
				"up": {"uv": [1, 3, 2, 13], "rotation": 270, "texture": "#0"},
				"down": {"uv": [1, 3, 2, 13], "rotation": 270, "texture": "#0"}
			}
		},
		{
			"name": "buggy_tire_6",
			"from": [3, 1, 7.5],
			"to": [13, 2, 8.5],
			"rotation": {"angle": 0, "axis": "z", "origin": [8, 8, 8]},
			"faces": {
				"north": {"uv": [14, 3, 15, 13], "rotation": 90, "texture": "#0"},
				"east": {"uv": [14, 12, 15, 13], "rotation": 90, "texture": "#0"},
				"south": {"uv": [14, 13, 15, 3], "rotation": 90, "texture": "#0"},
				"west": {"uv": [15, 3, 14, 4], "rotation": 270, "texture": "#0"},
				"up": {"uv": [14, 3, 15, 13], "rotation": 270, "texture": "#0"},
				"down": {"uv": [14, 3, 15, 13], "rotation": 270, "texture": "#0"}
			}
		},
		{
			"name": "buggy_tire_7",
			"from": [5, 15, 7.5],
			"to": [11, 16, 8.5],
			"rotation": {"angle": 0, "axis": "z", "origin": [8, 8, 8]},
			"faces": {
				"north": {"uv": [0, 5, 1, 11], "rotation": 90, "texture": "#0"},
				"east": {"uv": [0, 10, 1, 11], "rotation": 90, "texture": "#0"},
				"south": {"uv": [0, 11, 1, 5], "rotation": 90, "texture": "#0"},
				"west": {"uv": [1, 5, 0, 6], "rotation": 270, "texture": "#0"},
				"up": {"uv": [0, 5, 1, 11], "rotation": 270, "texture": "#0"},
				"down": {"uv": [0, 5, 1, 11], "rotation": 270, "texture": "#0"}
			}
		},
		{
			"name": "buggy_tire_8",
			"from": [5, 0, 7.5],
			"to": [11, 1, 8.5],
			"rotation": {"angle": 0, "axis": "z", "origin": [8, 8, 8]},
			"faces": {
				"north": {"uv": [15, 5, 16, 11], "rotation": 90, "texture": "#0"},
				"east": {"uv": [15, 10, 16, 11], "rotation": 90, "texture": "#0"},
				"south": {"uv": [15, 11, 16, 5], "rotation": 90, "texture": "#0"},
				"west": {"uv": [16, 5, 15, 6], "rotation": 270, "texture": "#0"},
				"up": {"uv": [15, 5, 16, 11], "rotation": 270, "texture": "#0"},
				"down": {"uv": [15, 5, 16, 11], "rotation": 270, "texture": "#0"}
			}
		}
	],
	"gui_light": "front",
	"display": {
		"thirdperson_righthand": {
			"translation": [0, 3, 1],
			"scale": [0.55, 0.55, 0.55]
		},
		"thirdperson_lefthand": {
			"translation": [0, 3, 1],
			"scale": [0.55, 0.55, 0.55]
		},
		"firstperson_righthand": {
			"rotation": [0, -90, 25],
			"translation": [1.13, 3.2, 1.13],
			"scale": [0.68, 0.68, 0.68]
		},
		"firstperson_lefthand": {
			"rotation": [0, -90, 25],
			"translation": [1.13, 3.2, 1.13],
			"scale": [0.68, 0.68, 0.68]
		},
		"ground": {
			"translation": [0, 2, 0],
			"scale": [0.5, 0.5, 0.5]
		},
		"head": {
			"rotation": [90, 0, 0],
			"translation": [0, -42.4, 0],
			"scale": [1.6, 1.6, 1.6]
		},
		"fixed": {
			"rotation": [0, 180, 0]
		}
	},
	"groups": [
		{
			"name": "buggy_tire",
			"origin": [8, 8, 8],
			"color": 0,
			"nbt": "{}",
			"armAnimationEnabled": false,
			"children": [0, 1, 2, 3, 4, 5, 6, 7, 8]
		}
	]
}