{
	"texture_size": [112, 112],
	"textures": {
		"1": "expansion:vehicles/buggy/moon_buggy"
	},
	"elements": [
		{
			"name": "hexadecagon",
			"from": [7.20435, 6, 6.999],
			"to": [8.79565, 8, 9.001],
			"rotation": {"angle": 0, "axis": "x", "origin": [8, 4, 0]},
			"faces": {
				"north": {"uv": [7.71429, 12.71429, 7.92857, 13], "texture": "#1"},
				"east": {"uv": [9.57143, 2.14286, 9.85714, 2.42857], "texture": "#1"},
				"south": {"uv": [7.28571, 12.71429, 7.5, 13], "texture": "#1"},
				"west": {"uv": [3, 9.57143, 3.28571, 9.85714], "texture": "#1"},
				"up": {"uv": [13, 8.5, 12.71429, 8.28571], "rotation": 90, "texture": "#1"},
				"down": {"uv": [13, 8.71429, 12.71429, 8.92857], "rotation": 270, "texture": "#1"}
			}
		},
		{
			"name": "hexadecagon",
			"from": [7.20435, 6, 7],
			"to": [8.79565, 8, 9],
			"rotation": {"angle": -22.5, "axis": "z", "origin": [8, 4, 0]},
			"faces": {
				"north": {"uv": [12.71429, 9.57143, 12.92857, 9.85714], "texture": "#1"},
				"east": {"uv": [3.42857, 9.57143, 3.71429, 9.85714], "texture": "#1"},
				"south": {"uv": [12.71429, 9.14286, 12.92857, 9.42857], "texture": "#1"},
				"west": {"uv": [3.85714, 9.57143, 4.14286, 9.85714], "texture": "#1"},
				"up": {"uv": [10, 12.92857, 9.71429, 12.71429], "rotation": 90, "texture": "#1"},
				"down": {"uv": [13, 10, 12.71429, 10.21429], "rotation": 270, "texture": "#1"}
			}
		},
		{
			"name": "hexadecagon",
			"from": [7.20435, 6, 6.999],
			"to": [8.79565, 8, 9.001],
			"rotation": {"angle": -45, "axis": "z", "origin": [8, 4, 0]},
			"faces": {
				"north": {"uv": [10.57143, 12.71429, 10.78571, 13], "texture": "#1"},
				"east": {"uv": [4.28571, 9.57143, 4.57143, 9.85714], "texture": "#1"},
				"south": {"uv": [10.14286, 12.71429, 10.35714, 13], "texture": "#1"},
				"west": {"uv": [4.71429, 9.57143, 5, 9.85714], "texture": "#1"},
				"up": {"uv": [13, 11.64286, 12.71429, 11.42857], "rotation": 90, "texture": "#1"},
				"down": {"uv": [13, 11.85714, 12.71429, 12.07143], "rotation": 270, "texture": "#1"}
			}
		},
		{
			"name": "hexadecagon",
			"from": [10, 3.20435, 7],
			"to": [12, 4.79565, 9],
			"rotation": {"angle": 22.5, "axis": "z", "origin": [8, 4, 0]},
			"faces": {
				"north": {"uv": [12.71429, 12.71429, 12.92857, 13], "rotation": 270, "texture": "#1"},
				"east": {"uv": [0.28571, 13.07143, 0, 12.85714], "rotation": 180, "texture": "#1"},
				"south": {"uv": [12.71429, 12.28571, 12.92857, 12.57143], "rotation": 90, "texture": "#1"},
				"west": {"uv": [0.71429, 12.85714, 0.42857, 13.07143], "texture": "#1"},
				"up": {"uv": [5.14286, 9.57143, 5.42857, 9.85714], "rotation": 90, "texture": "#1"},
				"down": {"uv": [9.57143, 4.71429, 9.85714, 5], "rotation": 90, "texture": "#1"}
			}
		},
		{
			"name": "hexadecagon",
			"from": [10, 3.20435, 6.999],
			"to": [12, 4.79565, 9.001],
			"rotation": {"angle": 0, "axis": "x", "origin": [8, 4, 0]},
			"faces": {
				"north": {"uv": [12.85714, 2.57143, 13.07143, 2.85714], "rotation": 270, "texture": "#1"},
				"east": {"uv": [3.28571, 13.07143, 3, 12.85714], "rotation": 180, "texture": "#1"},
				"south": {"uv": [12.85714, 2.14286, 13.07143, 2.42857], "rotation": 90, "texture": "#1"},
				"west": {"uv": [3.71429, 12.85714, 3.42857, 13.07143], "texture": "#1"},
				"up": {"uv": [5.57143, 9.57143, 5.85714, 9.85714], "rotation": 90, "texture": "#1"},
				"down": {"uv": [9.57143, 5.14286, 9.85714, 5.42857], "rotation": 90, "texture": "#1"}
			}
		},
		{
			"name": "hexadecagon",
			"from": [7.20435, 0, 6.999],
			"to": [8.79565, 2, 9.001],
			"rotation": {"angle": 0, "axis": "x", "origin": [8, 4, 0]},
			"faces": {
				"north": {"uv": [3.85714, 12.85714, 4.07143, 13.14286], "texture": "#1"},
				"east": {"uv": [8, 9.57143, 8.28571, 9.85714], "texture": "#1"},
				"south": {"uv": [12.85714, 3.71429, 13.07143, 4], "texture": "#1"},
				"west": {"uv": [8.42857, 9.57143, 8.71429, 9.85714], "texture": "#1"},
				"up": {"uv": [13.14286, 4.35714, 12.85714, 4.14286], "rotation": 90, "texture": "#1"},
				"down": {"uv": [4.57143, 12.85714, 4.28571, 13.07143], "rotation": 270, "texture": "#1"}
			}
		},
		{
			"name": "hexadecagon",
			"from": [7.20435, 0, 7],
			"to": [8.79565, 2, 9],
			"rotation": {"angle": -22.5, "axis": "z", "origin": [8, 4, 0]},
			"faces": {
				"north": {"uv": [12.85714, 5, 13.07143, 5.28571], "texture": "#1"},
				"east": {"uv": [8.85714, 9.57143, 9.14286, 9.85714], "texture": "#1"},
				"south": {"uv": [12.85714, 4.57143, 13.07143, 4.85714], "texture": "#1"},
				"west": {"uv": [9.57143, 9, 9.85714, 9.28571], "texture": "#1"},
				"up": {"uv": [13.14286, 6.78571, 12.85714, 6.57143], "rotation": 90, "texture": "#1"},
				"down": {"uv": [13.14286, 7, 12.85714, 7.21429], "rotation": 270, "texture": "#1"}
			}
		},
		{
			"name": "hexadecagon",
			"from": [7.20435, 0, 6.999],
			"to": [8.79565, 2, 9.001],
			"rotation": {"angle": -45, "axis": "z", "origin": [8, 4, 0]},
			"faces": {
				"north": {"uv": [12.85714, 7.85714, 13.07143, 8.14286], "texture": "#1"},
				"east": {"uv": [9.28571, 9.57143, 9.57143, 9.85714], "texture": "#1"},
				"south": {"uv": [12.85714, 7.42857, 13.07143, 7.71429], "texture": "#1"},
				"west": {"uv": [9.71429, 0, 10, 0.28571], "texture": "#1"},
				"up": {"uv": [8.42857, 13.07143, 8.14286, 12.85714], "rotation": 90, "texture": "#1"},
				"down": {"uv": [8.85714, 12.85714, 8.57143, 13.07143], "rotation": 270, "texture": "#1"}
			}
		},
		{
			"name": "hexadecagon",
			"from": [4, 3.20435, 7],
			"to": [6, 4.79565, 9],
			"rotation": {"angle": 22.5, "axis": "z", "origin": [8, 4, 0]},
			"faces": {
				"north": {"uv": [13, 0, 13.21429, 0.28571], "rotation": 270, "texture": "#1"},
				"east": {"uv": [1.57143, 13.21429, 1.28571, 13], "rotation": 180, "texture": "#1"},
				"south": {"uv": [9, 12.85714, 9.21429, 13.14286], "rotation": 90, "texture": "#1"},
				"west": {"uv": [13.28571, 1.71429, 13, 1.92857], "texture": "#1"},
				"up": {"uv": [0.71429, 9.71429, 1, 10], "rotation": 90, "texture": "#1"},
				"down": {"uv": [9.71429, 0.42857, 10, 0.71429], "rotation": 90, "texture": "#1"}
			}
		},
		{
			"name": "hexadecagon",
			"from": [4, 3.20435, 6.999],
			"to": [6, 4.79565, 9.001],
			"rotation": {"angle": 0, "axis": "x", "origin": [8, 4, 0]},
			"faces": {
				"north": {"uv": [13, 10.42857, 13.21429, 10.71429], "rotation": 270, "texture": "#1"},
				"east": {"uv": [13.28571, 11.07143, 13, 10.85714], "rotation": 180, "texture": "#1"},
				"south": {"uv": [5.57143, 13, 5.78571, 13.28571], "rotation": 90, "texture": "#1"},
				"west": {"uv": [11.28571, 13, 11, 13.21429], "texture": "#1"},
				"up": {"uv": [2.14286, 9.71429, 2.42857, 10], "rotation": 90, "texture": "#1"},
				"down": {"uv": [1.71429, 9.71429, 2, 10], "rotation": 90, "texture": "#1"}
			}
		},
		{
			"name": "hexadecagon",
			"from": [10, 3.20435, 7],
			"to": [12, 4.79565, 9],
			"rotation": {"angle": -22.5, "axis": "z", "origin": [8, 4, 0]},
			"faces": {
				"north": {"uv": [13.14286, 0.42857, 13.42857, 0.64286], "texture": "#1"},
				"east": {"uv": [11.42857, 13, 11.71429, 13.21429], "texture": "#1"},
				"south": {"uv": [11.85714, 13, 12.14286, 13.21429], "texture": "#1"},
				"west": {"uv": [12.28571, 13, 12.57143, 13.21429], "texture": "#1"},
				"up": {"uv": [2.85714, 10, 2.57143, 9.71429], "rotation": 90, "texture": "#1"},
				"down": {"uv": [10, 2.57143, 9.71429, 2.85714], "rotation": 270, "texture": "#1"}
			}
		},
		{
			"name": "hexadecagon",
			"from": [10, 3.20435, 6.999],
			"to": [12, 4.79565, 9.001],
			"rotation": {"angle": -45, "axis": "z", "origin": [8, 4, 0]},
			"faces": {
				"north": {"uv": [1.71429, 13.14286, 2, 13.35714], "texture": "#1"},
				"east": {"uv": [0.85714, 13.14286, 1.14286, 13.35714], "texture": "#1"},
				"south": {"uv": [13.14286, 0.85714, 13.42857, 1.07143], "texture": "#1"},
				"west": {"uv": [13.14286, 1.28571, 13.42857, 1.5], "texture": "#1"},
				"up": {"uv": [10, 3.28571, 9.71429, 3], "rotation": 90, "texture": "#1"},
				"down": {"uv": [10, 3.42857, 9.71429, 3.71429], "rotation": 270, "texture": "#1"}
			}
		},
		{
			"name": "hexadecagon",
			"from": [7.20435, 0, 7],
			"to": [8.79565, 2, 9],
			"rotation": {"angle": 22.5, "axis": "z", "origin": [8, 4, 0]},
			"faces": {
				"north": {"uv": [4.71429, 13.14286, 5, 13.35714], "rotation": 270, "texture": "#1"},
				"east": {"uv": [10, 4.14286, 9.71429, 3.85714], "rotation": 180, "texture": "#1"},
				"south": {"uv": [2.57143, 13.14286, 2.85714, 13.35714], "rotation": 90, "texture": "#1"},
				"west": {"uv": [10, 4.28571, 9.71429, 4.57143], "texture": "#1"},
				"up": {"uv": [13.14286, 3, 13.42857, 3.21429], "rotation": 90, "texture": "#1"},
				"down": {"uv": [2.14286, 13.14286, 2.42857, 13.35714], "rotation": 90, "texture": "#1"}
			}
		},
		{
			"name": "hexadecagon",
			"from": [4, 3.20435, 7],
			"to": [6, 4.79565, 9],
			"rotation": {"angle": -22.5, "axis": "z", "origin": [8, 4, 0]},
			"faces": {
				"north": {"uv": [6, 13.14286, 6.28571, 13.35714], "texture": "#1"},
				"east": {"uv": [5.14286, 13.14286, 5.42857, 13.35714], "texture": "#1"},
				"south": {"uv": [13.14286, 5.42857, 13.42857, 5.64286], "texture": "#1"},
				"west": {"uv": [13.14286, 5.85714, 13.42857, 6.07143], "texture": "#1"},
				"up": {"uv": [10, 5.85714, 9.71429, 5.57143], "rotation": 90, "texture": "#1"},
				"down": {"uv": [6.28571, 9.71429, 6, 10], "rotation": 270, "texture": "#1"}
			}
		},
		{
			"name": "hexadecagon",
			"from": [4, 3.20435, 6.999],
			"to": [6, 4.79565, 9.001],
			"rotation": {"angle": -45, "axis": "z", "origin": [8, 4, 0]},
			"faces": {
				"north": {"uv": [7.71429, 13.14286, 8, 13.35714], "texture": "#1"},
				"east": {"uv": [6.42857, 13.14286, 6.71429, 13.35714], "texture": "#1"},
				"south": {"uv": [6.85714, 13.14286, 7.14286, 13.35714], "texture": "#1"},
				"west": {"uv": [7.28571, 13.14286, 7.57143, 13.35714], "texture": "#1"},
				"up": {"uv": [10, 6.28571, 9.71429, 6], "rotation": 90, "texture": "#1"},
				"down": {"uv": [6.71429, 9.71429, 6.42857, 10], "rotation": 270, "texture": "#1"}
			}
		},
		{
			"name": "hexadecagon",
			"from": [7.20435, 6, 7],
			"to": [8.79565, 8, 9],
			"rotation": {"angle": 22.5, "axis": "z", "origin": [8, 4, 0]},
			"faces": {
				"north": {"uv": [9.42857, 13.14286, 9.71429, 13.35714], "rotation": 270, "texture": "#1"},
				"east": {"uv": [10, 6.71429, 9.71429, 6.42857], "rotation": 180, "texture": "#1"},
				"south": {"uv": [13.14286, 8.71429, 13.42857, 8.92857], "rotation": 90, "texture": "#1"},
				"west": {"uv": [7.14286, 9.71429, 6.85714, 10], "texture": "#1"},
				"up": {"uv": [13.14286, 9.14286, 13.42857, 9.35714], "rotation": 90, "texture": "#1"},
				"down": {"uv": [13.14286, 8.28571, 13.42857, 8.5], "rotation": 90, "texture": "#1"}
			}
		},
		{
			"from": [7.5, 3.5, 7.25],
			"to": [8.5, 4.5, 8.75],
			"rotation": {"angle": 0, "axis": "y", "origin": [0.5, 11.5, 1.25]},
			"faces": {
				"north": {"uv": [7.57143, 14.42857, 7.71429, 14.57143], "texture": "#1"},
				"east": {"uv": [0.85714, 13.57143, 1.21429, 13.71429], "texture": "#1"},
				"south": {"uv": [7.28571, 14.42857, 7.42857, 14.57143], "texture": "#1"},
				"west": {"uv": [13.57143, 0.85714, 13.92857, 1], "texture": "#1"},
				"up": {"uv": [13.92857, 1.28571, 13.57143, 1.14286], "rotation": 90, "texture": "#1"},
				"down": {"uv": [1.78571, 13.57143, 1.42857, 13.71429], "rotation": 270, "texture": "#1"}
			}
		},
		{
			"from": [5.5, 1.5, 7.5],
			"to": [10.5, 6.5, 8.25],
			"rotation": {"angle": 0, "axis": "x", "origin": [8, 4, 0]},
			"faces": {
				"north": {"uv": [5, 5, 5.71429, 5.71429], "texture": "#1"},
				"east": {"uv": [6, 10.14286, 6.10714, 10.85714], "texture": "#1"},
				"south": {"uv": [4.14286, 5, 4.85714, 5.71429], "texture": "#1"},
				"west": {"uv": [6.28571, 10.14286, 6.39286, 10.85714], "texture": "#1"},
				"up": {"uv": [6.67857, 10.85714, 6.57143, 10.14286], "rotation": 90, "texture": "#1"},
				"down": {"uv": [6.96429, 10.14286, 6.85714, 10.85714], "rotation": 270, "texture": "#1"}
			}
		}
	],
	"gui_light": "front",
	"display": {
		"thirdperson_righthand": {
			"translation": [0, 7.5, 1]
		},
		"thirdperson_lefthand": {
			"translation": [0, 7.5, 1]
		},
		"firstperson_righthand": {
			"translation": [4, 5, 0]
		},
		"firstperson_lefthand": {
			"translation": [4, 5, 0]
		},
		"ground": {
			"translation": [0, 6.5, 0]
		},
		"gui": {
			"translation": [0, 7, 0],
			"scale": [1.8, 1.8, 1.8]
		},
		"head": {
			"rotation": [90, 0, 0],
			"translation": [0, 0.75, 8],
			"scale": [2, 2, 2]
		},
		"fixed": {
			"translation": [0, 8, 0],
			"scale": [2, 2, 2]
		}
	},
	"groups": [
		{
			"name": "wheels",
			"origin": [8, 8, 8],
			"color": 0,
			"nbt": "{}",
			"armAnimationEnabled": false,
			"children": [
				{
					"name": "wheel",
					"origin": [0.34358, 0.5, -8.27269],
					"color": 0,
					"nbt": "{}",
					"armAnimationEnabled": false,
					"children": [
						{
							"name": "hexadecagon",
							"origin": [8, 8, 8],
							"color": 0,
							"nbt": "{}",
							"armAnimationEnabled": false,
							"children": [0, 1, 2, 3, 4, 5, 6, 7, 8, 9, 10, 11, 12, 13, 14, 15]
						},
						16,
						17
					]
				}
			]
		}
	]
}