{
	"textures": {
		"0": "expansion:items/complex_mechanism",
		"particle": "expansion:items/complex_mechanism"
	},
	"elements": [
		{
			"name": "complex_mechanism_0",
			"from": [2, 14, 7.5],
			"to": [5, 16, 8.5],
			"faces": {
				"north": {"uv": [2, 2, 5, 0], "rotation": 180, "texture": "#0"},
				"east": {"uv": [4, 0, 5, 2], "texture": "#0"},
				"south": {"uv": [2, 0, 5, 2], "texture": "#0"},
				"west": {"uv": [2, 0, 3, 2], "texture": "#0"},
				"up": {"uv": [5, 0, 2, 1], "rotation": 180, "texture": "#0"},
				"down": {"uv": [2, 1, 5, 2], "texture": "#0"}
			}
		},
		{
			"name": "complex_mechanism_1",
			"from": [9, 14, 7.5],
			"to": [14, 16, 8.5],
			"faces": {
				"north": {"uv": [9, 2, 14, 0], "rotation": 180, "texture": "#0"},
				"east": {"uv": [13, 0, 14, 2], "texture": "#0"},
				"south": {"uv": [9, 0, 14, 2], "texture": "#0"},
				"west": {"uv": [9, 0, 10, 2], "texture": "#0"},
				"up": {"uv": [14, 0, 9, 1], "rotation": 180, "texture": "#0"},
				"down": {"uv": [9, 1, 14, 2], "texture": "#0"}
			}
		},
		{
			"name": "complex_mechanism_2",
			"from": [1, 10, 7.5],
			"to": [2, 15, 8.5],
			"faces": {
				"north": {"uv": [1, 6, 2, 1], "rotation": 180, "texture": "#0"},
				"east": {"uv": [1, 1, 2, 6], "texture": "#0"},
				"south": {"uv": [1, 1, 2, 6], "texture": "#0"},
				"west": {"uv": [1, 1, 2, 6], "texture": "#0"},
				"up": {"uv": [2, 1, 1, 2], "rotation": 180, "texture": "#0"},
				"down": {"uv": [1, 5, 2, 6], "texture": "#0"}
			}
		},
		{
			"name": "complex_mechanism_3",
			"from": [5, 2, 7.5],
			"to": [6, 15, 8.5],
			"faces": {
				"north": {"uv": [5, 14, 6, 1], "rotation": 180, "texture": "#0"},
				"east": {"uv": [5, 1, 6, 14], "texture": "#0"},
				"south": {"uv": [5, 1, 6, 14], "texture": "#0"},
				"west": {"uv": [5, 1, 6, 14], "texture": "#0"},
				"up": {"uv": [6, 1, 5, 2], "rotation": 180, "texture": "#0"},
				"down": {"uv": [5, 13, 6, 14], "texture": "#0"}
			}
		},
		{
			"name": "complex_mechanism_4",
			"from": [8, 9, 7.5],
			"to": [9, 15, 8.5],
			"faces": {
				"north": {"uv": [8, 7, 9, 1], "rotation": 180, "texture": "#0"},
				"east": {"uv": [8, 1, 9, 7], "texture": "#0"},
				"south": {"uv": [8, 1, 9, 7], "texture": "#0"},
				"west": {"uv": [8, 1, 9, 7], "texture": "#0"},
				"up": {"uv": [9, 1, 8, 2], "rotation": 180, "texture": "#0"},
				"down": {"uv": [8, 6, 9, 7], "texture": "#0"}
			}
		},
		{
			"name": "complex_mechanism_5",
			"from": [14, 8, 7.5],
			"to": [15, 15, 8.5],
			"faces": {
				"north": {"uv": [14, 8, 15, 1], "rotation": 180, "texture": "#0"},
				"east": {"uv": [14, 1, 15, 8], "texture": "#0"},
				"south": {"uv": [14, 1, 15, 8], "texture": "#0"},
				"west": {"uv": [14, 1, 15, 8], "texture": "#0"},
				"up": {"uv": [15, 1, 14, 2], "rotation": 180, "texture": "#0"},
				"down": {"uv": [14, 7, 15, 8], "texture": "#0"}
			}
		},
		{
			"name": "complex_mechanism_6",
			"from": [0, 11, 7.5],
			"to": [1, 14, 8.5],
			"faces": {
				"north": {"uv": [0, 5, 1, 2], "rotation": 180, "texture": "#0"},
				"east": {"uv": [0, 2, 1, 5], "texture": "#0"},
				"south": {"uv": [0, 2, 1, 5], "texture": "#0"},
				"west": {"uv": [0, 2, 1, 5], "texture": "#0"},
				"up": {"uv": [1, 2, 0, 3], "rotation": 180, "texture": "#0"},
				"down": {"uv": [0, 4, 1, 5], "texture": "#0"}
			}
		},
		{
			"name": "complex_mechanism_7",
			"from": [3, 1, 7.5],
			"to": [4, 14, 8.5],
			"faces": {
				"north": {"uv": [3, 15, 4, 2], "rotation": 180, "texture": "#0"},
				"east": {"uv": [3, 2, 4, 15], "texture": "#0"},
				"south": {"uv": [3, 2, 4, 15], "texture": "#0"},
				"west": {"uv": [3, 2, 4, 15], "texture": "#0"},
				"up": {"uv": [4, 2, 3, 3], "rotation": 180, "texture": "#0"},
				"down": {"uv": [3, 14, 4, 15], "texture": "#0"}
			}
		},
		{
			"name": "complex_mechanism_8",
			"from": [6, 10, 7.5],
			"to": [8, 14, 8.5],
			"faces": {
				"north": {"uv": [6, 6, 8, 2], "rotation": 180, "texture": "#0"},
				"east": {"uv": [7, 2, 8, 6], "texture": "#0"},
				"south": {"uv": [6, 2, 8, 6], "texture": "#0"},
				"west": {"uv": [6, 2, 7, 6], "texture": "#0"},
				"up": {"uv": [8, 2, 6, 3], "rotation": 180, "texture": "#0"},
				"down": {"uv": [6, 5, 8, 6], "texture": "#0"}
			}
		},
		{
			"name": "complex_mechanism_9",
			"from": [9, 8, 7.5],
			"to": [10, 14, 8.5],
			"faces": {
				"north": {"uv": [9, 8, 10, 2], "rotation": 180, "texture": "#0"},
				"east": {"uv": [9, 2, 10, 8], "texture": "#0"},
				"south": {"uv": [9, 2, 10, 8], "texture": "#0"},
				"west": {"uv": [9, 2, 10, 8], "texture": "#0"},
				"up": {"uv": [10, 2, 9, 3], "rotation": 180, "texture": "#0"},
				"down": {"uv": [9, 7, 10, 8], "texture": "#0"}
			}
		},
		{
			"name": "complex_mechanism_10",
			"from": [11, 0, 7.5],
			"to": [12, 14, 8.5],
			"faces": {
				"north": {"uv": [11, 16, 12, 2], "rotation": 180, "texture": "#0"},
				"east": {"uv": [11, 2, 12, 16], "texture": "#0"},
				"south": {"uv": [11, 2, 12, 16], "texture": "#0"},
				"west": {"uv": [11, 2, 12, 16], "texture": "#0"},
				"up": {"uv": [12, 2, 11, 3], "rotation": 180, "texture": "#0"},
				"down": {"uv": [11, 15, 12, 16], "texture": "#0"}
			}
		},
		{
			"name": "complex_mechanism_11",
			"from": [13, 13, 7.5],
			"to": [14, 14, 8.5],
			"faces": {
				"north": {"uv": [13, 3, 14, 2], "rotation": 180, "texture": "#0"},
				"east": {"uv": [13, 2, 14, 3], "texture": "#0"},
				"south": {"uv": [13, 2, 14, 3], "texture": "#0"},
				"west": {"uv": [13, 2, 14, 3], "texture": "#0"},
				"up": {"uv": [14, 2, 13, 3], "rotation": 180, "texture": "#0"},
				"down": {"uv": [13, 2, 14, 3], "texture": "#0"}
			}
		},
		{
			"name": "complex_mechanism_12",
			"from": [15, 9, 7.5],
			"to": [16, 14, 8.5],
			"faces": {
				"north": {"uv": [15, 7, 16, 2], "rotation": 180, "texture": "#0"},
				"east": {"uv": [15, 2, 16, 7], "texture": "#0"},
				"south": {"uv": [15, 2, 16, 7], "texture": "#0"},
				"west": {"uv": [15, 2, 16, 7], "texture": "#0"},
				"up": {"uv": [16, 2, 15, 3], "rotation": 180, "texture": "#0"},
				"down": {"uv": [15, 6, 16, 7], "texture": "#0"}
			}
		},
		{
			"name": "complex_mechanism_13",
			"from": [2, 12, 7.5],
			"to": [3, 13, 8.5],
			"faces": {
				"north": {"uv": [2, 4, 3, 3], "rotation": 180, "texture": "#0"},
				"east": {"uv": [2, 3, 3, 4], "texture": "#0"},
				"south": {"uv": [2, 3, 3, 4], "texture": "#0"},
				"west": {"uv": [2, 3, 3, 4], "texture": "#0"},
				"up": {"uv": [3, 3, 2, 4], "rotation": 180, "texture": "#0"},
				"down": {"uv": [2, 3, 3, 4], "texture": "#0"}
			}
		},
		{
			"name": "complex_mechanism_14",
			"from": [4, 1, 7.5],
			"to": [5, 13, 8.5],
			"faces": {
				"north": {"uv": [4, 15, 5, 3], "rotation": 180, "texture": "#0"},
				"east": {"uv": [4, 3, 5, 15], "texture": "#0"},
				"south": {"uv": [4, 3, 5, 15], "texture": "#0"},
				"west": {"uv": [4, 3, 5, 15], "texture": "#0"},
				"up": {"uv": [5, 3, 4, 4], "rotation": 180, "texture": "#0"},
				"down": {"uv": [4, 14, 5, 15], "texture": "#0"}
			}
		},
		{
			"name": "complex_mechanism_15",
			"from": [10, 1, 7.5],
			"to": [11, 13, 8.5],
			"faces": {
				"north": {"uv": [10, 15, 11, 3], "rotation": 180, "texture": "#0"},
				"east": {"uv": [10, 3, 11, 15], "texture": "#0"},
				"south": {"uv": [10, 3, 11, 15], "texture": "#0"},
				"west": {"uv": [10, 3, 11, 15], "texture": "#0"},
				"up": {"uv": [11, 3, 10, 4], "rotation": 180, "texture": "#0"},
				"down": {"uv": [10, 14, 11, 15], "texture": "#0"}
			}
		},
		{
			"name": "complex_mechanism_16",
			"from": [12, 1, 7.5],
			"to": [13, 13, 8.5],
			"faces": {
				"north": {"uv": [12, 15, 13, 3], "rotation": 180, "texture": "#0"},
				"east": {"uv": [12, 3, 13, 15], "texture": "#0"},
				"south": {"uv": [12, 3, 13, 15], "texture": "#0"},
				"west": {"uv": [12, 3, 13, 15], "texture": "#0"},
				"up": {"uv": [13, 3, 12, 4], "rotation": 180, "texture": "#0"},
				"down": {"uv": [12, 14, 13, 15], "texture": "#0"}
			}
		},
		{
			"name": "complex_mechanism_17",
			"from": [13, 11, 7.5],
			"to": [14, 12, 8.5],
			"faces": {
				"north": {"uv": [13, 5, 14, 4], "rotation": 180, "texture": "#0"},
				"east": {"uv": [13, 4, 14, 5], "texture": "#0"},
				"south": {"uv": [13, 4, 14, 5], "texture": "#0"},
				"west": {"uv": [13, 4, 14, 5], "texture": "#0"},
				"up": {"uv": [14, 4, 13, 5], "rotation": 180, "texture": "#0"},
				"down": {"uv": [13, 4, 14, 5], "texture": "#0"}
			}
		},
		{
			"name": "complex_mechanism_18",
			"from": [2, 6, 7.5],
			"to": [3, 11, 8.5],
			"faces": {
				"north": {"uv": [2, 10, 3, 5], "rotation": 180, "texture": "#0"},
				"east": {"uv": [2, 5, 3, 10], "texture": "#0"},
				"south": {"uv": [2, 5, 3, 10], "texture": "#0"},
				"west": {"uv": [2, 5, 3, 10], "texture": "#0"},
				"up": {"uv": [3, 5, 2, 6], "rotation": 180, "texture": "#0"},
				"down": {"uv": [2, 9, 3, 10], "texture": "#0"}
			}
		},
		{
			"name": "complex_mechanism_19",
			"from": [13, 2, 7.5],
			"to": [14, 10, 8.5],
			"faces": {
				"north": {"uv": [13, 14, 14, 6], "rotation": 180, "texture": "#0"},
				"east": {"uv": [13, 6, 14, 14], "texture": "#0"},
				"south": {"uv": [13, 6, 14, 14], "texture": "#0"},
				"west": {"uv": [13, 6, 14, 14], "texture": "#0"},
				"up": {"uv": [14, 6, 13, 7], "rotation": 180, "texture": "#0"},
				"down": {"uv": [13, 13, 14, 14], "texture": "#0"}
			}
		},
		{
			"name": "complex_mechanism_20",
			"from": [1, 1, 7.5],
			"to": [2, 8, 8.5],
			"faces": {
				"north": {"uv": [1, 15, 2, 8], "rotation": 180, "texture": "#0"},
				"east": {"uv": [1, 8, 2, 15], "texture": "#0"},
				"south": {"uv": [1, 8, 2, 15], "texture": "#0"},
				"west": {"uv": [1, 8, 2, 15], "texture": "#0"},
				"up": {"uv": [2, 8, 1, 9], "rotation": 180, "texture": "#0"},
				"down": {"uv": [1, 14, 2, 15], "texture": "#0"}
			}
		},
		{
			"name": "complex_mechanism_21",
			"from": [0, 2, 7.5],
			"to": [1, 7, 8.5],
			"faces": {
				"north": {"uv": [0, 14, 1, 9], "rotation": 180, "texture": "#0"},
				"east": {"uv": [0, 9, 1, 14], "texture": "#0"},
				"south": {"uv": [0, 9, 1, 14], "texture": "#0"},
				"west": {"uv": [0, 9, 1, 14], "texture": "#0"},
				"up": {"uv": [1, 9, 0, 10], "rotation": 180, "texture": "#0"},
				"down": {"uv": [0, 13, 1, 14], "texture": "#0"}
			}
		},
		{
			"name": "complex_mechanism_22",
			"from": [6, 2, 7.5],
			"to": [10, 7, 8.5],
			"faces": {
				"north": {"uv": [6, 14, 10, 9], "rotation": 180, "texture": "#0"},
				"east": {"uv": [9, 9, 10, 14], "texture": "#0"},
				"south": {"uv": [6, 9, 10, 14], "texture": "#0"},
				"west": {"uv": [6, 9, 7, 14], "texture": "#0"},
				"up": {"uv": [10, 9, 6, 10], "rotation": 180, "texture": "#0"},
				"down": {"uv": [6, 13, 10, 14], "texture": "#0"}
			}
		},
		{
			"name": "complex_mechanism_23",
			"from": [14, 3, 7.5],
			"to": [15, 6, 8.5],
			"faces": {
				"north": {"uv": [14, 13, 15, 10], "rotation": 180, "texture": "#0"},
				"east": {"uv": [14, 10, 15, 13], "texture": "#0"},
				"south": {"uv": [14, 10, 15, 13], "texture": "#0"},
				"west": {"uv": [14, 10, 15, 13], "texture": "#0"},
				"up": {"uv": [15, 10, 14, 11], "rotation": 180, "texture": "#0"},
				"down": {"uv": [14, 12, 15, 13], "texture": "#0"}
			}
		},
		{
			"name": "complex_mechanism_24",
			"from": [2, 4, 7.5],
			"to": [3, 5, 8.5],
			"faces": {
				"north": {"uv": [2, 12, 3, 11], "rotation": 180, "texture": "#0"},
				"east": {"uv": [2, 11, 3, 12], "texture": "#0"},
				"south": {"uv": [2, 11, 3, 12], "texture": "#0"},
				"west": {"uv": [2, 11, 3, 12], "texture": "#0"},
				"up": {"uv": [3, 11, 2, 12], "rotation": 180, "texture": "#0"},
				"down": {"uv": [2, 11, 3, 12], "texture": "#0"}
			}
		},
		{
			"name": "complex_mechanism_25",
			"from": [2, 1, 7.5],
			"to": [3, 3, 8.5],
			"faces": {
				"north": {"uv": [2, 15, 3, 13], "rotation": 180, "texture": "#0"},
				"east": {"uv": [2, 13, 3, 15], "texture": "#0"},
				"south": {"uv": [2, 13, 3, 15], "texture": "#0"},
				"west": {"uv": [2, 13, 3, 15], "texture": "#0"},
				"up": {"uv": [3, 13, 2, 14], "rotation": 180, "texture": "#0"},
				"down": {"uv": [2, 14, 3, 15], "texture": "#0"}
			}
		},
		{
			"name": "complex_mechanism_26",
			"from": [6, 1, 7.5],
			"to": [9, 2, 8.5],
			"faces": {
				"north": {"uv": [6, 15, 9, 14], "rotation": 180, "texture": "#0"},
				"east": {"uv": [8, 14, 9, 15], "texture": "#0"},
				"south": {"uv": [6, 14, 9, 15], "texture": "#0"},
				"west": {"uv": [6, 14, 7, 15], "texture": "#0"},
				"up": {"uv": [9, 14, 6, 15], "rotation": 180, "texture": "#0"},
				"down": {"uv": [6, 14, 9, 15], "texture": "#0"}
			}
		},
		{
			"name": "complex_mechanism_27",
			"from": [7, 0, 7.5],
			"to": [8, 1, 8.5],
			"faces": {
				"north": {"uv": [7, 16, 8, 15], "rotation": 180, "texture": "#0"},
				"east": {"uv": [7, 15, 8, 16], "texture": "#0"},
				"south": {"uv": [7, 15, 8, 16], "texture": "#0"},
				"west": {"uv": [7, 15, 8, 16], "texture": "#0"},
				"up": {"uv": [8, 15, 7, 16], "rotation": 180, "texture": "#0"},
				"down": {"uv": [7, 15, 8, 16], "texture": "#0"}
			}
		}
	],
	"gui_light": "front",
	"display": {
		"thirdperson_righthand": {
			"translation": [0, 3, 1],
			"scale": [0.55, 0.55, 0.55]
		},
		"thirdperson_lefthand": {
			"translation": [0, 3, 1],
			"scale": [0.55, 0.55, 0.55]
		},
		"firstperson_righthand": {
			"rotation": [0, -90, 25],
			"translation": [1.13, 3.2, 1.13],
			"scale": [0.68, 0.68, 0.68]
		},
		"firstperson_lefthand": {
			"rotation": [0, -90, 25],
			"translation": [1.13, 3.2, 1.13],
			"scale": [0.68, 0.68, 0.68]
		},
		"ground": {
			"translation": [0, 2, 0],
			"scale": [0.5, 0.5, 0.5]
		},
		"head": {
			"rotation": [90, 0, 0],
			"translation": [0, -42.4, 0],
			"scale": [1.6, 1.6, 1.6]
		},
		"fixed": {
			"rotation": [0, 180, 0]
		}
	},
	"groups": [
		{
			"name": "complex_mechanism",
			"origin": [8, 8, 8],
			"color": 0,
			"nbt": "{}",
			"armAnimationEnabled": false,
			"children": [0, 1, 2, 3, 4, 5, 6, 7, 8, 9, 10, 11, 12, 13, 14, 15, 16, 17, 18, 19, 20, 21, 22, 23, 24, 25, 26, 27]
		}
	]
}