{
	"textures": {
		"0": "expansion:items/monochrome_monitor",
		"particle": "expansion:items/monochrome_monitor"
	},
	"elements": [
		{
			"name": "monochrome_monitor_0",
			"from": [1, 2, 7.5],
			"to": [15, 14, 8.5],
			"rotation": {"angle": 0, "axis": "y", "origin": [0, 0, 7.5]},
			"faces": {
				"north": {"uv": [15, 2, 1, 14], "texture": "#0"},
				"east": {"uv": [14, 2, 15, 14], "texture": "#0"},
				"south": {"uv": [1, 2, 15, 14], "texture": "#0"},
				"west": {"uv": [1, 2, 2, 14], "texture": "#0"},
				"up": {"uv": [1, 2, 15, 3], "texture": "#0"},
				"down": {"uv": [1, 13, 15, 14], "texture": "#0"}
			}
		},
		{
			"name": "monochrome_monitor_1",
			"from": [0, 3, 7.5],
			"to": [1, 13, 8.5],
			"rotation": {"angle": 0, "axis": "y", "origin": [0, 0, 7.5]},
			"faces": {
				"north": {"uv": [1, 3, 0, 13], "texture": "#0"},
				"east": {"uv": [0, 3, 1, 13], "texture": "#0"},
				"south": {"uv": [0, 3, 1, 13], "texture": "#0"},
				"west": {"uv": [0, 3, 1, 13], "texture": "#0"},
				"up": {"uv": [0, 3, 1, 4], "texture": "#0"},
				"down": {"uv": [0, 12, 1, 13], "texture": "#0"}
			}
		},
		{
			"name": "monochrome_monitor_2",
			"from": [15, 3, 7.5],
			"to": [16, 13, 8.5],
			"rotation": {"angle": 0, "axis": "y", "origin": [0, 0, 7.5]},
			"faces": {
				"north": {"uv": [16, 3, 15, 13], "texture": "#0"},
				"east": {"uv": [15, 3, 16, 13], "texture": "#0"},
				"south": {"uv": [15, 3, 16, 13], "texture": "#0"},
				"west": {"uv": [15, 3, 16, 13], "texture": "#0"},
				"up": {"uv": [15, 3, 16, 4], "texture": "#0"},
				"down": {"uv": [15, 12, 16, 13], "texture": "#0"}
			}
		}
	],
	"gui_light": "front",
	"display": {
		"thirdperson_righthand": {
			"translation": [0, 3, 1],
			"scale": [0.55, 0.55, 0.55]
		},
		"thirdperson_lefthand": {
			"translation": [0, 3, 1],
			"scale": [0.55, 0.55, 0.55]
		},
		"firstperson_righthand": {
			"rotation": [0, -90, 25],
			"translation": [1.13, 3.2, 1.13],
			"scale": [0.68, 0.68, 0.68]
		},
		"firstperson_lefthand": {
			"rotation": [0, -90, 25],
			"translation": [1.13, 3.2, 1.13],
			"scale": [0.68, 0.68, 0.68]
		},
		"ground": {
			"translation": [0, 2, 0],
			"scale": [0.5, 0.5, 0.5]
		},
		"head": {
			"rotation": [90, 0, 0],
			"translation": [0, -42.4, 0],
			"scale": [1.6, 1.6, 1.6]
		},
		"fixed": {
			"rotation": [0, 180, 0]
		}
	},
	"groups": [
		{
			"name": "monochrome_monitor",
			"origin": [8, 8, 8],
			"color": 0,
			"nbt": "{}",
			"armAnimationEnabled": false,
			"children": [0, 1, 2]
		}
	]
}