{
	"textures": {
		"0": "expansion:items/oxygen_filter",
		"particle": "expansion:items/oxygen_filter"
	},
	"elements": [
		{
			"name": "oxygen_filter_0",
			"from": [6, 0, 8],
			"to": [10, 16, 9],
			"faces": {
				"north": {"uv": [6, 16, 10, 0], "rotation": 180, "texture": "#0"},
				"east": {"uv": [9, 0, 10, 16], "texture": "#0"},
				"south": {"uv": [6, 0, 10, 16], "texture": "#0"},
				"west": {"uv": [6, 0, 7, 16], "texture": "#0"},
				"up": {"uv": [10, 0, 6, 1], "rotation": 180, "texture": "#0"},
				"down": {"uv": [6, 15, 10, 16], "texture": "#0"}
			}
		},
		{
			"name": "oxygen_filter_1",
			"from": [5, 1, 8],
			"to": [6, 15, 9],
			"faces": {
				"north": {"uv": [5, 15, 6, 1], "rotation": 180, "texture": "#0"},
				"east": {"uv": [5, 1, 6, 15], "texture": "#0"},
				"south": {"uv": [5, 1, 6, 15], "texture": "#0"},
				"west": {"uv": [5, 1, 6, 15], "texture": "#0"},
				"up": {"uv": [6, 1, 5, 2], "rotation": 180, "texture": "#0"},
				"down": {"uv": [5, 14, 6, 15], "texture": "#0"}
			}
		},
		{
			"name": "oxygen_filter_2",
			"from": [10, 1, 8],
			"to": [11, 15, 9],
			"faces": {
				"north": {"uv": [10, 15, 11, 1], "rotation": 180, "texture": "#0"},
				"east": {"uv": [10, 1, 11, 15], "texture": "#0"},
				"south": {"uv": [10, 1, 11, 15], "texture": "#0"},
				"west": {"uv": [10, 1, 11, 15], "texture": "#0"},
				"up": {"uv": [11, 1, 10, 2], "rotation": 180, "texture": "#0"},
				"down": {"uv": [10, 14, 11, 15], "texture": "#0"}
			}
		},
		{
			"name": "oxygen_filter_3",
			"from": [2, 10, 8],
			"to": [3, 14, 9],
			"faces": {
				"north": {"uv": [2, 6, 3, 2], "rotation": 180, "texture": "#0"},
				"east": {"uv": [2, 2, 3, 6], "texture": "#0"},
				"south": {"uv": [2, 2, 3, 6], "texture": "#0"},
				"west": {"uv": [2, 2, 3, 6], "texture": "#0"},
				"up": {"uv": [3, 2, 2, 3], "rotation": 180, "texture": "#0"},
				"down": {"uv": [2, 5, 3, 6], "texture": "#0"}
			}
		},
		{
			"name": "oxygen_filter_4",
			"from": [13, 10, 8],
			"to": [14, 14, 9],
			"faces": {
				"north": {"uv": [13, 6, 14, 2], "rotation": 180, "texture": "#0"},
				"east": {"uv": [13, 2, 14, 6], "texture": "#0"},
				"south": {"uv": [13, 2, 14, 6], "texture": "#0"},
				"west": {"uv": [13, 2, 14, 6], "texture": "#0"},
				"up": {"uv": [14, 2, 13, 3], "rotation": 180, "texture": "#0"},
				"down": {"uv": [13, 5, 14, 6], "texture": "#0"}
			}
		},
		{
			"name": "oxygen_filter_5",
			"from": [3, 11, 8],
			"to": [5, 13, 9],
			"faces": {
				"north": {"uv": [3, 5, 5, 3], "rotation": 180, "texture": "#0"},
				"east": {"uv": [4, 3, 5, 5], "texture": "#0"},
				"south": {"uv": [3, 3, 5, 5], "texture": "#0"},
				"west": {"uv": [3, 3, 4, 5], "texture": "#0"},
				"up": {"uv": [5, 3, 3, 4], "rotation": 180, "texture": "#0"},
				"down": {"uv": [3, 4, 5, 5], "texture": "#0"}
			}
		},
		{
			"name": "oxygen_filter_6",
			"from": [11, 11, 8],
			"to": [13, 13, 9],
			"faces": {
				"north": {"uv": [11, 5, 13, 3], "rotation": 180, "texture": "#0"},
				"east": {"uv": [12, 3, 13, 5], "texture": "#0"},
				"south": {"uv": [11, 3, 13, 5], "texture": "#0"},
				"west": {"uv": [11, 3, 12, 5], "texture": "#0"},
				"up": {"uv": [13, 3, 11, 4], "rotation": 180, "texture": "#0"},
				"down": {"uv": [11, 4, 13, 5], "texture": "#0"}
			}
		},
		{
			"name": "oxygen_filter_7",
			"from": [4, 7, 8],
			"to": [5, 9, 9],
			"faces": {
				"north": {"uv": [4, 9, 5, 7], "rotation": 180, "texture": "#0"},
				"east": {"uv": [4, 7, 5, 9], "texture": "#0"},
				"south": {"uv": [4, 7, 5, 9], "texture": "#0"},
				"west": {"uv": [4, 7, 5, 9], "texture": "#0"},
				"up": {"uv": [5, 7, 4, 8], "rotation": 180, "texture": "#0"},
				"down": {"uv": [4, 8, 5, 9], "texture": "#0"}
			}
		},
		{
			"name": "oxygen_filter_8",
			"from": [11, 7, 8],
			"to": [12, 9, 9],
			"faces": {
				"north": {"uv": [11, 9, 12, 7], "rotation": 180, "texture": "#0"},
				"east": {"uv": [11, 7, 12, 9], "texture": "#0"},
				"south": {"uv": [11, 7, 12, 9], "texture": "#0"},
				"west": {"uv": [11, 7, 12, 9], "texture": "#0"},
				"up": {"uv": [12, 7, 11, 8], "rotation": 180, "texture": "#0"},
				"down": {"uv": [11, 8, 12, 9], "texture": "#0"}
			}
		}
	],
	"gui_light": "front",
	"display": {
		"thirdperson_righthand": {
			"translation": [0, 3, 1],
			"scale": [0.55, 0.55, 0.55]
		},
		"thirdperson_lefthand": {
			"translation": [0, 3, 1],
			"scale": [0.55, 0.55, 0.55]
		},
		"firstperson_righthand": {
			"rotation": [0, -90, 25],
			"translation": [1.13, 3.2, 1.13],
			"scale": [0.68, 0.68, 0.68]
		},
		"firstperson_lefthand": {
			"rotation": [0, -90, 25],
			"translation": [1.13, 3.2, 1.13],
			"scale": [0.68, 0.68, 0.68]
		},
		"ground": {
			"translation": [0, 2, 0],
			"scale": [0.5, 0.5, 0.5]
		},
		"head": {
			"rotation": [90, 0, 0],
			"translation": [0, -42.4, 0],
			"scale": [1.6, 1.6, 1.6]
		},
		"fixed": {
			"rotation": [0, 180, 0]
		}
	},
	"groups": [
		{
			"name": "oxygen_filter",
			"origin": [8, 8, 8],
			"color": 0,
			"nbt": "{}",
			"armAnimationEnabled": false,
			"children": [0, 1, 2, 3, 4, 5, 6, 7, 8]
		}
	]
}