{
	"textures": {
		"0": "expansion:items/robot_arm",
		"particle": "expansion:items/robot_arm"
	},
	"elements": [
		{
			"name": "robot_arm_0",
			"from": [12, 9, 8],
			"to": [14, 15, 9],
			"faces": {
				"north": {"uv": [12, 7, 14, 1], "rotation": 180, "texture": "#0"},
				"east": {"uv": [13, 1, 14, 7], "texture": "#0"},
				"south": {"uv": [12, 1, 14, 7], "texture": "#0"},
				"west": {"uv": [12, 1, 13, 7], "texture": "#0"},
				"up": {"uv": [14, 1, 12, 2], "rotation": 180, "texture": "#0"},
				"down": {"uv": [12, 6, 14, 7], "texture": "#0"}
			}
		},
		{
			"name": "robot_arm_1",
			"from": [2, 7, 8],
			"to": [5, 14, 9],
			"faces": {
				"north": {"uv": [2, 9, 5, 2], "rotation": 180, "texture": "#0"},
				"east": {"uv": [4, 2, 5, 9], "texture": "#0"},
				"south": {"uv": [2, 2, 5, 9], "texture": "#0"},
				"west": {"uv": [2, 2, 3, 9], "texture": "#0"},
				"up": {"uv": [5, 2, 2, 3], "rotation": 180, "texture": "#0"},
				"down": {"uv": [2, 8, 5, 9], "texture": "#0"}
			}
		},
		{
			"name": "robot_arm_2",
			"from": [11, 10, 8],
			"to": [12, 14, 9],
			"faces": {
				"north": {"uv": [11, 6, 12, 2], "rotation": 180, "texture": "#0"},
				"east": {"uv": [11, 2, 12, 6], "texture": "#0"},
				"south": {"uv": [11, 2, 12, 6], "texture": "#0"},
				"west": {"uv": [11, 2, 12, 6], "texture": "#0"},
				"up": {"uv": [12, 2, 11, 3], "rotation": 180, "texture": "#0"},
				"down": {"uv": [11, 5, 12, 6], "texture": "#0"}
			}
		},
		{
			"name": "robot_arm_3",
			"from": [14, 10, 8],
			"to": [15, 14, 9],
			"faces": {
				"north": {"uv": [14, 6, 15, 2], "rotation": 180, "texture": "#0"},
				"east": {"uv": [14, 2, 15, 6], "texture": "#0"},
				"south": {"uv": [14, 2, 15, 6], "texture": "#0"},
				"west": {"uv": [14, 2, 15, 6], "texture": "#0"},
				"up": {"uv": [15, 2, 14, 3], "rotation": 180, "texture": "#0"},
				"down": {"uv": [14, 5, 15, 6], "texture": "#0"}
			}
		},
		{
			"name": "robot_arm_4",
			"from": [1, 10, 8],
			"to": [2, 13, 9],
			"faces": {
				"north": {"uv": [1, 6, 2, 3], "rotation": 180, "texture": "#0"},
				"east": {"uv": [1, 3, 2, 6], "texture": "#0"},
				"south": {"uv": [1, 3, 2, 6], "texture": "#0"},
				"west": {"uv": [1, 3, 2, 6], "texture": "#0"},
				"up": {"uv": [2, 3, 1, 4], "rotation": 180, "texture": "#0"},
				"down": {"uv": [1, 5, 2, 6], "texture": "#0"}
			}
		},
		{
			"name": "robot_arm_5",
			"from": [5, 10, 8],
			"to": [11, 13, 9],
			"faces": {
				"north": {"uv": [5, 6, 11, 3], "rotation": 180, "texture": "#0"},
				"east": {"uv": [10, 3, 11, 6], "texture": "#0"},
				"south": {"uv": [5, 3, 11, 6], "texture": "#0"},
				"west": {"uv": [5, 3, 6, 6], "texture": "#0"},
				"up": {"uv": [11, 3, 5, 4], "rotation": 180, "texture": "#0"},
				"down": {"uv": [5, 5, 11, 6], "texture": "#0"}
			}
		},
		{
			"name": "robot_arm_6",
			"from": [5, 1, 8],
			"to": [6, 9, 9],
			"faces": {
				"north": {"uv": [5, 15, 6, 7], "rotation": 180, "texture": "#0"},
				"east": {"uv": [5, 7, 6, 15], "texture": "#0"},
				"south": {"uv": [5, 7, 6, 15], "texture": "#0"},
				"west": {"uv": [5, 7, 6, 15], "texture": "#0"},
				"up": {"uv": [6, 7, 5, 8], "rotation": 180, "texture": "#0"},
				"down": {"uv": [5, 14, 6, 15], "texture": "#0"}
			}
		},
		{
			"name": "robot_arm_7",
			"from": [11, 8, 8],
			"to": [12, 9, 9],
			"faces": {
				"north": {"uv": [11, 8, 12, 7], "rotation": 180, "texture": "#0"},
				"east": {"uv": [11, 7, 12, 8], "texture": "#0"},
				"south": {"uv": [11, 7, 12, 8], "texture": "#0"},
				"west": {"uv": [11, 7, 12, 8], "texture": "#0"},
				"up": {"uv": [12, 7, 11, 8], "rotation": 180, "texture": "#0"},
				"down": {"uv": [11, 7, 12, 8], "texture": "#0"}
			}
		},
		{
			"name": "robot_arm_8",
			"from": [14, 8, 8],
			"to": [15, 9, 9],
			"faces": {
				"north": {"uv": [14, 8, 15, 7], "rotation": 180, "texture": "#0"},
				"east": {"uv": [14, 7, 15, 8], "texture": "#0"},
				"south": {"uv": [14, 7, 15, 8], "texture": "#0"},
				"west": {"uv": [14, 7, 15, 8], "texture": "#0"},
				"up": {"uv": [15, 7, 14, 8], "rotation": 180, "texture": "#0"},
				"down": {"uv": [14, 7, 15, 8], "texture": "#0"}
			}
		},
		{
			"name": "robot_arm_9",
			"from": [6, 1, 8],
			"to": [7, 8, 9],
			"faces": {
				"north": {"uv": [6, 15, 7, 8], "rotation": 180, "texture": "#0"},
				"east": {"uv": [6, 8, 7, 15], "texture": "#0"},
				"south": {"uv": [6, 8, 7, 15], "texture": "#0"},
				"west": {"uv": [6, 8, 7, 15], "texture": "#0"},
				"up": {"uv": [7, 8, 6, 9], "rotation": 180, "texture": "#0"},
				"down": {"uv": [6, 14, 7, 15], "texture": "#0"}
			}
		},
		{
			"name": "robot_arm_10",
			"from": [10, 6, 8],
			"to": [11, 8, 9],
			"faces": {
				"north": {"uv": [10, 10, 11, 8], "rotation": 180, "texture": "#0"},
				"east": {"uv": [10, 8, 11, 10], "texture": "#0"},
				"south": {"uv": [10, 8, 11, 10], "texture": "#0"},
				"west": {"uv": [10, 8, 11, 10], "texture": "#0"},
				"up": {"uv": [11, 8, 10, 9], "rotation": 180, "texture": "#0"},
				"down": {"uv": [10, 9, 11, 10], "texture": "#0"}
			}
		},
		{
			"name": "robot_arm_11",
			"from": [15, 6, 8],
			"to": [16, 8, 9],
			"faces": {
				"north": {"uv": [15, 10, 16, 8], "rotation": 180, "texture": "#0"},
				"east": {"uv": [15, 8, 16, 10], "texture": "#0"},
				"south": {"uv": [15, 8, 16, 10], "texture": "#0"},
				"west": {"uv": [15, 8, 16, 10], "texture": "#0"},
				"up": {"uv": [16, 8, 15, 9], "rotation": 180, "texture": "#0"},
				"down": {"uv": [15, 9, 16, 10], "texture": "#0"}
			}
		},
		{
			"name": "robot_arm_12",
			"from": [3, 5, 8],
			"to": [5, 7, 9],
			"faces": {
				"north": {"uv": [3, 11, 5, 9], "rotation": 180, "texture": "#0"},
				"east": {"uv": [4, 9, 5, 11], "texture": "#0"},
				"south": {"uv": [3, 9, 5, 11], "texture": "#0"},
				"west": {"uv": [3, 9, 4, 11], "texture": "#0"},
				"up": {"uv": [5, 9, 3, 10], "rotation": 180, "texture": "#0"},
				"down": {"uv": [3, 10, 5, 11], "texture": "#0"}
			}
		},
		{
			"name": "robot_arm_13",
			"from": [7, 1, 8],
			"to": [8, 7, 9],
			"faces": {
				"north": {"uv": [7, 15, 8, 9], "rotation": 180, "texture": "#0"},
				"east": {"uv": [7, 9, 8, 15], "texture": "#0"},
				"south": {"uv": [7, 9, 8, 15], "texture": "#0"},
				"west": {"uv": [7, 9, 8, 15], "texture": "#0"},
				"up": {"uv": [8, 9, 7, 10], "rotation": 180, "texture": "#0"},
				"down": {"uv": [7, 14, 8, 15], "texture": "#0"}
			}
		},
		{
			"name": "robot_arm_14",
			"from": [8, 1, 8],
			"to": [9, 6, 9],
			"faces": {
				"north": {"uv": [8, 15, 9, 10], "rotation": 180, "texture": "#0"},
				"east": {"uv": [8, 10, 9, 15], "texture": "#0"},
				"south": {"uv": [8, 10, 9, 15], "texture": "#0"},
				"west": {"uv": [8, 10, 9, 15], "texture": "#0"},
				"up": {"uv": [9, 10, 8, 11], "rotation": 180, "texture": "#0"},
				"down": {"uv": [8, 14, 9, 15], "texture": "#0"}
			}
		},
		{
			"name": "robot_arm_15",
			"from": [11, 5, 8],
			"to": [12, 6, 9],
			"faces": {
				"north": {"uv": [11, 11, 12, 10], "rotation": 180, "texture": "#0"},
				"east": {"uv": [11, 10, 12, 11], "texture": "#0"},
				"south": {"uv": [11, 10, 12, 11], "texture": "#0"},
				"west": {"uv": [11, 10, 12, 11], "texture": "#0"},
				"up": {"uv": [12, 10, 11, 11], "rotation": 180, "texture": "#0"},
				"down": {"uv": [11, 10, 12, 11], "texture": "#0"}
			}
		},
		{
			"name": "robot_arm_16",
			"from": [14, 5, 8],
			"to": [15, 6, 9],
			"faces": {
				"north": {"uv": [14, 11, 15, 10], "rotation": 180, "texture": "#0"},
				"east": {"uv": [14, 10, 15, 11], "texture": "#0"},
				"south": {"uv": [14, 10, 15, 11], "texture": "#0"},
				"west": {"uv": [14, 10, 15, 11], "texture": "#0"},
				"up": {"uv": [15, 10, 14, 11], "rotation": 180, "texture": "#0"},
				"down": {"uv": [14, 10, 15, 11], "texture": "#0"}
			}
		},
		{
			"name": "robot_arm_17",
			"from": [4, 1, 8],
			"to": [5, 5, 9],
			"faces": {
				"north": {"uv": [4, 15, 5, 11], "rotation": 180, "texture": "#0"},
				"east": {"uv": [4, 11, 5, 15], "texture": "#0"},
				"south": {"uv": [4, 11, 5, 15], "texture": "#0"},
				"west": {"uv": [4, 11, 5, 15], "texture": "#0"},
				"up": {"uv": [5, 11, 4, 12], "rotation": 180, "texture": "#0"},
				"down": {"uv": [4, 14, 5, 15], "texture": "#0"}
			}
		},
		{
			"name": "robot_arm_18",
			"from": [9, 1, 8],
			"to": [10, 5, 9],
			"faces": {
				"north": {"uv": [9, 15, 10, 11], "rotation": 180, "texture": "#0"},
				"east": {"uv": [9, 11, 10, 15], "texture": "#0"},
				"south": {"uv": [9, 11, 10, 15], "texture": "#0"},
				"west": {"uv": [9, 11, 10, 15], "texture": "#0"},
				"up": {"uv": [10, 11, 9, 12], "rotation": 180, "texture": "#0"},
				"down": {"uv": [9, 14, 10, 15], "texture": "#0"}
			}
		},
		{
			"name": "robot_arm_19",
			"from": [10, 1, 8],
			"to": [11, 4, 9],
			"faces": {
				"north": {"uv": [10, 15, 11, 12], "rotation": 180, "texture": "#0"},
				"east": {"uv": [10, 12, 11, 15], "texture": "#0"},
				"south": {"uv": [10, 12, 11, 15], "texture": "#0"},
				"west": {"uv": [10, 12, 11, 15], "texture": "#0"},
				"up": {"uv": [11, 12, 10, 13], "rotation": 180, "texture": "#0"},
				"down": {"uv": [10, 14, 11, 15], "texture": "#0"}
			}
		},
		{
			"name": "robot_arm_20",
			"from": [2, 1, 8],
			"to": [4, 3, 9],
			"faces": {
				"north": {"uv": [2, 15, 4, 13], "rotation": 180, "texture": "#0"},
				"east": {"uv": [3, 13, 4, 15], "texture": "#0"},
				"south": {"uv": [2, 13, 4, 15], "texture": "#0"},
				"west": {"uv": [2, 13, 3, 15], "texture": "#0"},
				"up": {"uv": [4, 13, 2, 14], "rotation": 180, "texture": "#0"},
				"down": {"uv": [2, 14, 4, 15], "texture": "#0"}
			}
		},
		{
			"name": "robot_arm_21",
			"from": [11, 1, 8],
			"to": [14, 3, 9],
			"faces": {
				"north": {"uv": [11, 15, 14, 13], "rotation": 180, "texture": "#0"},
				"east": {"uv": [13, 13, 14, 15], "texture": "#0"},
				"south": {"uv": [11, 13, 14, 15], "texture": "#0"},
				"west": {"uv": [11, 13, 12, 15], "texture": "#0"},
				"up": {"uv": [14, 13, 11, 14], "rotation": 180, "texture": "#0"},
				"down": {"uv": [11, 14, 14, 15], "texture": "#0"}
			}
		},
		{
			"name": "robot_arm_22",
			"from": [1, 1, 8],
			"to": [2, 2, 9],
			"faces": {
				"north": {"uv": [1, 15, 2, 14], "rotation": 180, "texture": "#0"},
				"east": {"uv": [1, 14, 2, 15], "texture": "#0"},
				"south": {"uv": [1, 14, 2, 15], "texture": "#0"},
				"west": {"uv": [1, 14, 2, 15], "texture": "#0"},
				"up": {"uv": [2, 14, 1, 15], "rotation": 180, "texture": "#0"},
				"down": {"uv": [1, 14, 2, 15], "texture": "#0"}
			}
		},
		{
			"name": "robot_arm_23",
			"from": [14, 1, 8],
			"to": [15, 2, 9],
			"faces": {
				"north": {"uv": [14, 15, 15, 14], "rotation": 180, "texture": "#0"},
				"east": {"uv": [14, 14, 15, 15], "texture": "#0"},
				"south": {"uv": [14, 14, 15, 15], "texture": "#0"},
				"west": {"uv": [14, 14, 15, 15], "texture": "#0"},
				"up": {"uv": [15, 14, 14, 15], "rotation": 180, "texture": "#0"},
				"down": {"uv": [14, 14, 15, 15], "texture": "#0"}
			}
		}
	],
	"gui_light": "front",
	"display": {
		"thirdperson_righthand": {
			"translation": [0, 3, 1],
			"scale": [0.55, 0.55, 0.55]
		},
		"thirdperson_lefthand": {
			"translation": [0, 3, 1],
			"scale": [0.55, 0.55, 0.55]
		},
		"firstperson_righthand": {
			"rotation": [0, -90, 25],
			"translation": [1.13, 3.2, 1.13],
			"scale": [0.68, 0.68, 0.68]
		},
		"firstperson_lefthand": {
			"rotation": [0, -90, 25],
			"translation": [1.13, 3.2, 1.13],
			"scale": [0.68, 0.68, 0.68]
		},
		"ground": {
			"translation": [0, 2, 0],
			"scale": [0.5, 0.5, 0.5]
		},
		"head": {
			"rotation": [90, 0, 0],
			"translation": [0, -42.4, 0],
			"scale": [1.6, 1.6, 1.6]
		},
		"fixed": {
			"rotation": [0, 180, 0]
		}
	},
	"groups": [
		{
			"name": "robot_arm",
			"origin": [8, 8, 8],
			"color": 0,
			"nbt": "{}",
			"armAnimationEnabled": false,
			"children": [0, 1, 2, 3, 4, 5, 6, 7, 8, 9, 10, 11, 12, 13, 14, 15, 16, 17, 18, 19, 20, 21, 22, 23]
		}
	]
}