{
	"textures": {
		"1": "expansion:items/simple_mechanism",
		"particle": "expansion:items/simple_mechanism"
	},
	"elements": [
		{
			"name": "simple_mechanism_0",
			"from": [9, 13, 7.5],
			"to": [14, 15, 8.5],
			"rotation": {"angle": 0, "axis": "y", "origin": [0, 0.5, 7.5]},
			"faces": {
				"north": {"uv": [9, 2, 14, 0], "rotation": 180, "texture": "#1"},
				"east": {"uv": [13, 0, 14, 2], "texture": "#1"},
				"south": {"uv": [9, 0, 14, 2], "texture": "#1"},
				"west": {"uv": [9, 0, 10, 2], "texture": "#1"},
				"up": {"uv": [14, 0, 9, 1], "rotation": 180, "texture": "#1"},
				"down": {"uv": [9, 1, 14, 2], "texture": "#1"}
			}
		},
		{
			"name": "simple_mechanism_1",
			"from": [8, 8, 7.5],
			"to": [9, 14, 8.5],
			"rotation": {"angle": 0, "axis": "y", "origin": [0, 0.5, 7.5]},
			"faces": {
				"north": {"uv": [8, 7, 9, 1], "rotation": 180, "texture": "#1"},
				"east": {"uv": [8, 1, 9, 7], "texture": "#1"},
				"south": {"uv": [8, 1, 9, 7], "texture": "#1"},
				"west": {"uv": [8, 1, 9, 7], "texture": "#1"},
				"up": {"uv": [9, 1, 8, 2], "rotation": 180, "texture": "#1"},
				"down": {"uv": [8, 6, 9, 7], "texture": "#1"}
			}
		},
		{
			"name": "simple_mechanism_2",
			"from": [14, 7, 7.5],
			"to": [15, 14, 8.5],
			"rotation": {"angle": 0, "axis": "y", "origin": [0, 0.5, 7.5]},
			"faces": {
				"north": {"uv": [14, 8, 15, 1], "rotation": 180, "texture": "#1"},
				"east": {"uv": [14, 1, 15, 8], "texture": "#1"},
				"south": {"uv": [14, 1, 15, 8], "texture": "#1"},
				"west": {"uv": [14, 1, 15, 8], "texture": "#1"},
				"up": {"uv": [15, 1, 14, 2], "rotation": 180, "texture": "#1"},
				"down": {"uv": [14, 7, 15, 8], "texture": "#1"}
			}
		},
		{
			"name": "simple_mechanism_3",
			"from": [7, 9, 7.5],
			"to": [8, 13, 8.5],
			"rotation": {"angle": 0, "axis": "y", "origin": [0, 0.5, 7.5]},
			"faces": {
				"north": {"uv": [7, 6, 8, 2], "rotation": 180, "texture": "#1"},
				"east": {"uv": [7, 2, 8, 6], "texture": "#1"},
				"south": {"uv": [7, 2, 8, 6], "texture": "#1"},
				"west": {"uv": [7, 2, 8, 6], "texture": "#1"},
				"up": {"uv": [8, 2, 7, 3], "rotation": 180, "texture": "#1"},
				"down": {"uv": [7, 5, 8, 6], "texture": "#1"}
			}
		},
		{
			"name": "simple_mechanism_4",
			"from": [9, 12, 7.5],
			"to": [10, 13, 8.5],
			"rotation": {"angle": 0, "axis": "y", "origin": [0, 0.5, 7.5]},
			"faces": {
				"north": {"uv": [9, 3, 10, 2], "rotation": 180, "texture": "#1"},
				"east": {"uv": [9, 2, 10, 3], "texture": "#1"},
				"south": {"uv": [9, 2, 10, 3], "texture": "#1"},
				"west": {"uv": [9, 2, 10, 3], "texture": "#1"},
				"up": {"uv": [10, 2, 9, 3], "rotation": 180, "texture": "#1"},
				"down": {"uv": [9, 2, 10, 3], "texture": "#1"}
			}
		},
		{
			"name": "simple_mechanism_5",
			"from": [11, 1, 7.5],
			"to": [12, 13, 8.5],
			"rotation": {"angle": 0, "axis": "y", "origin": [0, 0.5, 7.5]},
			"faces": {
				"north": {"uv": [11, 14, 12, 2], "rotation": 180, "texture": "#1"},
				"east": {"uv": [11, 2, 12, 14], "texture": "#1"},
				"south": {"uv": [11, 2, 12, 14], "texture": "#1"},
				"west": {"uv": [11, 2, 12, 14], "texture": "#1"},
				"up": {"uv": [12, 2, 11, 3], "rotation": 180, "texture": "#1"},
				"down": {"uv": [11, 13, 12, 14], "texture": "#1"}
			}
		},
		{
			"name": "simple_mechanism_6",
			"from": [13, 12, 7.5],
			"to": [14, 13, 8.5],
			"rotation": {"angle": 0, "axis": "y", "origin": [0, 0.5, 7.5]},
			"faces": {
				"north": {"uv": [13, 3, 14, 2], "rotation": 180, "texture": "#1"},
				"east": {"uv": [13, 2, 14, 3], "texture": "#1"},
				"south": {"uv": [13, 2, 14, 3], "texture": "#1"},
				"west": {"uv": [13, 2, 14, 3], "texture": "#1"},
				"up": {"uv": [14, 2, 13, 3], "rotation": 180, "texture": "#1"},
				"down": {"uv": [13, 2, 14, 3], "texture": "#1"}
			}
		},
		{
			"name": "simple_mechanism_7",
			"from": [15, 8, 7.5],
			"to": [16, 13, 8.5],
			"rotation": {"angle": 0, "axis": "y", "origin": [0, 0.5, 7.5]},
			"faces": {
				"north": {"uv": [15, 7, 16, 2], "rotation": 180, "texture": "#1"},
				"east": {"uv": [15, 2, 16, 7], "texture": "#1"},
				"south": {"uv": [15, 2, 16, 7], "texture": "#1"},
				"west": {"uv": [15, 2, 16, 7], "texture": "#1"},
				"up": {"uv": [16, 2, 15, 3], "rotation": 180, "texture": "#1"},
				"down": {"uv": [15, 6, 16, 7], "texture": "#1"}
			}
		},
		{
			"name": "simple_mechanism_8",
			"from": [6, 10, 7.5],
			"to": [7, 12, 8.5],
			"rotation": {"angle": 0, "axis": "y", "origin": [0, 0.5, 7.5]},
			"faces": {
				"north": {"uv": [6, 5, 7, 3], "rotation": 180, "texture": "#1"},
				"east": {"uv": [6, 3, 7, 5], "texture": "#1"},
				"south": {"uv": [6, 3, 7, 5], "texture": "#1"},
				"west": {"uv": [6, 3, 7, 5], "texture": "#1"},
				"up": {"uv": [7, 3, 6, 4], "rotation": 180, "texture": "#1"},
				"down": {"uv": [6, 4, 7, 5], "texture": "#1"}
			}
		},
		{
			"name": "simple_mechanism_9",
			"from": [10, 1, 7.5],
			"to": [11, 12, 8.5],
			"rotation": {"angle": 0, "axis": "y", "origin": [0, 0.5, 7.5]},
			"faces": {
				"north": {"uv": [10, 14, 11, 3], "rotation": 180, "texture": "#1"},
				"east": {"uv": [10, 3, 11, 14], "texture": "#1"},
				"south": {"uv": [10, 3, 11, 14], "texture": "#1"},
				"west": {"uv": [10, 3, 11, 14], "texture": "#1"},
				"up": {"uv": [11, 3, 10, 4], "rotation": 180, "texture": "#1"},
				"down": {"uv": [10, 13, 11, 14], "texture": "#1"}
			}
		},
		{
			"name": "simple_mechanism_10",
			"from": [12, 1, 7.5],
			"to": [13, 12, 8.5],
			"rotation": {"angle": 0, "axis": "y", "origin": [0, 0.5, 7.5]},
			"faces": {
				"north": {"uv": [12, 14, 13, 3], "rotation": 180, "texture": "#1"},
				"east": {"uv": [12, 3, 13, 14], "texture": "#1"},
				"south": {"uv": [12, 3, 13, 14], "texture": "#1"},
				"west": {"uv": [12, 3, 13, 14], "texture": "#1"},
				"up": {"uv": [13, 3, 12, 4], "rotation": 180, "texture": "#1"},
				"down": {"uv": [12, 13, 13, 14], "texture": "#1"}
			}
		},
		{
			"name": "simple_mechanism_11",
			"from": [5, 9, 7.5],
			"to": [6, 11, 8.5],
			"rotation": {"angle": 0, "axis": "y", "origin": [0, 0.5, 7.5]},
			"faces": {
				"north": {"uv": [5, 6, 6, 4], "rotation": 180, "texture": "#1"},
				"east": {"uv": [5, 4, 6, 6], "texture": "#1"},
				"south": {"uv": [5, 4, 6, 6], "texture": "#1"},
				"west": {"uv": [5, 4, 6, 6], "texture": "#1"},
				"up": {"uv": [6, 4, 5, 5], "rotation": 180, "texture": "#1"},
				"down": {"uv": [5, 5, 6, 6], "texture": "#1"}
			}
		},
		{
			"name": "simple_mechanism_12",
			"from": [9, 10, 7.5],
			"to": [10, 11, 8.5],
			"rotation": {"angle": 0, "axis": "y", "origin": [0, 0.5, 7.5]},
			"faces": {
				"north": {"uv": [9, 5, 10, 4], "rotation": 180, "texture": "#1"},
				"east": {"uv": [9, 4, 10, 5], "texture": "#1"},
				"south": {"uv": [9, 4, 10, 5], "texture": "#1"},
				"west": {"uv": [9, 4, 10, 5], "texture": "#1"},
				"up": {"uv": [10, 4, 9, 5], "rotation": 180, "texture": "#1"},
				"down": {"uv": [9, 4, 10, 5], "texture": "#1"}
			}
		},
		{
			"name": "simple_mechanism_13",
			"from": [13, 10, 7.5],
			"to": [14, 11, 8.5],
			"rotation": {"angle": 0, "axis": "y", "origin": [0, 0.5, 7.5]},
			"faces": {
				"north": {"uv": [13, 5, 14, 4], "rotation": 180, "texture": "#1"},
				"east": {"uv": [13, 4, 14, 5], "texture": "#1"},
				"south": {"uv": [13, 4, 14, 5], "texture": "#1"},
				"west": {"uv": [13, 4, 14, 5], "texture": "#1"},
				"up": {"uv": [14, 4, 13, 5], "rotation": 180, "texture": "#1"},
				"down": {"uv": [13, 4, 14, 5], "texture": "#1"}
			}
		},
		{
			"name": "simple_mechanism_14",
			"from": [4, 8, 7.5],
			"to": [5, 10, 8.5],
			"rotation": {"angle": 0, "axis": "y", "origin": [0, 0.5, 7.5]},
			"faces": {
				"north": {"uv": [4, 7, 5, 5], "rotation": 180, "texture": "#1"},
				"east": {"uv": [4, 5, 5, 7], "texture": "#1"},
				"south": {"uv": [4, 5, 5, 7], "texture": "#1"},
				"west": {"uv": [4, 5, 5, 7], "texture": "#1"},
				"up": {"uv": [5, 5, 4, 6], "rotation": 180, "texture": "#1"},
				"down": {"uv": [4, 6, 5, 7], "texture": "#1"}
			}
		},
		{
			"name": "simple_mechanism_15",
			"from": [3, 0, 7.5],
			"to": [4, 9, 8.5],
			"rotation": {"angle": 0, "axis": "y", "origin": [0, 0.5, 7.5]},
			"faces": {
				"north": {"uv": [3, 15, 4, 6], "rotation": 180, "texture": "#1"},
				"east": {"uv": [3, 6, 4, 15], "texture": "#1"},
				"south": {"uv": [3, 6, 4, 15], "texture": "#1"},
				"west": {"uv": [3, 6, 4, 15], "texture": "#1"},
				"up": {"uv": [4, 6, 3, 7], "rotation": 180, "texture": "#1"},
				"down": {"uv": [3, 14, 4, 15], "texture": "#1"}
			}
		},
		{
			"name": "simple_mechanism_16",
			"from": [9, 7, 7.5],
			"to": [10, 9, 8.5],
			"rotation": {"angle": 0, "axis": "y", "origin": [0, 0.5, 7.5]},
			"faces": {
				"north": {"uv": [9, 8, 10, 6], "rotation": 180, "texture": "#1"},
				"east": {"uv": [9, 6, 10, 8], "texture": "#1"},
				"south": {"uv": [9, 6, 10, 8], "texture": "#1"},
				"west": {"uv": [9, 6, 10, 8], "texture": "#1"},
				"up": {"uv": [10, 6, 9, 7], "rotation": 180, "texture": "#1"},
				"down": {"uv": [9, 7, 10, 8], "texture": "#1"}
			}
		},
		{
			"name": "simple_mechanism_17",
			"from": [13, 1, 7.5],
			"to": [14, 9, 8.5],
			"rotation": {"angle": 0, "axis": "y", "origin": [0, 0.5, 7.5]},
			"faces": {
				"north": {"uv": [13, 14, 14, 6], "rotation": 180, "texture": "#1"},
				"east": {"uv": [13, 6, 14, 14], "texture": "#1"},
				"south": {"uv": [13, 6, 14, 14], "texture": "#1"},
				"west": {"uv": [13, 6, 14, 14], "texture": "#1"},
				"up": {"uv": [14, 6, 13, 7], "rotation": 180, "texture": "#1"},
				"down": {"uv": [13, 13, 14, 14], "texture": "#1"}
			}
		},
		{
			"name": "simple_mechanism_18",
			"from": [2, 5, 7.5],
			"to": [3, 8, 8.5],
			"rotation": {"angle": 0, "axis": "y", "origin": [0, 0.5, 7.5]},
			"faces": {
				"north": {"uv": [2, 10, 3, 7], "rotation": 180, "texture": "#1"},
				"east": {"uv": [2, 7, 3, 10], "texture": "#1"},
				"south": {"uv": [2, 7, 3, 10], "texture": "#1"},
				"west": {"uv": [2, 7, 3, 10], "texture": "#1"},
				"up": {"uv": [3, 7, 2, 8], "rotation": 180, "texture": "#1"},
				"down": {"uv": [2, 9, 3, 10], "texture": "#1"}
			}
		},
		{
			"name": "simple_mechanism_19",
			"from": [1, 0, 7.5],
			"to": [2, 7, 8.5],
			"rotation": {"angle": 0, "axis": "y", "origin": [0, 0.5, 7.5]},
			"faces": {
				"north": {"uv": [1, 15, 2, 8], "rotation": 180, "texture": "#1"},
				"east": {"uv": [1, 8, 2, 15], "texture": "#1"},
				"south": {"uv": [1, 8, 2, 15], "texture": "#1"},
				"west": {"uv": [1, 8, 2, 15], "texture": "#1"},
				"up": {"uv": [2, 8, 1, 9], "rotation": 180, "texture": "#1"},
				"down": {"uv": [1, 14, 2, 15], "texture": "#1"}
			}
		},
		{
			"name": "simple_mechanism_20",
			"from": [4, 0, 7.5],
			"to": [5, 7, 8.5],
			"rotation": {"angle": 0, "axis": "y", "origin": [0, 0.5, 7.5]},
			"faces": {
				"north": {"uv": [4, 15, 5, 8], "rotation": 180, "texture": "#1"},
				"east": {"uv": [4, 8, 5, 15], "texture": "#1"},
				"south": {"uv": [4, 8, 5, 15], "texture": "#1"},
				"west": {"uv": [4, 8, 5, 15], "texture": "#1"},
				"up": {"uv": [5, 8, 4, 9], "rotation": 180, "texture": "#1"},
				"down": {"uv": [4, 14, 5, 15], "texture": "#1"}
			}
		},
		{
			"name": "simple_mechanism_21",
			"from": [0, 1, 7.5],
			"to": [1, 6, 8.5],
			"rotation": {"angle": 0, "axis": "y", "origin": [0, 0.5, 7.5]},
			"faces": {
				"north": {"uv": [0, 14, 1, 9], "rotation": 180, "texture": "#1"},
				"east": {"uv": [0, 9, 1, 14], "texture": "#1"},
				"south": {"uv": [0, 9, 1, 14], "texture": "#1"},
				"west": {"uv": [0, 9, 1, 14], "texture": "#1"},
				"up": {"uv": [1, 9, 0, 10], "rotation": 180, "texture": "#1"},
				"down": {"uv": [0, 13, 1, 14], "texture": "#1"}
			}
		},
		{
			"name": "simple_mechanism_22",
			"from": [5, 1, 7.5],
			"to": [10, 6, 8.5],
			"rotation": {"angle": 0, "axis": "y", "origin": [0, 0.5, 7.5]},
			"faces": {
				"north": {"uv": [5, 14, 10, 9], "rotation": 180, "texture": "#1"},
				"east": {"uv": [9, 9, 10, 14], "texture": "#1"},
				"south": {"uv": [5, 9, 10, 14], "texture": "#1"},
				"west": {"uv": [5, 9, 6, 14], "texture": "#1"},
				"up": {"uv": [10, 9, 5, 10], "rotation": 180, "texture": "#1"},
				"down": {"uv": [5, 13, 10, 14], "texture": "#1"}
			}
		},
		{
			"name": "simple_mechanism_23",
			"from": [14, 2, 7.5],
			"to": [15, 5, 8.5],
			"rotation": {"angle": 0, "axis": "y", "origin": [0, 0.5, 7.5]},
			"faces": {
				"north": {"uv": [14, 13, 15, 10], "rotation": 180, "texture": "#1"},
				"east": {"uv": [14, 10, 15, 13], "texture": "#1"},
				"south": {"uv": [14, 10, 15, 13], "texture": "#1"},
				"west": {"uv": [14, 10, 15, 13], "texture": "#1"},
				"up": {"uv": [15, 10, 14, 11], "rotation": 180, "texture": "#1"},
				"down": {"uv": [14, 12, 15, 13], "texture": "#1"}
			}
		},
		{
			"name": "simple_mechanism_24",
			"from": [2, 3, 7.5],
			"to": [3, 4, 8.5],
			"rotation": {"angle": 0, "axis": "y", "origin": [0, 0.5, 7.5]},
			"faces": {
				"north": {"uv": [2, 12, 3, 11], "rotation": 180, "texture": "#1"},
				"east": {"uv": [2, 11, 3, 12], "texture": "#1"},
				"south": {"uv": [2, 11, 3, 12], "texture": "#1"},
				"west": {"uv": [2, 11, 3, 12], "texture": "#1"},
				"up": {"uv": [3, 11, 2, 12], "rotation": 180, "texture": "#1"},
				"down": {"uv": [2, 11, 3, 12], "texture": "#1"}
			}
		},
		{
			"name": "simple_mechanism_25",
			"from": [2, 0, 7.5],
			"to": [3, 2, 8.5],
			"rotation": {"angle": 0, "axis": "y", "origin": [0, 0.5, 7.5]},
			"faces": {
				"north": {"uv": [2, 15, 3, 13], "rotation": 180, "texture": "#1"},
				"east": {"uv": [2, 13, 3, 15], "texture": "#1"},
				"south": {"uv": [2, 13, 3, 15], "texture": "#1"},
				"west": {"uv": [2, 13, 3, 15], "texture": "#1"},
				"up": {"uv": [3, 13, 2, 14], "rotation": 180, "texture": "#1"},
				"down": {"uv": [2, 14, 3, 15], "texture": "#1"}
			}
		}
	],
	"gui_light": "front",
	"display": {
		"thirdperson_righthand": {
			"translation": [0, 3, 1],
			"scale": [0.55, 0.55, 0.55]
		},
		"thirdperson_lefthand": {
			"translation": [0, 3, 1],
			"scale": [0.55, 0.55, 0.55]
		},
		"firstperson_righthand": {
			"rotation": [0, -90, 25],
			"translation": [1.13, 3.2, 1.13],
			"scale": [0.68, 0.68, 0.68]
		},
		"firstperson_lefthand": {
			"rotation": [0, -90, 25],
			"translation": [1.13, 3.2, 1.13],
			"scale": [0.68, 0.68, 0.68]
		},
		"ground": {
			"translation": [0, 2, 0],
			"scale": [0.5, 0.5, 0.5]
		},
		"head": {
			"rotation": [90, 0, 0],
			"translation": [0, -42.4, 0],
			"scale": [1.6, 1.6, 1.6]
		},
		"fixed": {
			"rotation": [0, 180, 0]
		}
	},
	"groups": [
		{
			"name": "simple_mechanism",
			"origin": [8, 8, 8],
			"color": 0,
			"nbt": "{}",
			"armAnimationEnabled": false,
			"children": [0, 1, 2, 3, 4, 5, 6, 7, 8, 9, 10, 11, 12, 13, 14, 15, 16, 17, 18, 19, 20, 21, 22, 23, 24, 25]
		}
	]
}