{
	"textures": {
		"0": "animated_java:item/assembler/assembler"
	},
	"display": {
		"head": {
			"rotation": [0, 180, 0]
		}
	},
	"elements": [
		{
			"from": [7.50003, 6.75, 6.5],
			"to": [8.50003, 9.25, 9.5],
			"rotation": {
				"angle": 0,
				"axis": "y",
				"origin": [0.85987, -8.4034, 2]
			},
			"faces": {
				"north": {
					"uv": [11.9375, 9.5625, 12, 9.75],
					"texture": "#0"
				},
				"east": {
					"uv": [10.75, 3.75, 10.9375, 3.9375],
					"texture": "#0"
				},
				"south": {
					"uv": [9.8125, 11.9375, 9.875, 12.125],
					"texture": "#0"
				},
				"west": {
					"uv": [10.75, 4, 10.9375, 4.1875],
					"texture": "#0"
				},
				"up": {
					"uv": [12, 11.8125, 11.9375, 11.625],
					"texture": "#0"
				},
				"down": {
					"uv": [11.875, 11.9375, 11.8125, 12.125],
					"texture": "#0"
				}
			}
		},
		{
			"from": [8.08321, 7.00628, 6.5],
			"to": [9.11875, 7.75628, 9.5],
			"rotation": {
				"angle": 45,
				"axis": "z",
				"origin": [8.60098, 7.38128, 8]
			},
			"faces": {
				"north": {
					"uv": [7.5, 12.375, 7.5625, 12.4375],
					"texture": "#0"
				},
				"east": {
					"uv": [11.9375, 7.75, 12.125, 7.8125],
					"texture": "#0"
				},
				"south": {
					"uv": [12.375, 7.5625, 12.4375, 7.625],
					"texture": "#0"
				},
				"west": {
					"uv": [11.9375, 8.375, 12.125, 8.4375],
					"texture": "#0"
				},
				"up": {
					"uv": [12, 12.0625, 11.9375, 11.875],
					"texture": "#0"
				},
				"down": {
					"uv": [12.0625, 0.5, 12, 0.6875],
					"texture": "#0"
				}
			}
		},
		{
			"from": [8.08321, 8.24372, 6.5],
			"to": [9.11875, 8.99372, 9.5],
			"rotation": {
				"angle": -45,
				"axis": "z",
				"origin": [8.60098, 8.61872, 8]
			},
			"faces": {
				"north": {
					"uv": [12.375, 7.6875, 12.4375, 7.75],
					"texture": "#0"
				},
				"east": {
					"uv": [11.9375, 10.25, 12.125, 10.3125],
					"texture": "#0"
				},
				"south": {
					"uv": [12.375, 7.8125, 12.4375, 7.875],
					"texture": "#0"
				},
				"west": {
					"uv": [12, 0.75, 12.1875, 0.8125],
					"texture": "#0"
				},
				"up": {
					"uv": [12.0625, 1.625, 12, 1.4375],
					"texture": "#0"
				},
				"down": {
					"uv": [12.0625, 1.6875, 12, 1.875],
					"texture": "#0"
				}
			}
		},
		{
			"from": [7.02408, 6.86351, 6.5],
			"to": [7.77408, 7.89905, 9.5],
			"rotation": {
				"angle": 45,
				"axis": "z",
				"origin": [7.39908, 7.38128, 8]
			},
			"faces": {
				"north": {
					"uv": [12.375, 7.9375, 12.4375, 8],
					"texture": "#0"
				},
				"east": {
					"uv": [12, 1.9375, 12.1875, 2],
					"texture": "#0"
				},
				"south": {
					"uv": [8, 12.375, 8.0625, 12.4375],
					"texture": "#0"
				},
				"west": {
					"uv": [12, 2.0625, 12.1875, 2.125],
					"texture": "#0"
				},
				"up": {
					"uv": [12.0625, 2.375, 12, 2.1875],
					"texture": "#0"
				},
				"down": {
					"uv": [12.0625, 2.4375, 12, 2.625],
					"texture": "#0"
				}
			}
		},
		{
			"from": [6.88131, 8.24372, 6.5],
			"to": [7.91685, 8.99372, 9.5],
			"rotation": {
				"angle": 45,
				"axis": "z",
				"origin": [7.39908, 8.61872, 8]
			},
			"faces": {
				"north": {
					"uv": [12.375, 8.0625, 12.4375, 8.125],
					"texture": "#0"
				},
				"east": {
					"uv": [12, 2.6875, 12.1875, 2.75],
					"texture": "#0"
				},
				"south": {
					"uv": [8.125, 12.375, 8.1875, 12.4375],
					"texture": "#0"
				},
				"west": {
					"uv": [12, 3.125, 12.1875, 3.1875],
					"texture": "#0"
				},
				"up": {
					"uv": [2.9375, 12.1875, 2.875, 12],
					"texture": "#0"
				},
				"down": {
					"uv": [12.0625, 3.25, 12, 3.4375],
					"texture": "#0"
				}
			}
		},
		{
			"from": [7.25003, 5, 7],
			"to": [8.75003, 10.5, 9],
			"rotation": {
				"angle": 0,
				"axis": "y",
				"origin": [0.85987, -8.4034, 2]
			},
			"faces": {
				"north": {
					"uv": [5.0625, 10, 5.1875, 10.375],
					"texture": "#0"
				},
				"east": {
					"uv": [6.9375, 10, 7.0625, 10.375],
					"texture": "#0"
				},
				"south": {
					"uv": [8.1875, 10.0625, 8.3125, 10.4375],
					"texture": "#0"
				},
				"west": {
					"uv": [8.375, 10.0625, 8.5, 10.4375],
					"texture": "#0"
				},
				"up": {
					"uv": [11.6875, 0.6875, 11.5625, 0.5625],
					"texture": "#0"
				},
				"down": {
					"uv": [11.6875, 0.75, 11.5625, 0.875],
					"texture": "#0"
				}
			}
		},
		{
			"from": [7.75003, 0, 7.5],
			"to": [8.25003, 2.5, 8.25],
			"rotation": {
				"angle": 0,
				"axis": "y",
				"origin": [0.85987, -8.4034, 2]
			},
			"faces": {
				"north": {
					"uv": [10.8125, 11.75, 10.875, 11.9375],
					"texture": "#0"
				},
				"east": {
					"uv": [10.9375, 11.75, 11, 11.9375],
					"texture": "#0"
				},
				"south": {
					"uv": [11.0625, 11.75, 11.125, 11.9375],
					"texture": "#0"
				},
				"west": {
					"uv": [11.1875, 11.75, 11.25, 11.9375],
					"texture": "#0"
				},
				"up": {
					"uv": [10.625, 12.3125, 10.5625, 12.25],
					"texture": "#0"
				},
				"down": {
					"uv": [10.75, 12.25, 10.6875, 12.3125],
					"texture": "#0"
				}
			}
		},
		{
			"from": [7.50003, 2.5, 7.25],
			"to": [8.50003, 5, 8.5],
			"rotation": {
				"angle": 0,
				"axis": "y",
				"origin": [0.85987, -8.4034, 2]
			},
			"faces": {
				"north": {
					"uv": [10.3125, 11.75, 10.375, 11.9375],
					"texture": "#0"
				},
				"east": {
					"uv": [10.4375, 11.75, 10.5, 11.9375],
					"texture": "#0"
				},
				"south": {
					"uv": [10.5625, 11.75, 10.625, 11.9375],
					"texture": "#0"
				},
				"west": {
					"uv": [10.6875, 11.75, 10.75, 11.9375],
					"texture": "#0"
				},
				"up": {
					"uv": [10.375, 12.3125, 10.3125, 12.25],
					"texture": "#0"
				},
				"down": {
					"uv": [10.5, 12.25, 10.4375, 12.3125],
					"texture": "#0"
				}
			}
		},
		{
			"from": [6.7678, 7.48223, 6.5],
			"to": [9.2678, 8.51777, 9.5],
			"rotation": {
				"angle": 0,
				"axis": "y",
				"origin": [8.0178, 8, 8]
			},
			"faces": {
				"north": {
					"uv": [12, 3.5, 12.1875, 3.5625],
					"texture": "#0"
				},
				"east": {
					"uv": [12, 3.625, 12.1875, 3.6875],
					"texture": "#0"
				},
				"south": {
					"uv": [12, 3.75, 12.1875, 3.8125],
					"texture": "#0"
				},
				"west": {
					"uv": [12, 3.875, 12.1875, 3.9375],
					"texture": "#0"
				},
				"up": {
					"uv": [10.9375, 4.4375, 10.75, 4.25],
					"texture": "#0"
				},
				"down": {
					"uv": [10.9375, 6.1875, 10.75, 6.375],
					"texture": "#0"
				}
			}
		}
	]
}