{
	"textures": {
		"0": "animated_java:item/assembler/assembler"
	},
	"display": {
		"head": {
			"rotation": [0, 180, 0]
		}
	},
	"elements": [
		{
			"from": [7, 15.02728, 16.96536],
			"to": [9, 15.85571, 18.96536],
			"rotation": {
				"angle": 45,
				"axis": "x",
				"origin": [25, 23.75, 4]
			},
			"faces": {
				"north": {
					"uv": [12.0625, 1.25, 12.1875, 1.3125],
					"texture": "#0"
				},
				"east": {
					"uv": [1.375, 12.0625, 1.5, 12.125],
					"texture": "#0"
				},
				"south": {
					"uv": [1.5625, 12.0625, 1.6875, 12.125],
					"texture": "#0"
				},
				"west": {
					"uv": [1.75, 12.0625, 1.875, 12.125],
					"texture": "#0"
				},
				"up": {
					"uv": [11.375, 5.0625, 11.25, 4.9375],
					"texture": "#0"
				},
				"down": {
					"uv": [11.375, 5.125, 11.25, 5.25],
					"texture": "#0"
				}
			}
		},
		{
			"from": [7, 7.58579, 7],
			"to": [9, 8.41421, 9],
			"rotation": {
				"angle": 0,
				"axis": "y",
				"origin": [25, 23.75, 4]
			},
			"faces": {
				"north": {
					"uv": [1.9375, 12.0625, 2.0625, 12.125],
					"texture": "#0"
				},
				"east": {
					"uv": [12.0625, 2.8125, 12.1875, 2.875],
					"texture": "#0"
				},
				"south": {
					"uv": [3, 12.0625, 3.125, 12.125],
					"texture": "#0"
				},
				"west": {
					"uv": [3.625, 12.0625, 3.75, 12.125],
					"texture": "#0"
				},
				"up": {
					"uv": [11.375, 5.4375, 11.25, 5.3125],
					"texture": "#0"
				},
				"down": {
					"uv": [11.375, 5.5, 11.25, 5.625],
					"texture": "#0"
				}
			}
		},
		{
			"from": [7, 14.4415, 17.55115],
			"to": [9, 16.4415, 18.37957],
			"rotation": {
				"angle": 45,
				"axis": "x",
				"origin": [25, 23.75, 4]
			},
			"faces": {
				"north": {
					"uv": [11.25, 5.6875, 11.375, 5.8125],
					"texture": "#0"
				},
				"east": {
					"uv": [8, 10.9375, 8.0625, 11.0625],
					"texture": "#0"
				},
				"south": {
					"uv": [5.875, 11.25, 6, 11.375],
					"texture": "#0"
				},
				"west": {
					"uv": [1.875, 11.4375, 1.9375, 11.5625],
					"texture": "#0"
				},
				"up": {
					"uv": [4.25, 12.125, 4.125, 12.0625],
					"texture": "#0"
				},
				"down": {
					"uv": [5, 12.0625, 4.875, 12.125],
					"texture": "#0"
				}
			}
		},
		{
			"from": [7, 7, 7.58579],
			"to": [9, 9, 8.41421],
			"rotation": {
				"angle": 0,
				"axis": "y",
				"origin": [25, 23.75, 4]
			},
			"faces": {
				"north": {
					"uv": [11.25, 6.125, 11.375, 6.25],
					"texture": "#0"
				},
				"east": {
					"uv": [0, 12.0625, 0.0625, 12.1875],
					"texture": "#0"
				},
				"south": {
					"uv": [11.25, 6.6875, 11.375, 6.8125],
					"texture": "#0"
				},
				"west": {
					"uv": [12.0625, 6.25, 12.125, 6.375],
					"texture": "#0"
				},
				"up": {
					"uv": [12.1875, 7.5625, 12.0625, 7.5],
					"texture": "#0"
				},
				"down": {
					"uv": [12.1875, 7.625, 12.0625, 7.6875],
					"texture": "#0"
				}
			}
		}
	]
}