{
	"textures": {
		"0": "animated_java:blueprint/assembler/assembler",
		"particle": "minecraft:item/pufferfish"
	},
	"display": {
		"head": {
			"rotation": [0, 180, 0]
		}
	},
	"elements": [
		{
			"from": [0.5, 7.25, 7.25],
			"to": [7.25, 8.75, 8.75],
			"rotation": {
				"angle": 0,
				"axis": "y",
				"origin": [3.22344, -9.14744, 2]
			},
			"faces": {
				"north": {
					"uv": [9.8125, 7.1875, 10.25, 7.3125],
					"texture": "#0"
				},
				"east": {
					"uv": [11.5625, 3.4375, 11.6875, 3.5625],
					"texture": "#0"
				},
				"south": {
					"uv": [9.8125, 7.5625, 10.25, 7.6875],
					"texture": "#0"
				},
				"west": {
					"uv": [11.5625, 3.625, 11.6875, 3.75],
					"texture": "#0"
				},
				"up": {
					"uv": [10.25, 7.875, 9.8125, 7.75],
					"texture": "#0"
				},
				"down": {
					"uv": [10.25, 7.9375, 9.8125, 8.0625],
					"texture": "#0"
				}
			}
		},
		{
			"from": [7.25, 7, 7],
			"to": [8.75, 9, 9],
			"rotation": {
				"angle": 0,
				"axis": "y",
				"origin": [3.22344, -9.14744, 2]
			},
			"faces": {
				"north": {
					"uv": [11.5625, 3.8125, 11.6875, 3.9375],
					"texture": "#0"
				},
				"east": {
					"uv": [11.5625, 4, 11.6875, 4.125],
					"texture": "#0"
				},
				"south": {
					"uv": [11.5625, 4.1875, 11.6875, 4.3125],
					"texture": "#0"
				},
				"west": {
					"uv": [4.5625, 11.5625, 4.6875, 11.6875],
					"texture": "#0"
				},
				"up": {
					"uv": [5.3125, 11.6875, 5.1875, 11.5625],
					"texture": "#0"
				},
				"down": {
					"uv": [11.6875, 5.8125, 11.5625, 5.9375],
					"texture": "#0"
				}
			}
		}
	]
}