{
	"textures": {
		"0": "animated_java:blueprint/assembler/assembler",
		"particle": "minecraft:item/pufferfish"
	},
	"display": {
		"head": {
			"rotation": [0, 180, 0]
		}
	},
	"elements": [
		{
			"from": [6.35048, 25.13896, -2.5],
			"to": [9.30698, 27.13896, 7.5],
			"rotation": {
				"angle": 22.5,
				"axis": "z",
				"origin": [5.75, 8, -3.5]
			},
			"faces": {
				"north": {
					"uv": [9.6875, 11.125, 9.875, 11.25],
					"texture": "#0"
				},
				"east": {
					"uv": [8.8125, 8.125, 9.4375, 8.25],
					"texture": "#0"
				},
				"south": {
					"uv": [9.9375, 11.125, 10.125, 11.25],
					"texture": "#0"
				},
				"west": {
					"uv": [8.8125, 8.3125, 9.4375, 8.4375],
					"texture": "#0"
				},
				"up": {
					"uv": [1.4375, 7.625, 1.25, 7],
					"texture": "#0"
				},
				"down": {
					"uv": [1.6875, 7, 1.5, 7.625],
					"texture": "#0"
				}
			}
		}
	]
}