{
	"textures": {
		"0": "animated_java:blueprint/assembler/assembler",
		"particle": "minecraft:item/pufferfish"
	},
	"display": {
		"head": {
			"rotation": [0, 180, 0]
		}
	},
	"elements": [
		{
			"from": [7.38279, -12.17127, -2.5],
			"to": [10.33929, -10.17127, 7.5],
			"rotation": {
				"angle": 22.5,
				"axis": "z",
				"origin": [8, 5.75, -3.5]
			},
			"faces": {
				"north": {
					"uv": [11.125, 5.9375, 11.3125, 6.0625],
					"texture": "#0"
				},
				"east": {
					"uv": [8.75, 0.5, 9.375, 0.625],
					"texture": "#0"
				},
				"south": {
					"uv": [8, 11.125, 8.1875, 11.25],
					"texture": "#0"
				},
				"west": {
					"uv": [4.375, 8.8125, 5, 8.9375],
					"texture": "#0"
				},
				"up": {
					"uv": [0.4375, 7.625, 0.25, 7],
					"texture": "#0"
				},
				"down": {
					"uv": [0.6875, 7, 0.5, 7.625],
					"texture": "#0"
				}
			}
		}
	]
}