{
	"textures": {
		"0": "animated_java:blueprint/assembler/assembler",
		"particle": "minecraft:item/pufferfish"
	},
	"display": {
		"head": {
			"rotation": [0, 180, 0]
		}
	},
	"elements": [
		{
			"from": [-6.63909, 4.5, -0.84188],
			"to": [-4.15381, 8.5, 5.15812],
			"rotation": {
				"angle": -45,
				"axis": "y",
				"origin": [-5.75, 20.25, 21.25]
			},
			"faces": {
				"north": {
					"uv": [9.875, 10.8125, 10, 11.0625],
					"texture": "#0"
				},
				"east": {
					"uv": [8.5, 0, 8.875, 0.25],
					"texture": "#0"
				},
				"south": {
					"uv": [10.0625, 10.8125, 10.1875, 11.0625],
					"texture": "#0"
				},
				"west": {
					"uv": [3.75, 8.5, 4.125, 8.75],
					"texture": "#0"
				},
				"up": {
					"uv": [4.3125, 10.25, 4.1875, 9.875],
					"texture": "#0"
				},
				"down": {
					"uv": [2.5625, 9.9375, 2.4375, 10.3125],
					"texture": "#0"
				}
			}
		},
		{
			"from": [6.75736, 4.5, 5],
			"to": [9.24264, 8.5, 11],
			"rotation": {
				"angle": 0,
				"axis": "y",
				"origin": [-5.75, 20.25, 21.25]
			},
			"faces": {
				"north": {
					"uv": [10.8125, 10.1875, 10.9375, 10.4375],
					"texture": "#0"
				},
				"east": {
					"uv": [4.625, 8.5, 5, 8.75],
					"texture": "#0"
				},
				"south": {
					"uv": [10.25, 10.8125, 10.375, 11.0625],
					"texture": "#0"
				},
				"west": {
					"uv": [5.375, 8.5, 5.75, 8.75],
					"texture": "#0"
				},
				"up": {
					"uv": [2.75, 10.3125, 2.625, 9.9375],
					"texture": "#0"
				},
				"down": {
					"uv": [10.0625, 3.3125, 9.9375, 3.6875],
					"texture": "#0"
				}
			}
		},
		{
			"from": [-8.39645, 4.5, 0.91548],
			"to": [-2.39645, 8.5, 3.40076],
			"rotation": {
				"angle": -45,
				"axis": "y",
				"origin": [-5.75, 20.25, 21.25]
			},
			"faces": {
				"north": {
					"uv": [5.8125, 8.5, 6.1875, 8.75],
					"texture": "#0"
				},
				"east": {
					"uv": [10.4375, 10.8125, 10.5625, 11.0625],
					"texture": "#0"
				},
				"south": {
					"uv": [7.6875, 8.5, 8.0625, 8.75],
					"texture": "#0"
				},
				"west": {
					"uv": [10.8125, 10.5, 10.9375, 10.75],
					"texture": "#0"
				},
				"up": {
					"uv": [10.3125, 3.875, 9.9375, 3.75],
					"texture": "#0"
				},
				"down": {
					"uv": [4.75, 9.9375, 4.375, 10.0625],
					"texture": "#0"
				}
			}
		},
		{
			"from": [5, 4.5, 6.75736],
			"to": [11, 8.5, 9.24264],
			"rotation": {
				"angle": 0,
				"axis": "y",
				"origin": [-5.75, 20.25, 21.25]
			},
			"faces": {
				"north": {
					"uv": [8.125, 8.5, 8.5, 8.75],
					"texture": "#0"
				},
				"east": {
					"uv": [10.625, 10.8125, 10.75, 11.0625],
					"texture": "#0"
				},
				"south": {
					"uv": [0, 8.5625, 0.375, 8.8125],
					"texture": "#0"
				},
				"west": {
					"uv": [10.8125, 10.8125, 10.9375, 11.0625],
					"texture": "#0"
				},
				"up": {
					"uv": [10.3125, 4.75, 9.9375, 4.625],
					"texture": "#0"
				},
				"down": {
					"uv": [10.3125, 4.8125, 9.9375, 4.9375],
					"texture": "#0"
				}
			}
		},
		{
			"from": [8.00736, 8.5, 6.99264],
			"to": [11.00736, 9.5, 10.99264],
			"rotation": {
				"angle": 0,
				"axis": "y",
				"origin": [-5.75, 20.25, 21.25]
			},
			"faces": {
				"north": {
					"uv": [11.6875, 6.5, 11.875, 6.5625],
					"texture": "#0"
				},
				"east": {
					"uv": [11.3125, 8.5625, 11.5625, 8.625],
					"texture": "#0"
				},
				"south": {
					"uv": [11.6875, 8.375, 11.875, 8.4375],
					"texture": "#0"
				},
				"west": {
					"uv": [11.3125, 8.875, 11.5625, 8.9375],
					"texture": "#0"
				},
				"up": {
					"uv": [5.5625, 10.1875, 5.375, 9.9375],
					"texture": "#0"
				},
				"down": {
					"uv": [5.8125, 9.9375, 5.625, 10.1875],
					"texture": "#0"
				}
			}
		},
		{
			"from": [5.00736, 8.5, 4.99264],
			"to": [8.00736, 9.5, 10.99264],
			"rotation": {
				"angle": 0,
				"axis": "y",
				"origin": [-5.75, 20.25, 21.25]
			},
			"faces": {
				"north": {
					"uv": [11.6875, 9.375, 11.875, 9.4375],
					"texture": "#0"
				},
				"east": {
					"uv": [9.75, 6.25, 10.125, 6.3125],
					"texture": "#0"
				},
				"south": {
					"uv": [11.6875, 9.5, 11.875, 9.5625],
					"texture": "#0"
				},
				"west": {
					"uv": [11.0625, 3.125, 11.4375, 3.1875],
					"texture": "#0"
				},
				"up": {
					"uv": [9.0625, 9.25, 8.875, 8.875],
					"texture": "#0"
				},
				"down": {
					"uv": [2.875, 8.9375, 2.6875, 9.3125],
					"texture": "#0"
				}
			}
		},
		{
			"from": [5.00736, 1.14555, 17.35571],
			"to": [8.00736, 5.39555, 19.60571],
			"rotation": {
				"angle": 45,
				"axis": "x",
				"origin": [-5.75, 20.25, 21.25]
			},
			"faces": {
				"north": {
					"uv": [7.6875, 9.9375, 7.875, 10.1875],
					"texture": "#0"
				},
				"east": {
					"uv": [0, 10.875, 0.125, 11.125],
					"texture": "#0"
				},
				"south": {
					"uv": [7.9375, 9.9375, 8.125, 10.1875],
					"texture": "#0"
				},
				"west": {
					"uv": [10.875, 0, 11, 0.25],
					"texture": "#0"
				},
				"up": {
					"uv": [0.875, 11.25, 0.6875, 11.125],
					"texture": "#0"
				},
				"down": {
					"uv": [11.3125, 0.75, 11.125, 0.875],
					"texture": "#0"
				}
			}
		},
		{
			"from": [5.00736, 9.5, 9.99264],
			"to": [8.00736, 11.5, 10.99264],
			"rotation": {
				"angle": 0,
				"axis": "y",
				"origin": [-5.75, 20.25, 21.25]
			},
			"faces": {
				"north": {
					"uv": [0.9375, 11.125, 1.125, 11.25],
					"texture": "#0"
				},
				"east": {
					"uv": [0.9375, 12.1875, 1, 12.3125],
					"texture": "#0"
				},
				"south": {
					"uv": [1.1875, 11.125, 1.375, 11.25],
					"texture": "#0"
				},
				"west": {
					"uv": [1.0625, 12.1875, 1.125, 12.3125],
					"texture": "#0"
				},
				"up": {
					"uv": [9.75, 11.75, 9.5625, 11.6875],
					"texture": "#0"
				},
				"down": {
					"uv": [11.875, 9.625, 11.6875, 9.6875],
					"texture": "#0"
				}
			}
		},
		{
			"from": [5.00736, 21.31608, 6.80977],
			"to": [8.00736, 22.73008, 7.80977],
			"rotation": {
				"angle": -45,
				"axis": "x",
				"origin": [-5.75, 20.25, 21.25]
			},
			"faces": {
				"north": {
					"uv": [11.6875, 9.75, 11.875, 9.8125],
					"texture": "#0"
				},
				"east": {
					"uv": [12.25, 1, 12.3125, 1.0625],
					"texture": "#0"
				},
				"south": {
					"uv": [11.6875, 10.25, 11.875, 10.3125],
					"texture": "#0"
				},
				"west": {
					"uv": [12.25, 1.125, 12.3125, 1.1875],
					"texture": "#0"
				},
				"up": {
					"uv": [11.9375, 0.5625, 11.75, 0.5],
					"texture": "#0"
				},
				"down": {
					"uv": [11.9375, 0.625, 11.75, 0.6875],
					"texture": "#0"
				}
			}
		},
		{
			"from": [5.00736, 9.5, 7.99264],
			"to": [8.00736, 12.5, 9.99264],
			"rotation": {
				"angle": 0,
				"axis": "y",
				"origin": [-5.75, 20.25, 21.25]
			},
			"faces": {
				"north": {
					"uv": [4.25, 10.625, 4.4375, 10.8125],
					"texture": "#0"
				},
				"east": {
					"uv": [9.125, 11.0625, 9.25, 11.25],
					"texture": "#0"
				},
				"south": {
					"uv": [4.5, 10.625, 4.6875, 10.8125],
					"texture": "#0"
				},
				"west": {
					"uv": [2.6875, 11.125, 2.8125, 11.3125],
					"texture": "#0"
				},
				"up": {
					"uv": [3.4375, 11.25, 3.25, 11.125],
					"texture": "#0"
				},
				"down": {
					"uv": [3.6875, 11.125, 3.5, 11.25],
					"texture": "#0"
				}
			}
		}
	]
}