{
	"textures": {
		"0": "animated_java:blueprint/assembler/assembler",
		"particle": "minecraft:item/pufferfish"
	},
	"display": {
		"head": {
			"rotation": [0, 180, 0]
		}
	},
	"elements": [
		{
			"from": [7, 17.85571, 15.79379],
			"to": [9, 18.68414, 17.79379],
			"rotation": {
				"angle": 45,
				"axis": "x",
				"origin": [25, 23.75, 0]
			},
			"faces": {
				"north": {
					"uv": [12.0625, 7.875, 12.1875, 7.9375],
					"texture": "#0"
				},
				"east": {
					"uv": [12.0625, 8, 12.1875, 8.0625],
					"texture": "#0"
				},
				"south": {
					"uv": [12.0625, 8.125, 12.1875, 8.1875],
					"texture": "#0"
				},
				"west": {
					"uv": [12.0625, 8.25, 12.1875, 8.3125],
					"texture": "#0"
				},
				"up": {
					"uv": [11.375, 7, 11.25, 6.875],
					"texture": "#0"
				},
				"down": {
					"uv": [11.375, 7.0625, 11.25, 7.1875],
					"texture": "#0"
				}
			}
		},
		{
			"from": [7, 7.58579, 7],
			"to": [9, 8.41421, 9],
			"rotation": {
				"angle": 0,
				"axis": "y",
				"origin": [25, 23.75, 0]
			},
			"faces": {
				"north": {
					"uv": [12.0625, 9.3125, 12.1875, 9.375],
					"texture": "#0"
				},
				"east": {
					"uv": [12.0625, 9.4375, 12.1875, 9.5],
					"texture": "#0"
				},
				"south": {
					"uv": [9.5, 12.0625, 9.625, 12.125],
					"texture": "#0"
				},
				"west": {
					"uv": [12.0625, 9.5625, 12.1875, 9.625],
					"texture": "#0"
				},
				"up": {
					"uv": [11.375, 7.375, 11.25, 7.25],
					"texture": "#0"
				},
				"down": {
					"uv": [9, 11.25, 8.875, 11.375],
					"texture": "#0"
				}
			}
		},
		{
			"from": [7, 17.26992, 16.37957],
			"to": [9, 19.26992, 17.208],
			"rotation": {
				"angle": 45,
				"axis": "x",
				"origin": [25, 23.75, 0]
			},
			"faces": {
				"north": {
					"uv": [11.25, 9.125, 11.375, 9.25],
					"texture": "#0"
				},
				"east": {
					"uv": [9.6875, 12.0625, 9.75, 12.1875],
					"texture": "#0"
				},
				"south": {
					"uv": [11.25, 9.3125, 11.375, 9.4375],
					"texture": "#0"
				},
				"west": {
					"uv": [12.0625, 10.0625, 12.125, 10.1875],
					"texture": "#0"
				},
				"up": {
					"uv": [12.1875, 9.75, 12.0625, 9.6875],
					"texture": "#0"
				},
				"down": {
					"uv": [12.1875, 11.625, 12.0625, 11.6875],
					"texture": "#0"
				}
			}
		},
		{
			"from": [7, 7, 7.58579],
			"to": [9, 9, 8.41421],
			"rotation": {
				"angle": 0,
				"axis": "y",
				"origin": [25, 23.75, 0]
			},
			"faces": {
				"north": {
					"uv": [11.25, 10.625, 11.375, 10.75],
					"texture": "#0"
				},
				"east": {
					"uv": [12.0625, 11.75, 12.125, 11.875],
					"texture": "#0"
				},
				"south": {
					"uv": [11.25, 10.8125, 11.375, 10.9375],
					"texture": "#0"
				},
				"west": {
					"uv": [12.0625, 11.9375, 12.125, 12.0625],
					"texture": "#0"
				},
				"up": {
					"uv": [12.25, 0.5625, 12.125, 0.5],
					"texture": "#0"
				},
				"down": {
					"uv": [12.25, 0.625, 12.125, 0.6875],
					"texture": "#0"
				}
			}
		}
	]
}