{
    "model": {
      "type": "minecraft:select",
      "property": "minecraft:custom_model_data",
      "index": 0,
      "cases": [
        {
          "when": "top",
          "model": {
              "type": "minecraft:model",
              "model": "expansion:vehicles/rocket/top"
          }
        },
                {
          "when": "cockpit",
          "model": {
              "type": "minecraft:model",
              "model": "expansion:vehicles/rocket/cockpit"
          }
        },
                {
          "when": "bottom",
          "model": {
              "type": "minecraft:model",
              "model": "expansion:vehicles/rocket/bottom"
          }
        }
      ],
      "fallback": {
        "type": "minecraft:model",
        "model": "expansion:vehicles/rocket/rocket"
      }
    }
  }