{
    "model": {
      "type": "minecraft:select",
      "property": "minecraft:custom_model_data",
      "index": 0,
      "cases": [
        {
          "when": "zwaluw",
          "model": {
            "type": "minecraft:select",
            "property": "minecraft:custom_model_data",
            "index": 1,
            "cases": [
                {
                "when": "landed",
                "model": {
                    "type": "minecraft:model",
                    "model": "expansion:vehicles/spaceship/skins/zwaluw/landed"
                }
                }
            ],
            "fallback": {
                "type": "minecraft:model",
                "model": "expansion:vehicles/spaceship/skins/zwaluw/zwaluw"
            }
          }
        },
        {
          "when": "spaceship",
          "model": {
            "type": "minecraft:select",
            "property": "minecraft:custom_model_data",
            "index": 1,
            "cases": [
                {
                "when": "landed",
                "model": {
                    "type": "minecraft:model",
                    "model": "expansion:vehicles/spaceship/spaceship_landed"
                }
                }
            ],
            "fallback": {
                "type": "minecraft:model",
                "model": "expansion:vehicles/spaceship/spaceship"
            }
          }
        }
      ],
      "fallback": {
        "type": "minecraft:model",
        "model": "expansion:vehicles/spaceship/spaceship"
      }
    }
  }