{
	"textures": {
		"1": "animated_java:item/mech_torso/mech"
	},
	"display": {
		"head": {
			"rotation": [0, 180, 0]
		}
	},
	"elements": [
		{
			"from": [7.5, 5, 5],
			"to": [9.5, 8.5, 11],
			"rotation": {
				"angle": 0,
				"axis": "y",
				"origin": [8.5, 8, 8]
			},
			"faces": {
				"north": {
					"uv": [9.8125, 9.0625, 9.9375, 9.28125],
					"texture": "#1"
				},
				"east": {
					"uv": [8.8125, 5.625, 9.1875, 5.84375],
					"texture": "#1"
				},
				"south": {
					"uv": [9.8125, 9.375, 9.9375, 9.59375],
					"texture": "#1"
				},
				"west": {
					"uv": [8.8125, 5.9375, 9.1875, 6.15625],
					"texture": "#1"
				},
				"up": {
					"uv": [9.5625, 2.9375, 9.4375, 2.5625],
					"texture": "#1"
				},
				"down": {
					"uv": [9.5625, 3.375, 9.4375, 3.75],
					"texture": "#1"
				}
			}
		},
		{
			"from": [9.5, 6.5, 5],
			"to": [10.5, 8.5, 9],
			"rotation": {
				"angle": 0,
				"axis": "y",
				"origin": [10, 8.5, 8.5]
			},
			"faces": {
				"north": {
					"uv": [4.6875, 10.0625, 4.75, 10.1875],
					"texture": "#1"
				},
				"east": {
					"uv": [9.625, 2.8125, 9.875, 2.9375],
					"texture": "#1"
				},
				"south": {
					"uv": [6.9375, 10.0625, 7, 10.1875],
					"texture": "#1"
				},
				"west": {
					"uv": [9.625, 4.375, 9.875, 4.5],
					"texture": "#1"
				},
				"up": {
					"uv": [3, 6.25, 2.9375, 6],
					"texture": "#1"
				},
				"down": {
					"uv": [2.25, 6.5625, 2.1875, 6.8125],
					"texture": "#1"
				}
			}
		},
		{
			"from": [7.65328, 2.2294, 7],
			"to": [8.65328, 5.2294, 9],
			"rotation": {
				"angle": 22.5,
				"axis": "z",
				"origin": [8.15328, 4.7294, 8]
			},
			"faces": {
				"north": {
					"uv": [5.0625, 6.4375, 5.125, 6.625],
					"texture": "#1"
				},
				"east": {
					"uv": [9.8125, 9.6875, 9.9375, 9.875],
					"texture": "#1"
				},
				"south": {
					"uv": [1, 8.0625, 1.0625, 8.25],
					"texture": "#1"
				},
				"west": {
					"uv": [9.875, 0, 10, 0.1875],
					"texture": "#1"
				},
				"up": {
					"uv": [6.125, 3.4375, 6.0625, 3.3125],
					"texture": "#1"
				},
				"down": {
					"uv": [7.875, 7.4375, 7.8125, 7.5625],
					"texture": "#1"
				}
			}
		},
		{
			"from": [8.64805, 2.22836, 7],
			"to": [11.64805, 3.22836, 9],
			"rotation": {
				"angle": 0,
				"axis": "y",
				"origin": [8.64805, 2.22836, 8]
			},
			"faces": {
				"north": {
					"uv": [2.5, 4, 2.6875, 4.0625],
					"texture": "#1"
				},
				"east": {
					"uv": [2.3125, 5.875, 2.4375, 5.9375],
					"texture": "#1"
				},
				"south": {
					"uv": [3.3125, 6.75, 3.5, 6.8125],
					"texture": "#1"
				},
				"west": {
					"uv": [5.875, 2.625, 6, 2.6875],
					"texture": "#1"
				},
				"up": {
					"uv": [7.6875, 2.4375, 7.5, 2.3125],
					"texture": "#1"
				},
				"down": {
					"uv": [8.75, 7.875, 8.5625, 8],
					"texture": "#1"
				}
			}
		},
		{
			"from": [9.5, 6.5, 5],
			"to": [11.5, 7.5, 7],
			"rotation": {
				"angle": -22.5,
				"axis": "z",
				"origin": [10, 7, 6]
			},
			"faces": {
				"north": {
					"uv": [8.625, 10.0625, 8.6875, 10.1875],
					"rotation": 90,
					"texture": "#1"
				},
				"east": {
					"uv": [9.375, 10.0625, 9.3125, 10.1875],
					"rotation": 270,
					"texture": "#1"
				},
				"south": {
					"uv": [8.75, 10.0625, 8.8125, 10.1875],
					"rotation": 270,
					"texture": "#1"
				},
				"west": {
					"uv": [8.9375, 10.1875, 8.875, 10.0625],
					"rotation": 270,
					"texture": "#1"
				},
				"up": {
					"uv": [9.9375, 4.5625, 10.0625, 4.6875],
					"rotation": 270,
					"texture": "#1"
				},
				"down": {
					"uv": [9.9375, 4.75, 10.0625, 4.875],
					"rotation": 270,
					"texture": "#1"
				}
			}
		},
		{
			"from": [10.57716, 3.88791, 5],
			"to": [11.57716, 6.88791, 7],
			"rotation": {
				"angle": 0,
				"axis": "y",
				"origin": [11.74011, 7.48294, 5]
			},
			"faces": {
				"north": {
					"uv": [8.1875, 3.125, 8.25, 3.3125],
					"texture": "#1"
				},
				"east": {
					"uv": [9.875, 0.25, 10, 0.4375],
					"texture": "#1"
				},
				"south": {
					"uv": [7.0625, 8.375, 7.125, 8.5625],
					"texture": "#1"
				},
				"west": {
					"uv": [9.875, 0.8125, 10, 1],
					"texture": "#1"
				},
				"up": {
					"uv": [8.4375, 10.1875, 8.375, 10.0625],
					"texture": "#1"
				},
				"down": {
					"uv": [10.125, 8.5, 10.0625, 8.625],
					"texture": "#1"
				}
			}
		},
		{
			"from": [7.65328, 2.2294, 9],
			"to": [8.65328, 5.2294, 11],
			"rotation": {
				"angle": 22.5,
				"axis": "z",
				"origin": [8.15328, 4.7294, 10]
			},
			"faces": {
				"north": {
					"uv": [3.875, 10, 3.9375, 10.1875],
					"texture": "#1"
				},
				"east": {
					"uv": [9.875, 1.75, 10, 1.9375],
					"texture": "#1"
				},
				"south": {
					"uv": [7.8125, 10, 7.875, 10.1875],
					"texture": "#1"
				},
				"west": {
					"uv": [9.875, 2, 10, 2.1875],
					"texture": "#1"
				},
				"up": {
					"uv": [0.1875, 10.25, 0.125, 10.125],
					"texture": "#1"
				},
				"down": {
					"uv": [0.3125, 10.125, 0.25, 10.25],
					"texture": "#1"
				}
			}
		},
		{
			"from": [8.64805, 2.22836, 9],
			"to": [11.64805, 3.22836, 11],
			"rotation": {
				"angle": 0,
				"axis": "y",
				"origin": [8.64805, 2.22836, 10]
			},
			"faces": {
				"north": {
					"uv": [8.5625, 6.75, 8.75, 6.8125],
					"texture": "#1"
				},
				"east": {
					"uv": [7.3125, 0.5, 7.4375, 0.5625],
					"texture": "#1"
				},
				"south": {
					"uv": [8.8125, 8.5, 9, 8.5625],
					"texture": "#1"
				},
				"west": {
					"uv": [4.4375, 7.875, 4.5625, 7.9375],
					"texture": "#1"
				},
				"up": {
					"uv": [10.0625, 2.375, 9.875, 2.25],
					"texture": "#1"
				},
				"down": {
					"uv": [10.0625, 2.4375, 9.875, 2.5625],
					"texture": "#1"
				}
			}
		},
		{
			"from": [7.65328, 2.2294, 5],
			"to": [8.65328, 5.2294, 7],
			"rotation": {
				"angle": 22.5,
				"axis": "z",
				"origin": [8.15328, 4.7294, 6]
			},
			"faces": {
				"north": {
					"uv": [8.5, 4.4375, 8.5625, 4.625],
					"texture": "#1"
				},
				"east": {
					"uv": [9.875, 1.0625, 10, 1.25],
					"texture": "#1"
				},
				"south": {
					"uv": [9.375, 0, 9.4375, 0.1875],
					"texture": "#1"
				},
				"west": {
					"uv": [9.875, 1.3125, 10, 1.5],
					"texture": "#1"
				},
				"up": {
					"uv": [9.5, 10.1875, 9.4375, 10.0625],
					"texture": "#1"
				},
				"down": {
					"uv": [10.0625, 10.0625, 10, 10.1875],
					"texture": "#1"
				}
			}
		},
		{
			"from": [8.64805, 2.22836, 5],
			"to": [11.64805, 3.22836, 7],
			"rotation": {
				"angle": 0,
				"axis": "y",
				"origin": [8.64805, 2.22836, 6]
			},
			"faces": {
				"north": {
					"uv": [1.75, 7.625, 1.9375, 7.6875],
					"texture": "#1"
				},
				"east": {
					"uv": [5.8125, 6.5625, 5.9375, 6.625],
					"texture": "#1"
				},
				"south": {
					"uv": [8.3125, 6.3125, 8.5, 6.375],
					"texture": "#1"
				},
				"west": {
					"uv": [7.0625, 2.5, 7.1875, 2.5625],
					"texture": "#1"
				},
				"up": {
					"uv": [10.0625, 0.625, 9.875, 0.5],
					"texture": "#1"
				},
				"down": {
					"uv": [10.0625, 1.5625, 9.875, 1.6875],
					"texture": "#1"
				}
			}
		},
		{
			"from": [9.5, 6.5, 9],
			"to": [10.5, 8.5, 11],
			"rotation": {
				"angle": 0,
				"axis": "y",
				"origin": [10, 8.5, 8.5]
			},
			"faces": {
				"north": {
					"uv": [7.0625, 10.0625, 7.125, 10.1875],
					"texture": "#1"
				},
				"east": {
					"uv": [9.25, 2.125, 9.375, 2.25],
					"texture": "#1"
				},
				"south": {
					"uv": [7.375, 10.0625, 7.4375, 10.1875],
					"texture": "#1"
				},
				"west": {
					"uv": [3.125, 9.9375, 3.25, 10.0625],
					"texture": "#1"
				},
				"up": {
					"uv": [7.5625, 10.1875, 7.5, 10.0625],
					"texture": "#1"
				},
				"down": {
					"uv": [8.3125, 10.0625, 8.25, 10.1875],
					"texture": "#1"
				}
			}
		}
	]
}