{
	"texture_size": [64, 64],
	"textures": {
		"1": "expansion:tools/cryoblaster"
	},
	"elements": [
		{
			"from": [7, 8, -1.25],
			"to": [9, 10, 0],
			"rotation": {"angle": 0, "axis": "y", "origin": [15, 16, 6]},
			"faces": {
				"north": {"uv": [6.5, 3.5, 7, 4], "texture": "#1"},
				"east": {"uv": [7.5, 0, 7.875, 0.5], "texture": "#1"},
				"south": {"uv": [6.5, 4, 7, 4.5], "texture": "#1"},
				"west": {"uv": [7.5, 0.5, 7.875, 1], "texture": "#1"},
				"up": {"uv": [8, 1.375, 7.5, 1], "texture": "#1"},
				"down": {"uv": [8, 2.25, 7.5, 2.625], "texture": "#1"}
			}
		},
		{
			"from": [6.5, 7.5, 9],
			"to": [9.5, 10.5, 16.25],
			"rotation": {"angle": 0, "axis": "y", "origin": [15, 16, 16.25]},
			"faces": {
				"north": {"uv": [0, 3.5, 0.75, 4.25], "texture": "#1"},
				"east": {"uv": [0, 0, 1.875, 0.75], "texture": "#1"},
				"south": {"uv": [0.75, 3.5, 1.5, 4.25], "texture": "#1"},
				"west": {"uv": [0, 0.75, 1.875, 1.5], "texture": "#1"},
				"up": {"uv": [0.75, 3.375, 0, 1.5], "texture": "#1"},
				"down": {"uv": [1.5, 1.5, 0.75, 3.375], "texture": "#1"}
			}
		},
		{
			"from": [6.25, 10.25, 8.75],
			"to": [6.75, 10.75, 16.5],
			"rotation": {"angle": 0, "axis": "y", "origin": [13.5, 17.5, 16.25]},
			"faces": {
				"north": {"uv": [9.25, 6.5, 9.375, 6.625], "texture": "#1"},
				"east": {"uv": [6.25, 4.75, 8.25, 4.875], "texture": "#1"},
				"south": {"uv": [6.75, 9.25, 6.875, 9.375], "texture": "#1"},
				"west": {"uv": [6.5, 4.5, 8.5, 4.625], "texture": "#1"},
				"up": {"uv": [2.625, 8.5, 2.5, 6.5], "texture": "#1"},
				"down": {"uv": [5.375, 6.5, 5.25, 8.5], "texture": "#1"}
			}
		},
		{
			"from": [9.25, 10.25, 8.75],
			"to": [9.75, 10.75, 16.5],
			"rotation": {"angle": 0, "axis": "y", "origin": [16.5, 17.5, 16.25]},
			"faces": {
				"north": {"uv": [9.25, 6.75, 9.375, 6.875], "texture": "#1"},
				"east": {"uv": [5.5, 6.5, 7.5, 6.625], "texture": "#1"},
				"south": {"uv": [7, 9.25, 7.125, 9.375], "texture": "#1"},
				"west": {"uv": [6.75, 5, 8.75, 5.125], "texture": "#1"},
				"up": {"uv": [1.125, 8.75, 1, 6.75], "texture": "#1"},
				"down": {"uv": [1.375, 6.75, 1.25, 8.75], "texture": "#1"}
			}
		},
		{
			"from": [6.75, 10.25, 8.75],
			"to": [9.25, 10.75, 9.25],
			"rotation": {"angle": 0, "axis": "y", "origin": [14, 17.5, 16.25]},
			"faces": {
				"north": {"uv": [8.5, 2.5, 9.125, 2.625], "texture": "#1"},
				"east": {"uv": [9.25, 7, 9.375, 7.125], "texture": "#1"},
				"south": {"uv": [3, 8.5, 3.625, 8.625], "texture": "#1"},
				"west": {"uv": [7.25, 9.25, 7.375, 9.375], "texture": "#1"},
				"up": {"uv": [4.625, 8.625, 4, 8.5], "texture": "#1"},
				"down": {"uv": [9.125, 4.5, 8.5, 4.625], "texture": "#1"}
			}
		},
		{
			"from": [6.75, 7.25, 8.75],
			"to": [9.25, 7.75, 9.25],
			"rotation": {"angle": 0, "axis": "y", "origin": [14, 14.5, 16.25]},
			"faces": {
				"north": {"uv": [8.5, 7.25, 9.125, 7.375], "texture": "#1"},
				"east": {"uv": [9.25, 7.25, 9.375, 7.375], "texture": "#1"},
				"south": {"uv": [8.5, 7.5, 9.125, 7.625], "texture": "#1"},
				"west": {"uv": [7.5, 9.25, 7.625, 9.375], "texture": "#1"},
				"up": {"uv": [9.125, 7.875, 8.5, 7.75], "texture": "#1"},
				"down": {"uv": [9.125, 8, 8.5, 8.125], "texture": "#1"}
			}
		},
		{
			"from": [6.75, 7.25, 16],
			"to": [9.25, 7.75, 16.5],
			"rotation": {"angle": 0, "axis": "y", "origin": [14, 14.5, 23.5]},
			"faces": {
				"north": {"uv": [8.5, 8.25, 9.125, 8.375], "texture": "#1"},
				"east": {"uv": [9.25, 7.5, 9.375, 7.625], "texture": "#1"},
				"south": {"uv": [8.5, 8.5, 9.125, 8.625], "texture": "#1"},
				"west": {"uv": [7.75, 9.25, 7.875, 9.375], "texture": "#1"},
				"up": {"uv": [0.625, 8.875, 0, 8.75], "texture": "#1"},
				"down": {"uv": [9.375, 0, 8.75, 0.125], "texture": "#1"}
			}
		},
		{
			"from": [6.75, 10.25, 16],
			"to": [9.25, 10.75, 16.5],
			"rotation": {"angle": 0, "axis": "y", "origin": [14, 17.5, 23.5]},
			"faces": {
				"north": {"uv": [8.75, 0.25, 9.375, 0.375], "texture": "#1"},
				"east": {"uv": [9.25, 7.75, 9.375, 7.875], "texture": "#1"},
				"south": {"uv": [8.75, 0.5, 9.375, 0.625], "texture": "#1"},
				"west": {"uv": [8, 9.25, 8.125, 9.375], "texture": "#1"},
				"up": {"uv": [1.625, 8.875, 1, 8.75], "texture": "#1"},
				"down": {"uv": [9.375, 1, 8.75, 1.125], "texture": "#1"}
			}
		},
		{
			"from": [6.25, 7.75, 8.75],
			"to": [6.75, 10.25, 9.25],
			"rotation": {"angle": 0, "axis": "z", "origin": [6.5, 9, 9]},
			"faces": {
				"north": {"uv": [4.75, 8.5, 4.875, 9.125], "texture": "#1"},
				"east": {"uv": [5.25, 8.5, 5.375, 9.125], "texture": "#1"},
				"south": {"uv": [7.5, 8.5, 7.625, 9.125], "texture": "#1"},
				"west": {"uv": [7.75, 8.5, 7.875, 9.125], "texture": "#1"},
				"up": {"uv": [9.375, 8.125, 9.25, 8], "texture": "#1"},
				"down": {"uv": [9.375, 8.25, 9.25, 8.375], "texture": "#1"}
			}
		},
		{
			"from": [9.25, 7.75, 8.75],
			"to": [9.75, 10.25, 9.25],
			"rotation": {"angle": 0, "axis": "z", "origin": [9.5, 9, 9]},
			"faces": {
				"north": {"uv": [1.75, 8.75, 1.875, 9.375], "texture": "#1"},
				"east": {"uv": [2, 8.75, 2.125, 9.375], "texture": "#1"},
				"south": {"uv": [2.25, 8.75, 2.375, 9.375], "texture": "#1"},
				"west": {"uv": [2.75, 8.75, 2.875, 9.375], "texture": "#1"},
				"up": {"uv": [9.375, 8.625, 9.25, 8.5], "texture": "#1"},
				"down": {"uv": [9.125, 9.25, 9, 9.375], "texture": "#1"}
			}
		},
		{
			"from": [6.25, 7.75, 16],
			"to": [6.75, 10.25, 16.5],
			"rotation": {"angle": 0, "axis": "z", "origin": [6.5, 9, 16.25]},
			"faces": {
				"north": {"uv": [3, 8.75, 3.125, 9.375], "texture": "#1"},
				"east": {"uv": [3.25, 8.75, 3.375, 9.375], "texture": "#1"},
				"south": {"uv": [3.5, 8.75, 3.625, 9.375], "texture": "#1"},
				"west": {"uv": [4, 8.75, 4.125, 9.375], "texture": "#1"},
				"up": {"uv": [9.375, 9.375, 9.25, 9.25], "texture": "#1"},
				"down": {"uv": [9.625, 0, 9.5, 0.125], "texture": "#1"}
			}
		},
		{
			"from": [9.25, 7.75, 16],
			"to": [9.75, 10.25, 16.5],
			"rotation": {"angle": 0, "axis": "z", "origin": [9.5, 9, 16.25]},
			"faces": {
				"north": {"uv": [4.25, 8.75, 4.375, 9.375], "texture": "#1"},
				"east": {"uv": [4.5, 8.75, 4.625, 9.375], "texture": "#1"},
				"south": {"uv": [8.75, 5, 8.875, 5.625], "texture": "#1"},
				"west": {"uv": [8.75, 5.75, 8.875, 6.375], "texture": "#1"},
				"up": {"uv": [9.625, 0.375, 9.5, 0.25], "texture": "#1"},
				"down": {"uv": [9.625, 0.5, 9.5, 0.625], "texture": "#1"}
			}
		},
		{
			"from": [6.25, 7.25, 8.75],
			"to": [6.75, 7.75, 16.5],
			"rotation": {"angle": 0, "axis": "y", "origin": [13.5, 14.5, 16.25]},
			"faces": {
				"north": {"uv": [0.75, 9.5, 0.875, 9.625], "texture": "#1"},
				"east": {"uv": [6.75, 5.25, 8.75, 5.375], "texture": "#1"},
				"south": {"uv": [9.5, 1, 9.625, 1.125], "texture": "#1"},
				"west": {"uv": [5.5, 6.75, 7.5, 6.875], "texture": "#1"},
				"up": {"uv": [1.625, 8.75, 1.5, 6.75], "texture": "#1"},
				"down": {"uv": [1.875, 6.75, 1.75, 8.75], "texture": "#1"}
			}
		},
		{
			"from": [9.25, 7.25, 8.75],
			"to": [9.75, 7.75, 16.5],
			"rotation": {"angle": 0, "axis": "y", "origin": [16.5, 14.5, 16.25]},
			"faces": {
				"north": {"uv": [1.75, 9.5, 1.875, 9.625], "texture": "#1"},
				"east": {"uv": [6.75, 5.5, 8.75, 5.625], "texture": "#1"},
				"south": {"uv": [2, 9.5, 2.125, 9.625], "texture": "#1"},
				"west": {"uv": [6.75, 5.75, 8.75, 5.875], "texture": "#1"},
				"up": {"uv": [2.125, 8.75, 2, 6.75], "texture": "#1"},
				"down": {"uv": [2.125, 6.75, 2, 8.75], "texture": "#1"}
			}
		},
		{
			"from": [7.5, 11.30866, 10.96194],
			"to": [8.5, 12.30866, 15.21194],
			"rotation": {"angle": 45, "axis": "x", "origin": [8, 11.80866, 12.08694]},
			"faces": {
				"north": {"uv": [7.25, 3.25, 7.5, 3.5], "texture": "#1"},
				"east": {"uv": [0, 4.25, 1.125, 4.5], "texture": "#1"},
				"south": {"uv": [8.75, 1.25, 9, 1.5], "texture": "#1"},
				"west": {"uv": [0, 4.5, 1.125, 4.75], "texture": "#1"},
				"up": {"uv": [2.75, 6.375, 2.5, 5.25], "texture": "#1"},
				"down": {"uv": [6.5, 3.5, 6.25, 4.625], "texture": "#1"}
			}
		},
		{
			"from": [7.5, 11.95771, 8.395],
			"to": [8.5, 12.95771, 11.645],
			"rotation": {"angle": 0, "axis": "x", "origin": [8, 12.45771, 9.52]},
			"faces": {
				"north": {"uv": [8.75, 2, 9, 2.25], "texture": "#1"},
				"east": {"uv": [7.25, 1.75, 8.125, 2], "texture": "#1"},
				"south": {"uv": [8.75, 2.25, 9, 2.5], "texture": "#1"},
				"west": {"uv": [7.25, 2, 8.125, 2.25], "texture": "#1"},
				"up": {"uv": [7.5, 3.125, 7.25, 2.25], "texture": "#1"},
				"down": {"uv": [7.5, 7.25, 7.25, 8.125], "texture": "#1"}
			}
		},
		{
			"from": [9.59738, 8.75, -3.25],
			"to": [10.09738, 9.25, -0.25],
			"rotation": {"angle": -22.5, "axis": "y", "origin": [9.84738, 9, -3.56891]},
			"faces": {
				"north": {"uv": [2.25, 9.5, 2.375, 9.625], "texture": "#1"},
				"east": {"uv": [8.25, 2.75, 9, 2.875], "texture": "#1"},
				"south": {"uv": [2.75, 9.5, 2.875, 9.625], "texture": "#1"},
				"west": {"uv": [3, 8.25, 3.75, 8.375], "texture": "#1"},
				"up": {"uv": [3.875, 9, 3.75, 8.25], "texture": "#1"},
				"down": {"uv": [5.125, 8.25, 5, 9], "texture": "#1"}
			}
		},
		{
			"from": [5.90262, 8.75, -3.25],
			"to": [6.40262, 9.25, -0.25],
			"rotation": {"angle": 22.5, "axis": "y", "origin": [6.15262, 9, -3.56891]},
			"faces": {
				"north": {"uv": [3, 9.5, 3.125, 9.625], "texture": "#1"},
				"east": {"uv": [8.25, 3, 9, 3.125], "texture": "#1"},
				"south": {"uv": [3.25, 9.5, 3.375, 9.625], "texture": "#1"},
				"west": {"uv": [8.25, 3.25, 9, 3.375], "texture": "#1"},
				"up": {"uv": [7.375, 9, 7.25, 8.25], "texture": "#1"},
				"down": {"uv": [8.375, 7.25, 8.25, 8], "texture": "#1"}
			}
		},
		{
			"from": [9.284, 8.75, -4.04487],
			"to": [9.784, 9.25, -3.04487],
			"rotation": {"angle": 22.5, "axis": "y", "origin": [9.534, 9, -3.54487]},
			"faces": {
				"north": {"uv": [3.5, 9.5, 3.625, 9.625], "texture": "#1"},
				"east": {"uv": [0.75, 9.25, 1, 9.375], "texture": "#1"},
				"south": {"uv": [4, 9.5, 4.125, 9.625], "texture": "#1"},
				"west": {"uv": [9.25, 4.5, 9.5, 4.625], "texture": "#1"},
				"up": {"uv": [4.875, 9.5, 4.75, 9.25], "texture": "#1"},
				"down": {"uv": [9.375, 4.75, 9.25, 5], "texture": "#1"}
			}
		},
		{
			"from": [6.216, 8.75, -4.04487],
			"to": [6.716, 9.25, -3.04487],
			"rotation": {"angle": -22.5, "axis": "y", "origin": [6.466, 9, -3.54487]},
			"faces": {
				"north": {"uv": [4.25, 9.5, 4.375, 9.625], "texture": "#1"},
				"east": {"uv": [9.25, 5, 9.5, 5.125], "texture": "#1"},
				"south": {"uv": [4.5, 9.5, 4.625, 9.625], "texture": "#1"},
				"west": {"uv": [5.25, 9.25, 5.5, 9.375], "texture": "#1"},
				"up": {"uv": [9.375, 5.5, 9.25, 5.25], "texture": "#1"},
				"down": {"uv": [5.625, 9.25, 5.5, 9.5], "texture": "#1"}
			}
		},
		{
			"from": [7.75, 11, -3.75],
			"to": [8.25, 11.5, -0.75],
			"rotation": {"angle": 22.5, "axis": "x", "origin": [8, 10.75592, -4.59281]},
			"faces": {
				"north": {"uv": [9.5, 4.5, 9.625, 4.625], "texture": "#1"},
				"east": {"uv": [8.25, 4.75, 9, 4.875], "texture": "#1"},
				"south": {"uv": [4.75, 9.5, 4.875, 9.625], "texture": "#1"},
				"west": {"uv": [8.25, 6.5, 9, 6.625], "texture": "#1"},
				"up": {"uv": [8.125, 9, 8, 8.25], "texture": "#1"},
				"down": {"uv": [8.375, 8, 8.25, 8.75], "texture": "#1"}
			}
		},
		{
			"from": [7.75, 6.5, -3.75],
			"to": [8.25, 7, -0.75],
			"rotation": {"angle": -22.5, "axis": "x", "origin": [8, 7.24408, -4.59281]},
			"faces": {
				"north": {"uv": [9.5, 4.75, 9.625, 4.875], "texture": "#1"},
				"east": {"uv": [8.25, 6.75, 9, 6.875], "texture": "#1"},
				"south": {"uv": [9.5, 5, 9.625, 5.125], "texture": "#1"},
				"west": {"uv": [0, 8.5, 0.75, 8.625], "texture": "#1"},
				"up": {"uv": [8.625, 0.75, 8.5, 0], "texture": "#1"},
				"down": {"uv": [0.875, 8.5, 0.75, 9.25], "texture": "#1"}
			}
		},
		{
			"from": [7.75, 10.86324, -4.10712],
			"to": [8.25, 11.36324, -3.10712],
			"rotation": {"angle": -22.5, "axis": "x", "origin": [8, 10.18054, -2.70894]},
			"faces": {
				"north": {"uv": [5.25, 9.5, 5.375, 9.625], "texture": "#1"},
				"east": {"uv": [9.25, 5.5, 9.5, 5.625], "texture": "#1"},
				"south": {"uv": [9.5, 5.25, 9.625, 5.375], "texture": "#1"},
				"west": {"uv": [5.75, 9.25, 6, 9.375], "texture": "#1"},
				"up": {"uv": [9.375, 6, 9.25, 5.75], "texture": "#1"},
				"down": {"uv": [6.125, 9.25, 6, 9.5], "texture": "#1"}
			}
		},
		{
			"from": [7.75, 6.63676, -4.10712],
			"to": [8.25, 7.13676, -3.10712],
			"rotation": {"angle": 22.5, "axis": "x", "origin": [8, 7.81946, -2.70894]},
			"faces": {
				"north": {"uv": [5.5, 9.5, 5.625, 9.625], "texture": "#1"},
				"east": {"uv": [9.25, 6, 9.5, 6.125], "texture": "#1"},
				"south": {"uv": [9.5, 5.5, 9.625, 5.625], "texture": "#1"},
				"west": {"uv": [6.25, 9.25, 6.5, 9.375], "texture": "#1"},
				"up": {"uv": [9.375, 6.5, 9.25, 6.25], "texture": "#1"},
				"down": {"uv": [6.625, 9.25, 6.5, 9.5], "texture": "#1"}
			}
		},
		{
			"from": [7.75, 9.75, -1],
			"to": [8.25, 10.25, 6.5],
			"rotation": {"angle": 0, "axis": "y", "origin": [15.5, 17.25, 6.5]},
			"faces": {
				"north": {"uv": [5.75, 9.5, 5.875, 9.625], "texture": "#1"},
				"east": {"uv": [6.75, 6, 8.625, 6.125], "texture": "#1"},
				"south": {"uv": [9.5, 5.75, 9.625, 5.875], "texture": "#1"},
				"west": {"uv": [6.75, 6.25, 8.625, 6.375], "texture": "#1"},
				"up": {"uv": [7.125, 3.375, 7, 1.5], "texture": "#1"},
				"down": {"uv": [5.625, 7, 5.5, 8.875], "texture": "#1"}
			}
		},
		{
			"from": [7.75, 7.75, -1],
			"to": [8.25, 8.25, 6.5],
			"rotation": {"angle": 0, "axis": "y", "origin": [15.5, 15.25, 6.5]},
			"faces": {
				"north": {"uv": [6, 9.5, 6.125, 9.625], "texture": "#1"},
				"east": {"uv": [7, 3.5, 8.875, 3.625], "texture": "#1"},
				"south": {"uv": [9.5, 6, 9.625, 6.125], "texture": "#1"},
				"west": {"uv": [7, 3.75, 8.875, 3.875], "texture": "#1"},
				"up": {"uv": [5.875, 8.875, 5.75, 7], "texture": "#1"},
				"down": {"uv": [6.125, 7, 6, 8.875], "texture": "#1"}
			}
		},
		{
			"from": [7.5, 8.5, -2],
			"to": [8.5, 9.5, 9],
			"rotation": {"angle": 0, "axis": "y", "origin": [15.5, 16.25, 6.5]},
			"faces": {
				"north": {"uv": [8.75, 7, 9, 7.25], "texture": "#1"},
				"east": {"uv": [4.75, 0, 7.5, 0.25], "texture": "#1"},
				"south": {"uv": [9, 0.75, 9.25, 1], "texture": "#1"},
				"west": {"uv": [4.75, 0.25, 7.5, 0.5], "texture": "#1"},
				"up": {"uv": [3, 7.5, 2.75, 4.75], "texture": "#1"},
				"down": {"uv": [3.25, 4.75, 3, 7.5], "texture": "#1"}
			}
		},
		{
			"from": [6.75, 8.75, -1],
			"to": [7.25, 9.25, 6.5],
			"rotation": {"angle": 0, "axis": "y", "origin": [14.5, 16.25, 6.5]},
			"faces": {
				"north": {"uv": [6.25, 9.5, 6.375, 9.625], "texture": "#1"},
				"east": {"uv": [7, 4, 8.875, 4.125], "texture": "#1"},
				"south": {"uv": [9.5, 6.25, 9.625, 6.375], "texture": "#1"},
				"west": {"uv": [7, 4.25, 8.875, 4.375], "texture": "#1"},
				"up": {"uv": [6.375, 8.875, 6.25, 7], "texture": "#1"},
				"down": {"uv": [6.625, 7, 6.5, 8.875], "texture": "#1"}
			}
		},
		{
			"from": [6.75, 7.75, 2.5],
			"to": [7.25, 10.25, 3],
			"rotation": {"angle": 0, "axis": "y", "origin": [14.5, 16.25, 10.5]},
			"faces": {
				"north": {"uv": [8.25, 8.75, 8.375, 9.375], "texture": "#1"},
				"east": {"uv": [8.5, 8.75, 8.625, 9.375], "texture": "#1"},
				"south": {"uv": [8.75, 8.75, 8.875, 9.375], "texture": "#1"},
				"west": {"uv": [0, 9, 0.125, 9.625], "texture": "#1"},
				"up": {"uv": [6.625, 9.625, 6.5, 9.5], "texture": "#1"},
				"down": {"uv": [9.625, 6.5, 9.5, 6.625], "texture": "#1"}
			}
		},
		{
			"from": [6.75, 7.75, -1.5],
			"to": [7.25, 10.25, -1],
			"rotation": {"angle": 0, "axis": "y", "origin": [14.5, 16.25, 6.5]},
			"faces": {
				"north": {"uv": [0.25, 9, 0.375, 9.625], "texture": "#1"},
				"east": {"uv": [0.5, 9, 0.625, 9.625], "texture": "#1"},
				"south": {"uv": [1, 9, 1.125, 9.625], "texture": "#1"},
				"west": {"uv": [1.25, 9, 1.375, 9.625], "texture": "#1"},
				"up": {"uv": [6.875, 9.625, 6.75, 9.5], "texture": "#1"},
				"down": {"uv": [9.625, 6.75, 9.5, 6.875], "texture": "#1"}
			}
		},
		{
			"from": [8.75, 7.75, 2.5],
			"to": [9.25, 10.25, 3],
			"rotation": {"angle": 0, "axis": "y", "origin": [16.5, 16.25, 10.5]},
			"faces": {
				"north": {"uv": [1.5, 9, 1.625, 9.625], "texture": "#1"},
				"east": {"uv": [9, 1.75, 9.125, 2.375], "texture": "#1"},
				"south": {"uv": [2.5, 9, 2.625, 9.625], "texture": "#1"},
				"west": {"uv": [9, 2.75, 9.125, 3.375], "texture": "#1"},
				"up": {"uv": [7.125, 9.625, 7, 9.5], "texture": "#1"},
				"down": {"uv": [9.625, 7, 9.5, 7.125], "texture": "#1"}
			}
		},
		{
			"from": [6.75, 7.75, 6.5],
			"to": [9.25, 10.25, 9],
			"rotation": {"angle": 0, "axis": "y", "origin": [16.5, 16.25, 14.5]},
			"faces": {
				"north": {"uv": [1, 6, 1.625, 6.625], "texture": "#1"},
				"east": {"uv": [1.75, 6, 2.375, 6.625], "texture": "#1"},
				"south": {"uv": [6, 5, 6.625, 5.625], "texture": "#1"},
				"west": {"uv": [6, 5.75, 6.625, 6.375], "texture": "#1"},
				"up": {"uv": [6.875, 2.625, 6.25, 2], "texture": "#1"},
				"down": {"uv": [6.875, 2.75, 6.25, 3.375], "texture": "#1"}
			}
		},
		{
			"from": [8.75, 7.75, -1.5],
			"to": [9.25, 10.25, -1],
			"rotation": {"angle": 0, "axis": "y", "origin": [16.5, 16.25, 6.5]},
			"faces": {
				"north": {"uv": [9, 3.5, 9.125, 4.125], "texture": "#1"},
				"east": {"uv": [3.75, 9, 3.875, 9.625], "texture": "#1"},
				"south": {"uv": [9, 4.75, 9.125, 5.375], "texture": "#1"},
				"west": {"uv": [5, 9, 5.125, 9.625], "texture": "#1"},
				"up": {"uv": [7.375, 9.625, 7.25, 9.5], "texture": "#1"},
				"down": {"uv": [9.625, 7.25, 9.5, 7.375], "texture": "#1"}
			}
		},
		{
			"from": [7.25, 9.75, 2.5],
			"to": [8.75, 10.25, 3],
			"rotation": {"angle": 0, "axis": "z", "origin": [8, 10, 2.75]},
			"faces": {
				"north": {"uv": [9, 8.75, 9.375, 8.875], "texture": "#1"},
				"east": {"uv": [7.5, 9.5, 7.625, 9.625], "texture": "#1"},
				"south": {"uv": [9, 9, 9.375, 9.125], "texture": "#1"},
				"west": {"uv": [9.5, 7.5, 9.625, 7.625], "texture": "#1"},
				"up": {"uv": [9.625, 0.875, 9.25, 0.75], "texture": "#1"},
				"down": {"uv": [9.625, 1.25, 9.25, 1.375], "texture": "#1"}
			}
		},
		{
			"from": [7.25, 9.75, -1.5],
			"to": [8.75, 10.25, -1],
			"rotation": {"angle": 0, "axis": "z", "origin": [8, 10, -1.25]},
			"faces": {
				"north": {"uv": [9.25, 1.5, 9.625, 1.625], "texture": "#1"},
				"east": {"uv": [7.75, 9.5, 7.875, 9.625], "texture": "#1"},
				"south": {"uv": [9.25, 1.75, 9.625, 1.875], "texture": "#1"},
				"west": {"uv": [9.5, 7.75, 9.625, 7.875], "texture": "#1"},
				"up": {"uv": [9.625, 2.125, 9.25, 2], "texture": "#1"},
				"down": {"uv": [9.625, 2.25, 9.25, 2.375], "texture": "#1"}
			}
		},
		{
			"from": [7.25, 7.75, 2.5],
			"to": [8.75, 8.25, 3],
			"rotation": {"angle": 0, "axis": "z", "origin": [8, 8, 2.75]},
			"faces": {
				"north": {"uv": [9.25, 2.5, 9.625, 2.625], "texture": "#1"},
				"east": {"uv": [8, 9.5, 8.125, 9.625], "texture": "#1"},
				"south": {"uv": [9.25, 2.75, 9.625, 2.875], "texture": "#1"},
				"west": {"uv": [9.5, 8, 9.625, 8.125], "texture": "#1"},
				"up": {"uv": [9.625, 3.125, 9.25, 3], "texture": "#1"},
				"down": {"uv": [9.625, 3.25, 9.25, 3.375], "texture": "#1"}
			}
		},
		{
			"from": [7.25, 7.75, -1.5],
			"to": [8.75, 8.25, -1],
			"rotation": {"angle": 0, "axis": "z", "origin": [8, 8, -1.25]},
			"faces": {
				"north": {"uv": [9.25, 3.5, 9.625, 3.625], "texture": "#1"},
				"east": {"uv": [8.25, 9.5, 8.375, 9.625], "texture": "#1"},
				"south": {"uv": [9.25, 3.75, 9.625, 3.875], "texture": "#1"},
				"west": {"uv": [9.5, 8.25, 9.625, 8.375], "texture": "#1"},
				"up": {"uv": [9.625, 4.125, 9.25, 4], "texture": "#1"},
				"down": {"uv": [9.625, 4.25, 9.25, 4.375], "texture": "#1"}
			}
		},
		{
			"from": [8.75, 8.75, -1],
			"to": [9.25, 9.25, 6.5],
			"rotation": {"angle": 0, "axis": "y", "origin": [16.5, 16.25, 6.5]},
			"faces": {
				"north": {"uv": [8.5, 9.5, 8.625, 9.625], "texture": "#1"},
				"east": {"uv": [6.75, 7, 8.625, 7.125], "texture": "#1"},
				"south": {"uv": [9.5, 8.5, 9.625, 8.625], "texture": "#1"},
				"west": {"uv": [7.25, 1.5, 9.125, 1.625], "texture": "#1"},
				"up": {"uv": [6.875, 9.125, 6.75, 7.25], "texture": "#1"},
				"down": {"uv": [7.125, 7.25, 7, 9.125], "texture": "#1"}
			}
		},
		{
			"from": [9.41421, 5.26777, 7],
			"to": [10.41421, 7.26777, 17.75],
			"rotation": {"angle": 45, "axis": "z", "origin": [9.63388, 5.59099, 10.5]},
			"faces": {
				"north": {"uv": [1.25, 4.25, 1.5, 4.75], "texture": "#1"},
				"east": {"uv": [1.5, 1.5, 4.25, 2], "texture": "#1"},
				"south": {"uv": [7.75, 2.75, 8, 3.25], "texture": "#1"},
				"west": {"uv": [2, 0, 4.75, 0.5], "texture": "#1"},
				"up": {"uv": [3.5, 7.5, 3.25, 4.75], "texture": "#1"},
				"down": {"uv": [3.75, 5, 3.5, 7.75], "texture": "#1"}
			}
		},
		{
			"from": [5.58579, 5.26777, 7],
			"to": [6.58579, 7.26777, 17.75],
			"rotation": {"angle": -45, "axis": "z", "origin": [6.36612, 5.59099, 10.5]},
			"faces": {
				"north": {"uv": [0, 8.125, 0.25, 8.625], "texture": "#1"},
				"east": {"uv": [2, 0.5, 4.75, 1], "texture": "#1"},
				"south": {"uv": [0.25, 8.125, 0, 8.625], "texture": "#1"},
				"west": {"uv": [4.25, 1.5, 7, 2], "texture": "#1"},
				"up": {"uv": [4, 7.75, 3.75, 5], "texture": "#1"},
				"down": {"uv": [4.25, 5, 4, 7.75], "texture": "#1"}
			}
		},
		{
			"from": [7, 2.5, 7],
			"to": [9, 3.5, 17.75],
			"rotation": {"angle": 0, "axis": "z", "origin": [8, 3, 12.375]},
			"faces": {
				"north": {"uv": [7.75, 3.25, 8.25, 3.5], "texture": "#1"},
				"east": {"uv": [4.75, 0.5, 7.5, 0.75], "texture": "#1"},
				"south": {"uv": [4, 7.75, 4.5, 8], "texture": "#1"},
				"west": {"uv": [4.75, 0.75, 7.5, 1], "texture": "#1"},
				"up": {"uv": [2, 4.75, 1.5, 2], "texture": "#1"},
				"down": {"uv": [2.5, 2, 2, 4.75], "texture": "#1"}
			}
		},
		{
			"from": [7, 6.32843, 7],
			"to": [9, 7.32843, 17.75],
			"rotation": {"angle": 0, "axis": "z", "origin": [8, 6.82843, 12.375]},
			"faces": {
				"north": {"uv": [4.5, 7.75, 5, 8], "texture": "#1"},
				"east": {"uv": [4.75, 1, 7.5, 1.25], "texture": "#1"},
				"south": {"uv": [7.5, 7.75, 8, 8], "texture": "#1"},
				"west": {"uv": [4.75, 1.25, 7.5, 1.5], "texture": "#1"},
				"up": {"uv": [3, 4.75, 2.5, 2], "texture": "#1"},
				"down": {"uv": [3.5, 2, 3, 4.75], "texture": "#1"}
			}
		},
		{
			"from": [5.58579, 3.91421, 7],
			"to": [6.58579, 5.91421, 17.75],
			"rotation": {"angle": 0, "axis": "z", "origin": [6.08579, 4.91421, 12.375]},
			"faces": {
				"north": {"uv": [5, 7.75, 5.25, 8.25], "texture": "#1"},
				"east": {"uv": [3.5, 2, 6.25, 2.5], "texture": "#1"},
				"south": {"uv": [0.25, 8.125, 0, 8.625], "texture": "#1"},
				"west": {"uv": [3.5, 2.5, 6.25, 3], "texture": "#1"},
				"up": {"uv": [4.5, 7.75, 4.25, 5], "texture": "#1"},
				"down": {"uv": [4.75, 5, 4.5, 7.75], "texture": "#1"}
			}
		},
		{
			"from": [9.41421, 3.91421, 7],
			"to": [10.41421, 5.91421, 17.75],
			"rotation": {"angle": 0, "axis": "z", "origin": [9.91421, 4.91421, 12.375]},
			"faces": {
				"north": {"uv": [0.25, 8.125, 0, 8.625], "texture": "#1"},
				"east": {"uv": [3.5, 2.5, 6.25, 3], "texture": "#1"},
				"south": {"uv": [0, 8.125, 0.25, 8.625], "texture": "#1"},
				"west": {"uv": [3.5, 3.5, 6.25, 4], "texture": "#1"},
				"up": {"uv": [5, 7.75, 4.75, 5], "texture": "#1"},
				"down": {"uv": [5.25, 5, 5, 7.75], "texture": "#1"}
			}
		},
		{
			"from": [5.58579, 2.56066, 7],
			"to": [6.58579, 4.56066, 17.75],
			"rotation": {"angle": 45, "axis": "z", "origin": [6.36612, 4.23744, 10.5]},
			"faces": {
				"north": {"uv": [0.5, 8, 0.75, 8.5], "texture": "#1"},
				"east": {"uv": [3.5, 4, 6.25, 4.5], "texture": "#1"},
				"south": {"uv": [8, 0.5, 8.25, 1], "texture": "#1"},
				"west": {"uv": [4.25, 1.5, 7, 2], "texture": "#1"},
				"up": {"uv": [0.25, 8, 0, 5.25], "texture": "#1"},
				"down": {"uv": [0.5, 5.25, 0.25, 8], "texture": "#1"}
			}
		},
		{
			"from": [9.41421, 2.56066, 7],
			"to": [10.41421, 4.56066, 17.75],
			"rotation": {"angle": -45, "axis": "z", "origin": [9.63388, 4.23744, 10.5]},
			"faces": {
				"north": {"uv": [0.25, 8.125, 0, 8.625], "texture": "#1"},
				"east": {"uv": [4.25, 1.5, 7, 2], "texture": "#1"},
				"south": {"uv": [0, 8.125, 0.25, 8.625], "texture": "#1"},
				"west": {"uv": [0, 4.75, 2.75, 5.25], "texture": "#1"},
				"up": {"uv": [0.75, 8, 0.5, 5.25], "texture": "#1"},
				"down": {"uv": [1, 5.25, 0.75, 8], "texture": "#1"}
			}
		},
		{
			"from": [6.5, 3.5, 7.25],
			"to": [9.5, 6.4, 8.25],
			"rotation": {"angle": 0, "axis": "y", "origin": [16, 11.5, 15.25]},
			"faces": {
				"north": {"uv": [1, 5.25, 1.75, 6], "texture": "#1"},
				"east": {"uv": [2.75, 7.5, 3, 8.25], "texture": "#1"},
				"south": {"uv": [1.75, 5.25, 2.5, 6], "texture": "#1"},
				"west": {"uv": [7.5, 2.75, 7.75, 3.5], "texture": "#1"},
				"up": {"uv": [8.25, 6.75, 7.5, 6.5], "texture": "#1"},
				"down": {"uv": [8.25, 6.75, 7.5, 7], "texture": "#1"}
			}
		},
		{
			"from": [6.5, 3.5, 16.5],
			"to": [9.5, 6.4, 17.5],
			"rotation": {"angle": 0, "axis": "y", "origin": [16, 11.5, 24.5]},
			"faces": {
				"north": {"uv": [5.25, 5, 6, 5.75], "texture": "#1"},
				"east": {"uv": [3, 7.5, 3.25, 8.25], "texture": "#1"},
				"south": {"uv": [5.25, 5.75, 6, 6.5], "texture": "#1"},
				"west": {"uv": [3.25, 7.5, 3.5, 8.25], "texture": "#1"},
				"up": {"uv": [8.25, 7.5, 7.5, 7.25], "texture": "#1"},
				"down": {"uv": [8.25, 7.5, 7.5, 7.75], "texture": "#1"}
			}
		},
		{
			"from": [7.5, 4.4, 17],
			"to": [8.5, 5.4, 18.25],
			"rotation": {"angle": 0, "axis": "x", "origin": [8, 4.9, 18]},
			"faces": {
				"north": {"uv": [9, 1.25, 9.25, 1.5], "texture": "#1"},
				"east": {"uv": [8.5, 0.75, 8.875, 1], "texture": "#1"},
				"south": {"uv": [9, 4.25, 9.25, 4.5], "texture": "#1"},
				"west": {"uv": [8.5, 1.75, 8.875, 2], "texture": "#1"},
				"up": {"uv": [8.75, 2.375, 8.5, 2], "texture": "#1"},
				"down": {"uv": [2.75, 8.5, 2.5, 8.875], "texture": "#1"}
			}
		},
		{
			"from": [7.5, 8.67392, 15.95095],
			"to": [8.5, 9.67392, 17.20095],
			"rotation": {"angle": 0, "axis": "x", "origin": [8, 9.17392, 16.95095]},
			"faces": {
				"north": {"uv": [5.5, 9, 5.75, 9.25], "texture": "#1"},
				"east": {"uv": [9, 5.5, 9.25, 5.75], "texture": "#1"},
				"south": {"uv": [5.75, 9, 6, 9.25], "texture": "#1"},
				"west": {"uv": [9, 5.75, 9.25, 6], "texture": "#1"},
				"up": {"uv": [6.25, 9.25, 6, 9], "texture": "#1"},
				"down": {"uv": [9.25, 6, 9, 6.25], "texture": "#1"}
			}
		},
		{
			"from": [7.5, 4.87227, 17.64017],
			"to": [8.5, 5.87227, 19.39017],
			"rotation": {"angle": -45, "axis": "x", "origin": [8, 5.37227, 18.51517]},
			"faces": {
				"north": {"uv": [6.25, 9, 6.5, 9.25], "texture": "#1"},
				"east": {"uv": [8, 2.25, 8.5, 2.5], "texture": "#1"},
				"south": {"uv": [9, 6.25, 9.25, 6.5], "texture": "#1"},
				"west": {"uv": [8, 2.5, 8.5, 2.75], "texture": "#1"},
				"up": {"uv": [8.25, 3.25, 8, 2.75], "texture": "#1"},
				"down": {"uv": [4.25, 8, 4, 8.5], "texture": "#1"}
			}
		},
		{
			"from": [7.5, 6.99573, 17.99046],
			"to": [8.5, 8.74573, 18.99046],
			"rotation": {"angle": -22.5, "axis": "x", "origin": [8, 8.44081, 18.25433]},
			"faces": {
				"north": {"uv": [4.25, 8, 4.5, 8.5], "texture": "#1"},
				"east": {"uv": [4.5, 8, 4.75, 8.5], "texture": "#1"},
				"south": {"uv": [4.75, 8, 5, 8.5], "texture": "#1"},
				"west": {"uv": [7.5, 8, 7.75, 8.5], "texture": "#1"},
				"up": {"uv": [6.75, 9.25, 6.5, 9], "texture": "#1"},
				"down": {"uv": [9.25, 6.5, 9, 6.75], "texture": "#1"}
			}
		},
		{
			"from": [7.5, 5.63744, 18.48744],
			"to": [8.5, 7.38744, 19.48744],
			"rotation": {"angle": 0, "axis": "x", "origin": [8, 6.51244, 18.98744]},
			"faces": {
				"north": {"uv": [7.75, 8, 8, 8.5], "texture": "#1"},
				"east": {"uv": [8, 7.75, 8.25, 8.25], "texture": "#1"},
				"south": {"uv": [8.25, 0, 8.5, 0.5], "texture": "#1"},
				"west": {"uv": [8.25, 0.5, 8.5, 1], "texture": "#1"},
				"up": {"uv": [9.25, 7, 9, 6.75], "texture": "#1"},
				"down": {"uv": [9.25, 7, 9, 7.25], "texture": "#1"}
			}
		},
		{
			"from": [7.5, 8.17695, 16.80924],
			"to": [8.5, 9.17695, 18.55924],
			"rotation": {"angle": 22.5, "axis": "x", "origin": [8, 8.44081, 18.25433]},
			"faces": {
				"north": {"uv": [7.25, 9, 7.5, 9.25], "texture": "#1"},
				"east": {"uv": [8.25, 1, 8.75, 1.25], "texture": "#1"},
				"south": {"uv": [8, 9, 8.25, 9.25], "texture": "#1"},
				"west": {"uv": [8.25, 1.25, 8.75, 1.5], "texture": "#1"},
				"up": {"uv": [8.5, 2.25, 8.25, 1.75], "texture": "#1"},
				"down": {"uv": [3, 8.25, 2.75, 8.75], "texture": "#1"}
			}
		}
	],
	"gui_light": "front",
	"display": {
		"thirdperson_righthand": {
			"rotation": [76, 0, 0],
			"translation": [0, 1, -4],
			"scale": [1.5, 1.5, 1.5]
		},
		"thirdperson_lefthand": {
			"rotation": [76, 0, 0],
			"translation": [0, 1, -4],
			"scale": [1.5, 1.5, 1.5]
		},
		"firstperson_righthand": {
			"rotation": [14, 7, 0],
			"translation": [-2.5, -9.75, 0],
			"scale": [2, 2, 2]
		},
		"firstperson_lefthand": {
			"rotation": [14, 7, 0],
			"translation": [-2.5, -9.75, 0],
			"scale": [2, 2, 2]
		},
		"ground": {
			"translation": [0, 3, 0]
		},
		"gui": {
			"rotation": [90, -45, 90],
			"translation": [-0.75, 0, 0],
			"scale": [0.75, 0.75, 0.75]
		},
		"head": {
			"rotation": [0, 0, -180],
			"translation": [0, 17.25, -7.5],
			"scale": [4, 4, 4]
		},
		"fixed": {
			"rotation": [90, 0, -180],
			"translation": [0, 0, -17.25],
			"scale": [3, 3, 3]
		}
	}
}