{
	"texture_size": [32, 32],
	"textures": {
		"2": "expansion:tools/fleet_finder",
		"particle": "expansion:tools/fleet_finder"
	},
	"elements": [
		{
			"from": [4, 2, 8.5],
			"to": [12, 13.9, 8.75],
			"rotation": {"angle": 0, "axis": "y", "origin": [0, 16, 8]},
			"faces": {
				"north": {"uv": [0, 0, 4, 6], "texture": "#2"},
				"east": {"uv": [0, 7.5, 0.125, 13.5], "texture": "#2"},
				"south": {"uv": [4, 0, 8, 6], "texture": "#2"},
				"west": {"uv": [0.5, 7.5, 0.625, 13.5], "texture": "#2"},
				"up": {"uv": [5, 7.625, 1, 7.5], "texture": "#2"},
				"down": {"uv": [9, 7.5, 5, 7.625], "texture": "#2"}
			}
		},
		{
			"from": [4.25, 1.75, 8.25],
			"to": [11.75, 3.25, 9],
			"rotation": {"angle": 0, "axis": "y", "origin": [0, 16, 8]},
			"faces": {
				"north": {"uv": [0, 6, 3.75, 6.75], "texture": "#2"},
				"east": {"uv": [3, 8, 3.375, 8.75], "texture": "#2"},
				"south": {"uv": [4, 6, 7.75, 6.75], "texture": "#2"},
				"west": {"uv": [3.5, 8, 3.875, 8.75], "texture": "#2"},
				"up": {"uv": [3.75, 7.375, 0, 7], "texture": "#2"},
				"down": {"uv": [7.75, 7, 4, 7.375], "texture": "#2"}
			}
		},
		{
			"from": [11.75, 3.9, 8.45],
			"to": [12.25, 4.4, 8.8],
			"rotation": {"angle": 0, "axis": "y", "origin": [0, 15.95, 8]},
			"faces": {
				"north": {"uv": [9.5, 1, 9.75, 1.25], "texture": "#2"},
				"east": {"uv": [9.5, 8.5, 9.625, 8.75], "texture": "#2"},
				"south": {"uv": [9.5, 1.5, 9.75, 1.75], "texture": "#2"},
				"west": {"uv": [9, 9.5, 9.125, 9.75], "texture": "#2"},
				"up": {"uv": [9.75, 9.125, 9.5, 9], "texture": "#2"},
				"down": {"uv": [9.75, 9.5, 9.5, 9.625], "texture": "#2"}
			}
		},
		{
			"from": [3.75, 3.9, 8.45],
			"to": [4.25, 4.4, 8.8],
			"rotation": {"angle": 0, "axis": "y", "origin": [0, 15.95, 8]},
			"faces": {
				"north": {"uv": [9.5, 1, 9.75, 1.25], "texture": "#2"},
				"east": {"uv": [9.5, 8.5, 9.625, 8.75], "texture": "#2"},
				"south": {"uv": [9.5, 1.5, 9.75, 1.75], "texture": "#2"},
				"west": {"uv": [9, 9.5, 9.125, 9.75], "texture": "#2"},
				"up": {"uv": [9.75, 9.125, 9.5, 9], "texture": "#2"},
				"down": {"uv": [9.75, 9.5, 9.5, 9.625], "texture": "#2"}
			}
		},
		{
			"from": [11.75, 3.97803, 8.70555],
			"to": [12.25, 4.32803, 8.90555],
			"rotation": {"angle": -45, "axis": "x", "origin": [12, 4.15303, 8.80555]},
			"faces": {
				"north": {"uv": [10, 0, 10.25, 0.125], "texture": "#2"},
				"east": {"uv": [8.5, 10, 8.625, 10.125], "texture": "#2"},
				"south": {"uv": [10, 0.5, 10.25, 0.625], "texture": "#2"},
				"west": {"uv": [10, 8.5, 10.125, 8.625], "texture": "#2"},
				"up": {"uv": [1.25, 10.125, 1, 10], "texture": "#2"},
				"down": {"uv": [10.25, 1, 10, 1.125], "texture": "#2"}
			}
		},
		{
			"from": [11.75, 2.25, 8.8],
			"to": [12.25, 4.1, 9],
			"rotation": {"angle": 0, "axis": "y", "origin": [0, 0, 8]},
			"faces": {
				"north": {"uv": [8, 3.5, 8.25, 4.375], "texture": "#2"},
				"east": {"uv": [7, 8.5, 7.125, 9.375], "texture": "#2"},
				"south": {"uv": [4, 8, 4.25, 8.875], "texture": "#2"},
				"west": {"uv": [7.5, 8.5, 7.625, 9.375], "texture": "#2"},
				"up": {"uv": [1.75, 10.125, 1.5, 10], "texture": "#2"},
				"down": {"uv": [10.25, 1.5, 10, 1.625], "texture": "#2"}
			}
		},
		{
			"from": [10.25, 1.5, 8.25],
			"to": [12, 1.75, 9],
			"rotation": {"angle": 0, "axis": "y", "origin": [0, 0, 8]},
			"faces": {
				"north": {"uv": [8.5, 7, 9.375, 7.125], "texture": "#2"},
				"east": {"uv": [9.5, 2, 9.875, 2.125], "texture": "#2"},
				"south": {"uv": [8, 8.5, 8.875, 8.625], "texture": "#2"},
				"west": {"uv": [2.5, 9.5, 2.875, 9.625], "texture": "#2"},
				"up": {"uv": [8.875, 0.375, 8, 0], "texture": "#2"},
				"down": {"uv": [8.875, 0.5, 8, 0.875], "texture": "#2"}
			}
		},
		{
			"from": [9.15793, 3.63649, 8.26],
			"to": [9.40793, 4.13649, 8.99],
			"rotation": {"angle": 45, "axis": "z", "origin": [12.28293, 3.88649, 8.625]},
			"faces": {
				"north": {"uv": [2, 10, 2.125, 10.25], "texture": "#2"},
				"east": {"uv": [4.5, 9, 4.875, 9.25], "texture": "#2"},
				"south": {"uv": [10, 2, 10.125, 2.25], "texture": "#2"},
				"west": {"uv": [5, 9, 5.375, 9.25], "texture": "#2"},
				"up": {"uv": [9.625, 2.875, 9.5, 2.5], "texture": "#2"},
				"down": {"uv": [3.125, 9.5, 3, 9.875], "texture": "#2"}
			}
		},
		{
			"from": [12.05178, 1.47855, 8.25],
			"to": [12.30178, 2.18855, 9],
			"rotation": {"angle": -45, "axis": "z", "origin": [12.17678, 1.85355, 8.625]},
			"faces": {
				"north": {"uv": [9.5, 3, 9.625, 3.375], "texture": "#2"},
				"east": {"uv": [8.5, 1.5, 8.875, 1.875], "texture": "#2"},
				"south": {"uv": [9.5, 3.5, 9.625, 3.875], "texture": "#2"},
				"west": {"uv": [2, 8.5, 2.375, 8.875], "texture": "#2"},
				"up": {"uv": [9.625, 4.375, 9.5, 4], "texture": "#2"},
				"down": {"uv": [4.625, 9.5, 4.5, 9.875], "texture": "#2"}
			}
		},
		{
			"from": [11.55178, 1.47855, 8.3],
			"to": [12.05178, 2.18855, 8.95],
			"rotation": {"angle": -45, "axis": "z", "origin": [12.17678, 1.85355, 8.625]},
			"faces": {
				"north": {"uv": [9, 5, 9.25, 5.375], "texture": "#2"},
				"east": {"uv": [8.5, 2.5, 8.875, 2.875], "texture": "#2"},
				"south": {"uv": [5.5, 9, 5.75, 9.375], "texture": "#2"},
				"west": {"uv": [8.5, 3, 8.875, 3.375], "texture": "#2"},
				"up": {"uv": [9.25, 5.875, 9, 5.5], "texture": "#2"},
				"down": {"uv": [6.25, 9, 6, 9.375], "texture": "#2"}
			}
		},
		{
			"from": [3.94822, 1.47855, 8.3],
			"to": [4.44822, 2.18855, 8.95],
			"rotation": {"angle": 45, "axis": "z", "origin": [3.82322, 1.85355, 8.625]},
			"faces": {
				"north": {"uv": [9, 6, 9.25, 6.375], "texture": "#2"},
				"east": {"uv": [8.5, 3.5, 8.875, 3.875], "texture": "#2"},
				"south": {"uv": [6.5, 9, 6.75, 9.375], "texture": "#2"},
				"west": {"uv": [8.5, 4, 8.875, 4.375], "texture": "#2"},
				"up": {"uv": [9.25, 6.875, 9, 6.5], "texture": "#2"},
				"down": {"uv": [9.25, 7.5, 9, 7.875], "texture": "#2"}
			}
		},
		{
			"from": [12.25, 2, 8.25],
			"to": [12.5, 3.75, 9],
			"rotation": {"angle": 0, "axis": "y", "origin": [0, 0, 8]},
			"faces": {
				"north": {"uv": [9, 0, 9.125, 0.875], "texture": "#2"},
				"east": {"uv": [1, 8, 1.375, 8.875], "texture": "#2"},
				"south": {"uv": [1, 9, 1.125, 9.875], "texture": "#2"},
				"west": {"uv": [8, 1, 8.375, 1.875], "texture": "#2"},
				"up": {"uv": [9.625, 4.875, 9.5, 4.5], "texture": "#2"},
				"down": {"uv": [5.125, 9.5, 5, 9.875], "texture": "#2"}
			}
		},
		{
			"from": [12.10983, 3.58839, 8.26],
			"to": [12.35983, 4.08839, 8.99],
			"rotation": {"angle": 45, "axis": "z", "origin": [12.23483, 3.83839, 8.625]},
			"faces": {
				"north": {"uv": [2.5, 10, 2.625, 10.25], "texture": "#2"},
				"east": {"uv": [8, 9, 8.375, 9.25], "texture": "#2"},
				"south": {"uv": [10, 2.5, 10.125, 2.75], "texture": "#2"},
				"west": {"uv": [8.5, 9, 8.875, 9.25], "texture": "#2"},
				"up": {"uv": [9.625, 5.375, 9.5, 5], "texture": "#2"},
				"down": {"uv": [5.625, 9.5, 5.5, 9.875], "texture": "#2"}
			}
		},
		{
			"from": [11.75, 4.05303, 8.26945],
			"to": [12.25, 4.25303, 8.61945],
			"rotation": {"angle": -45, "axis": "x", "origin": [12, 4.15303, 8.44445]},
			"faces": {
				"north": {"uv": [3, 10, 3.25, 10.125], "texture": "#2"},
				"east": {"uv": [9, 10, 9.125, 10.125], "texture": "#2"},
				"south": {"uv": [10, 3, 10.25, 3.125], "texture": "#2"},
				"west": {"uv": [10, 9, 10.125, 9.125], "texture": "#2"},
				"up": {"uv": [3.75, 10.125, 3.5, 10], "texture": "#2"},
				"down": {"uv": [10.25, 3.5, 10, 3.625], "texture": "#2"}
			}
		},
		{
			"from": [11.75, 2.25, 8.25],
			"to": [12.25, 4.1, 8.45],
			"rotation": {"angle": 0, "axis": "y", "origin": [0, 0, 8]},
			"faces": {
				"north": {"uv": [4.5, 8, 4.75, 8.875], "texture": "#2"},
				"east": {"uv": [9, 1, 9.125, 1.875], "texture": "#2"},
				"south": {"uv": [8, 4.5, 8.25, 5.375], "texture": "#2"},
				"west": {"uv": [1.5, 9, 1.625, 9.875], "texture": "#2"},
				"up": {"uv": [4.25, 10.125, 4, 10], "texture": "#2"},
				"down": {"uv": [10.25, 4, 10, 4.125], "texture": "#2"}
			}
		},
		{
			"from": [3.75, 3.97803, 8.70555],
			"to": [4.25, 4.32803, 8.90555],
			"rotation": {"angle": -45, "axis": "x", "origin": [4, 4.15303, 8.80555]},
			"faces": {
				"north": {"uv": [4.5, 10, 4.75, 10.125], "texture": "#2"},
				"east": {"uv": [9.5, 10, 9.625, 10.125], "texture": "#2"},
				"south": {"uv": [10, 4.5, 10.25, 4.625], "texture": "#2"},
				"west": {"uv": [10, 9.5, 10.125, 9.625], "texture": "#2"},
				"up": {"uv": [5.25, 10.125, 5, 10], "texture": "#2"},
				"down": {"uv": [10.25, 5, 10, 5.125], "texture": "#2"}
			}
		},
		{
			"from": [3.75, 2.25, 8.8],
			"to": [4.25, 4.1, 9],
			"rotation": {"angle": 0, "axis": "y", "origin": [16, 0, 8]},
			"faces": {
				"north": {"uv": [5, 8, 5.25, 8.875], "texture": "#2"},
				"east": {"uv": [2, 9, 2.125, 9.875], "texture": "#2"},
				"south": {"uv": [5.5, 8, 5.75, 8.875], "texture": "#2"},
				"west": {"uv": [9, 2, 9.125, 2.875], "texture": "#2"},
				"up": {"uv": [5.75, 10.125, 5.5, 10], "texture": "#2"},
				"down": {"uv": [10.25, 5.5, 10, 5.625], "texture": "#2"}
			}
		},
		{
			"from": [3.43388, 2.51256, 8.26],
			"to": [4.51388, 3.26256, 8.99],
			"rotation": {"angle": -45, "axis": "z", "origin": [4.38388, 2.51256, 8.625]},
			"faces": {
				"north": {"uv": [6.5, 8, 7, 8.375], "texture": "#2"},
				"east": {"uv": [8.5, 4.5, 8.875, 4.875], "texture": "#2"},
				"south": {"uv": [8, 6.5, 8.5, 6.875], "texture": "#2"},
				"west": {"uv": [8.5, 5, 8.875, 5.375], "texture": "#2"},
				"up": {"uv": [7.5, 8.375, 7, 8], "texture": "#2"},
				"down": {"uv": [8.5, 7, 8, 7.375], "texture": "#2"}
			}
		},
		{
			"from": [11.48612, 2.51256, 8.26],
			"to": [12.56612, 3.26256, 8.99],
			"rotation": {"angle": 45, "axis": "z", "origin": [11.61612, 2.51256, 8.625]},
			"faces": {
				"north": {"uv": [7.5, 8, 8, 8.375], "texture": "#2"},
				"east": {"uv": [8.5, 5.5, 8.875, 5.875], "texture": "#2"},
				"south": {"uv": [8, 8, 8.5, 8.375], "texture": "#2"},
				"west": {"uv": [8.5, 6, 8.875, 6.375], "texture": "#2"},
				"up": {"uv": [9, 1.375, 8.5, 1], "texture": "#2"},
				"down": {"uv": [2, 8.5, 1.5, 8.875], "texture": "#2"}
			}
		},
		{
			"from": [4, 1.5, 8.25],
			"to": [5.75, 1.75, 9],
			"rotation": {"angle": 0, "axis": "y", "origin": [16, 0, 8]},
			"faces": {
				"north": {"uv": [8.5, 8, 9.375, 8.125], "texture": "#2"},
				"east": {"uv": [9.5, 5.5, 9.875, 5.625], "texture": "#2"},
				"south": {"uv": [2.5, 9, 3.375, 9.125], "texture": "#2"},
				"west": {"uv": [6, 9.5, 6.375, 9.625], "texture": "#2"},
				"up": {"uv": [2.375, 8.375, 1.5, 8], "texture": "#2"},
				"down": {"uv": [8.875, 2, 8, 2.375], "texture": "#2"}
			}
		},
		{
			"from": [6.59207, 3.63649, 8.26],
			"to": [6.84207, 4.13649, 8.99],
			"rotation": {"angle": -45, "axis": "z", "origin": [3.71707, 3.88649, 8.625]},
			"faces": {
				"north": {"uv": [6, 10, 6.125, 10.25], "texture": "#2"},
				"east": {"uv": [9, 8.5, 9.375, 8.75], "texture": "#2"},
				"south": {"uv": [10, 6, 10.125, 6.25], "texture": "#2"},
				"west": {"uv": [9, 9, 9.375, 9.25], "texture": "#2"},
				"up": {"uv": [9.625, 6.375, 9.5, 6], "texture": "#2"},
				"down": {"uv": [6.625, 9.5, 6.5, 9.875], "texture": "#2"}
			}
		},
		{
			"from": [3.69822, 1.47855, 8.25],
			"to": [3.94822, 2.18855, 9],
			"rotation": {"angle": 45, "axis": "z", "origin": [3.82322, 1.85355, 8.625]},
			"faces": {
				"north": {"uv": [9.5, 6.5, 9.625, 6.875], "texture": "#2"},
				"east": {"uv": [6.5, 8.5, 6.875, 8.875], "texture": "#2"},
				"south": {"uv": [7, 9.5, 7.125, 9.875], "texture": "#2"},
				"west": {"uv": [8.5, 6.5, 8.875, 6.875], "texture": "#2"},
				"up": {"uv": [9.625, 7.375, 9.5, 7], "texture": "#2"},
				"down": {"uv": [7.625, 9.5, 7.5, 9.875], "texture": "#2"}
			}
		},
		{
			"from": [3.5, 2, 8.25],
			"to": [3.75, 3.75, 9],
			"rotation": {"angle": 0, "axis": "y", "origin": [16, 0, 8]},
			"faces": {
				"north": {"uv": [9, 3, 9.125, 3.875], "texture": "#2"},
				"east": {"uv": [2.5, 8, 2.875, 8.875], "texture": "#2"},
				"south": {"uv": [3.5, 9, 3.625, 9.875], "texture": "#2"},
				"west": {"uv": [8, 2.5, 8.375, 3.375], "texture": "#2"},
				"up": {"uv": [9.625, 7.875, 9.5, 7.5], "texture": "#2"},
				"down": {"uv": [8.125, 9.5, 8, 9.875], "texture": "#2"}
			}
		},
		{
			"from": [3.64017, 3.58839, 8.26],
			"to": [3.89017, 4.08839, 8.99],
			"rotation": {"angle": -45, "axis": "z", "origin": [3.76517, 3.83839, 8.625]},
			"faces": {
				"north": {"uv": [6.5, 10, 6.625, 10.25], "texture": "#2"},
				"east": {"uv": [9.5, 0, 9.875, 0.25], "texture": "#2"},
				"south": {"uv": [10, 6.5, 10.125, 6.75], "texture": "#2"},
				"west": {"uv": [9.5, 0.5, 9.875, 0.75], "texture": "#2"},
				"up": {"uv": [9.625, 8.375, 9.5, 8], "texture": "#2"},
				"down": {"uv": [8.625, 9.5, 8.5, 9.875], "texture": "#2"}
			}
		},
		{
			"from": [3.75, 4.05303, 8.26945],
			"to": [4.25, 4.25303, 8.61945],
			"rotation": {"angle": -45, "axis": "x", "origin": [4, 4.15303, 8.44445]},
			"faces": {
				"north": {"uv": [7, 10, 7.25, 10.125], "texture": "#2"},
				"east": {"uv": [10, 10, 10.125, 10.125], "texture": "#2"},
				"south": {"uv": [10, 7, 10.25, 7.125], "texture": "#2"},
				"west": {"uv": [10.5, 0, 10.625, 0.125], "texture": "#2"},
				"up": {"uv": [7.75, 10.125, 7.5, 10], "texture": "#2"},
				"down": {"uv": [10.25, 7.5, 10, 7.625], "texture": "#2"}
			}
		},
		{
			"from": [3.75, 2.25, 8.25],
			"to": [4.25, 4.1, 8.45],
			"rotation": {"angle": 0, "axis": "y", "origin": [16, 0, 8]},
			"faces": {
				"north": {"uv": [8, 5.5, 8.25, 6.375], "texture": "#2"},
				"east": {"uv": [4, 9, 4.125, 9.875], "texture": "#2"},
				"south": {"uv": [6, 8, 6.25, 8.875], "texture": "#2"},
				"west": {"uv": [9, 4, 9.125, 4.875], "texture": "#2"},
				"up": {"uv": [8.25, 10.125, 8, 10], "texture": "#2"},
				"down": {"uv": [10.25, 8, 10, 8.125], "texture": "#2"}
			}
		}
	],
	"gui_light": "front",
	"display": {
		"thirdperson_righthand": {
			"translation": [0, 3, 1],
			"scale": [0.55, 0.55, 0.55]
		},
		"thirdperson_lefthand": {
			"translation": [0, 3, 1],
			"scale": [0.55, 0.55, 0.55]
		},
		"firstperson_righthand": {
			"rotation": [-10, 0, 0],
			"translation": [0, 4, 0],
			"scale": [0.68, 0.68, 0.68]
		},
		"firstperson_lefthand": {
			"rotation": [-10, 0, 0],
			"translation": [0, 4, 0],
			"scale": [0.68, 0.68, 0.68]
		},
		"ground": {
			"rotation": [90, 0, 0],
			"scale": [0.5, 0.5, 0.5]
		},
		"gui": {
			"scale": [1.2, 1.2, 1.2]
		},
		"head": {
			"rotation": [0, 180, 0],
			"translation": [0, 13, 7]
		},
		"fixed": {
			"rotation": [0, 180, 0],
			"scale": [1.5, 1.5, 1.5]
		}
	},
	"groups": [
		0,
		1,
		2,
		3,
		{
			"name": "corner",
			"origin": [10.33598, 0.625, 2],
			"color": 0,
			"children": [4, 5, 6, 7, 8, 9, 10, 11, 12, 13, 14]
		},
		{
			"name": "corner",
			"origin": [10.33598, 0.625, 2],
			"color": 0,
			"children": [15, 16, 17, 18, 19, 20, 21, 22, 23, 24, 25]
		}
	]
}