{
    "model": {
      "type": "minecraft:select",
      "property": "minecraft:custom_model_data",
      "cases": [
        {
          "when": "blaster",
          "model": {
            "type": "minecraft:range_dispatch",
            "property": "minecraft:custom_model_data",
            "entries": [
              {
                "threshold": 1,
                "model": {
                  "type": "minecraft:model",
                  "model": "expansion:items/modules/vehicle/blaster1"
                }
              },
              {
                "threshold": 2,
                "model": {
                  "type": "minecraft:model",
                  "model": "expansion:items/modules/vehicle/blaster2"
                }
              },
              {
                "threshold": 3,
                "model": {
                  "type": "minecraft:model",
                  "model": "expansion:items/modules/vehicle/blaster3"
                }
              }
            ],
            "fallback": {
              "type": "minecraft:model",
              "model": "expansion:items/modules/vehicle/blaster1"
            }
          }
        },
                {
          "when": "fuel",
          "model": {
            "type": "minecraft:range_dispatch",
            "property": "minecraft:custom_model_data",
            "entries": [
              {
                "threshold": 1,
                "model": {
                  "type": "minecraft:model",
                  "model": "expansion:items/modules/vehicle/fuel1"
                }
              },
              {
                "threshold": 2,
                "model": {
                  "type": "minecraft:model",
                  "model": "expansion:items/modules/vehicle/fuel2"
                }
              },
              {
                "threshold": 3,
                "model": {
                  "type": "minecraft:model",
                  "model": "expansion:items/modules/vehicle/fuel3"
                }
              }
            ],
            "fallback": {
              "type": "minecraft:model",
              "model": "expansion:items/modules/vehicle/fuel1"
            }
          }
        },
        {
          "when": "speed",
          "model": {
            "type": "minecraft:range_dispatch",
            "property": "minecraft:custom_model_data",
            "entries": [
              {
                "threshold": 1,
                "model": {
                  "type": "minecraft:model",
                  "model": "expansion:items/modules/vehicle/speed1"
                }
              },
              {
                "threshold": 2,
                "model": {
                  "type": "minecraft:model",
                  "model": "expansion:items/modules/vehicle/speed2"
                }
              },
              {
                "threshold": 3,
                "model": {
                  "type": "minecraft:model",
                  "model": "expansion:items/modules/vehicle/speed3"
                }
              }
            ],
            "fallback": {
              "type": "minecraft:model",
              "model": "expansion:items/modules/vehicle/speed1"
            }
          }
        }
      ],
      "fallback": {
        "type": "minecraft:model",
        "model": "expansion:items/modules/vehicle/blaster1"
      }
    }
  }