  {
    "model": {
      "type": "minecraft:range_dispatch",
      "property": "minecraft:custom_model_data",
      "index": 0,
      "entries": [
        {
          "threshold": 1,
          "model": {
            "type": "minecraft:range_dispatch",
            "property": "minecraft:custom_model_data",
            "index": 1,
            "entries": [
              {
                "threshold": 10,
                "model": {
                  "type": "minecraft:model",
                  "model": "expansion:items/oxygen_tank/tier1/oxygen_10"
                }
              },
              {
                "threshold": 20,
                "model": {
                  "type": "minecraft:model",
                  "model": "expansion:items/oxygen_tank/tier1/oxygen_20"
                }
              },
              {
                "threshold": 30,
                "model": {
                  "type": "minecraft:model",
                  "model": "expansion:items/oxygen_tank/tier1/oxygen_30"
                }
              },
              {
                "threshold": 40,
                "model": {
                  "type": "minecraft:model",
                  "model": "expansion:items/oxygen_tank/tier1/oxygen_40"
                }
              },
              {
                "threshold": 50,
                "model": {
                  "type": "minecraft:model",
                  "model": "expansion:items/oxygen_tank/tier1/oxygen_60"
                }
              },
              {
                "threshold": 60,
                "model": {
                  "type": "minecraft:model",
                  "model": "expansion:items/oxygen_tank/tier1/oxygen_70"
                }
              },
              {
                "threshold": 70,
                "model": {
                  "type": "minecraft:model",
                  "model": "expansion:items/oxygen_tank/tier1/oxygen_80"
                }
              },
              {
                "threshold": 80,
                "model": {
                  "type": "minecraft:model",
                  "model": "expansion:items/oxygen_tank/tier1/oxygen_90"
                }
              },
              {
                "threshold": 90,
                "model": {
                  "type": "minecraft:model",
                  "model": "expansion:items/oxygen_tank/tier1/oxygen_100"
                }
              }
            ],
            "fallback": {
                  "type": "minecraft:model",
                  "model": "expansion:items/oxygen_tank/tier1/oxygen_10"
              }
          }
        },
        {
            "threshold": 2,
            "model": {
              "type": "minecraft:range_dispatch",
              "property": "minecraft:custom_model_data",
              "index": 1,
              "entries": [
                {
                    "threshold": 10,
                    "model": {
                      "type": "minecraft:model",
                      "model": "expansion:items/oxygen_tank/tier2/oxygen_10"
                    }
                  },
                  {
                    "threshold": 20,
                    "model": {
                      "type": "minecraft:model",
                      "model": "expansion:items/oxygen_tank/tier2/oxygen_20"
                    }
                  },
                  {
                    "threshold": 30,
                    "model": {
                      "type": "minecraft:model",
                      "model": "expansion:items/oxygen_tank/tier2/oxygen_30"
                    }
                  },
                  {
                    "threshold": 40,
                    "model": {
                      "type": "minecraft:model",
                      "model": "expansion:items/oxygen_tank/tier2/oxygen_40"
                    }
                  },
                  {
                    "threshold": 50,
                    "model": {
                      "type": "minecraft:model",
                      "model": "expansion:items/oxygen_tank/tier2/oxygen_60"
                    }
                  },
                  {
                    "threshold": 60,
                    "model": {
                      "type": "minecraft:model",
                      "model": "expansion:items/oxygen_tank/tier2/oxygen_70"
                    }
                  },
                  {
                    "threshold": 70,
                    "model": {
                      "type": "minecraft:model",
                      "model": "expansion:items/oxygen_tank/tier2/oxygen_80"
                    }
                  },
                  {
                    "threshold": 80,
                    "model": {
                      "type": "minecraft:model",
                      "model": "expansion:items/oxygen_tank/tier2/oxygen_90"
                    }
                  },
                  {
                    "threshold": 90,
                    "model": {
                      "type": "minecraft:model",
                      "model": "expansion:items/oxygen_tank/tier2/oxygen_100"
                    }
                  }
              ],
              "fallback": {
                    "type": "minecraft:model",
                    "model": "expansion:items/oxygen_tank/tier2/oxygen_10"
                }
            }
          },
          {
            "threshold": 3,
            "model": {
              "type": "minecraft:range_dispatch",
              "property": "minecraft:custom_model_data",
              "index": 1,
              "entries": [
                {
                    "threshold": 10,
                    "model": {
                      "type": "minecraft:model",
                      "model": "expansion:items/oxygen_tank/tier3/oxygen_10"
                    }
                  },
                  {
                    "threshold": 20,
                    "model": {
                      "type": "minecraft:model",
                      "model": "expansion:items/oxygen_tank/tier3/oxygen_20"
                    }
                  },
                  {
                    "threshold": 30,
                    "model": {
                      "type": "minecraft:model",
                      "model": "expansion:items/oxygen_tank/tier3/oxygen_30"
                    }
                  },
                  {
                    "threshold": 40,
                    "model": {
                      "type": "minecraft:model",
                      "model": "expansion:items/oxygen_tank/tier3/oxygen_40"
                    }
                  },
                  {
                    "threshold": 50,
                    "model": {
                      "type": "minecraft:model",
                      "model": "expansion:items/oxygen_tank/tier3/oxygen_60"
                    }
                  },
                  {
                    "threshold": 60,
                    "model": {
                      "type": "minecraft:model",
                      "model": "expansion:items/oxygen_tank/tier3/oxygen_70"
                    }
                  },
                  {
                    "threshold": 70,
                    "model": {
                      "type": "minecraft:model",
                      "model": "expansion:items/oxygen_tank/tier3/oxygen_80"
                    }
                  },
                  {
                    "threshold": 80,
                    "model": {
                      "type": "minecraft:model",
                      "model": "expansion:items/oxygen_tank/tier3/oxygen_90"
                    }
                  },
                  {
                    "threshold": 90,
                    "model": {
                      "type": "minecraft:model",
                      "model": "expansion:items/oxygen_tank/tier3/oxygen_100"
                    }
                  }
              ],
              "fallback": {
                    "type": "minecraft:model",
                    "model": "expansion:items/oxygen_tank/tier3/oxygen_10"
                }
            }
          }
      ],
      "fallback": {
            "type": "minecraft:model",
            "model": "expansion:items/oxygen_tank/tier1/oxygen_10"
        }
    }
  }