{
	"credit": "Made with Blockbench",
	"texture_size": [64, 32],
	"textures": {
		"1": "expansion:armor/helmets/diver"
	},
	"elements": [
		{
			"name": "visor_blocker",
			"from": [3.25, 18.25, 3.75],
			"to": [12.75, 27.75, 3.75],
			"rotation": {"angle": 0, "axis": "y", "origin": [8, -4, 8.5]},
			"faces": {
				"north": {"uv": [6, 8, 8, 12], "texture": "#1"},
				"east": {"uv": [4, 12, 6, 16], "texture": "#1"},
				"south": {"uv": [2, 12, 4, 16], "texture": "#1"},
				"west": {"uv": [0, 12, 2, 16], "texture": "#1"},
				"up": {"uv": [4, 12, 2, 8], "rotation": 180, "texture": "#1"},
				"down": {"uv": [6, 8, 4, 12], "rotation": 180, "texture": "#1"}
			}
		},
		{
			"name": "main",
			"from": [3.25, 18.25, 3.25],
			"to": [12.75, 27.75, 12.75],
			"rotation": {"angle": 0, "axis": "y", "origin": [8, -4, 8]},
			"faces": {
				"north": {"uv": [2, 12, 4, 16], "texture": "#1"},
				"east": {"uv": [0, 12, 2, 16], "texture": "#1"},
				"south": {"uv": [6, 12, 8, 16], "texture": "#1"},
				"west": {"uv": [4, 12, 6, 16], "texture": "#1"},
				"up": {"uv": [4, 12, 2, 8], "texture": "#1"},
				"down": {"uv": [6, 8, 4, 12], "texture": "#1"}
			}
		},
		{
			"name": "left_side",
			"from": [2, 19.5, 4.5],
			"to": [3.25, 26.5, 11.5],
			"rotation": {"angle": 0, "axis": "y", "origin": [-0.75, -4, 8]},
			"faces": {
				"north": {"uv": [10.5, 12.5, 10.75, 16], "texture": "#1"},
				"east": {"uv": [8.75, 12.5, 10.5, 16], "texture": "#1"},
				"south": {"uv": [12.5, 12.5, 12.75, 16], "texture": "#1"},
				"west": {"uv": [10.75, 12.5, 12.5, 16], "texture": "#1"},
				"up": {"uv": [10.75, 12.5, 10.5, 9], "texture": "#1"},
				"down": {"uv": [11, 9, 10.75, 12.5], "texture": "#1"}
			}
		},
		{
			"name": "back_side",
			"from": [4.5, 19.5, 12.75],
			"to": [11.5, 26.5, 14],
			"rotation": {"angle": 0, "axis": "y", "origin": [8, 23, 13.5]},
			"faces": {
				"north": {"uv": [8.5, 4, 10.25, 7.5], "texture": "#1"},
				"east": {"uv": [8.25, 4, 8.5, 7.5], "texture": "#1"},
				"south": {"uv": [10.5, 4, 12.25, 7.5], "texture": "#1"},
				"west": {"uv": [10.25, 4, 10.5, 7.5], "texture": "#1"},
				"up": {"uv": [10.25, 4, 8.5, 3.5], "texture": "#1"},
				"down": {"uv": [12, 3.5, 10.25, 4], "texture": "#1"}
			}
		},
		{
			"name": "top_side",
			"from": [5.25, 27.75, 5.25],
			"to": [10.75, 28.75, 10.75],
			"rotation": {"angle": 0, "axis": "y", "origin": [8.5, 28.5, 8]},
			"faces": {
				"north": {"uv": [9.25, 2.5, 10.5, 3], "texture": "#1"},
				"east": {"uv": [8, 2.5, 9.25, 3], "texture": "#1"},
				"south": {"uv": [11.75, 2.5, 13, 3], "texture": "#1"},
				"west": {"uv": [10.5, 2.5, 11.75, 3], "texture": "#1"},
				"up": {"uv": [10.5, 2.5, 9.25, 0], "texture": "#1"},
				"down": {"uv": [11.75, 0, 10.5, 2.5], "texture": "#1"}
			}
		},
		{
			"name": "right_side",
			"from": [12.75, 19.5, 4.5],
			"to": [14, 26.5, 11.5],
			"rotation": {"angle": 0, "axis": "y", "origin": [10.25, -4, 8]},
			"faces": {
				"north": {"uv": [13.75, 8, 14, 11.5], "texture": "#1"},
				"east": {"uv": [12, 8, 13.75, 11.5], "texture": "#1"},
				"south": {"uv": [15.75, 8, 16, 11.5], "texture": "#1"},
				"west": {"uv": [14, 8, 15.75, 11.5], "texture": "#1"},
				"up": {"uv": [14, 8, 13.75, 4.5], "texture": "#1"},
				"down": {"uv": [14.25, 4.5, 14, 8], "texture": "#1"}
			}
		},
		{
			"name": "overlay",
			"from": [3, 18, 3],
			"to": [13, 28, 13],
			"rotation": {"angle": 0, "axis": "y", "origin": [8, -4, 8]},
			"faces": {
				"north": {"uv": [2, 4, 4, 8], "texture": "#1"},
				"east": {"uv": [0, 4, 2, 8], "texture": "#1"},
				"south": {"uv": [6, 4, 8, 8], "texture": "#1"},
				"west": {"uv": [4, 4, 6, 8], "texture": "#1"},
				"up": {"uv": [4, 4, 2, 0], "texture": "#1"},
				"down": {"uv": [6, 0, 4, 4], "texture": "#1"}
			}
		},
		{
			"name": "antenna",
			"from": [2.25, 26.5, 10.25],
			"to": [3.25, 32, 11.25],
			"rotation": {"angle": 0, "axis": "y", "origin": [2.25, 24.5, 9.25]},
			"faces": {
				"north": {"uv": [0.75, 1, 1, 3.5], "texture": "#1"},
				"east": {"uv": [0.5, 1, 0.75, 3.5], "texture": "#1"},
				"south": {"uv": [1.25, 1, 1.5, 3.5], "texture": "#1"},
				"west": {"uv": [1, 1, 1.25, 3.5], "texture": "#1"},
				"up": {"uv": [1, 1, 0.75, 0.5], "texture": "#1"},
				"down": {"uv": [1.25, 0.5, 1, 1], "texture": "#1"}
			}
		},
		{
			"name": "left_side_ inverted",
			"from": [3.25, 26.5, 11.5],
			"to": [2, 19.5, 4.5],
			"rotation": {"angle": 0, "axis": "y", "origin": [-0.75, -4, 8]},
			"faces": {
				"north": {"uv": [12.5, 16, 12.75, 12.5], "texture": "#1"},
				"east": {"uv": [10.75, 16, 12.5, 12.5], "texture": "#1"},
				"south": {"uv": [10.5, 16, 10.75, 12.5], "texture": "#1"},
				"west": {"uv": [8.75, 16, 10.5, 12.5], "texture": "#1"},
				"up": {"uv": [10.75, 9, 11, 12.5], "texture": "#1"},
				"down": {"uv": [10.5, 12.5, 10.75, 9], "texture": "#1"}
			}
		},
		{
			"name": "right_side_inverted",
			"from": [14, 26.5, 11.5],
			"to": [12.75, 19.5, 4.5],
			"rotation": {"angle": 0, "axis": "y", "origin": [10.25, -4, 8]},
			"faces": {
				"north": {"uv": [15.75, 11.5, 16, 8], "texture": "#1"},
				"east": {"uv": [14, 11.5, 15.75, 8], "texture": "#1"},
				"south": {"uv": [13.75, 11.5, 14, 8], "texture": "#1"},
				"west": {"uv": [12, 11.5, 13.75, 8], "texture": "#1"},
				"up": {"uv": [14, 4.5, 14.25, 8], "texture": "#1"},
				"down": {"uv": [13.75, 8, 14, 4.5], "texture": "#1"}
			}
		},
		{
			"name": "back_side_inverted",
			"from": [11.5, 26.5, 14],
			"to": [4.5, 19.5, 12.75],
			"rotation": {"angle": 0, "axis": "y", "origin": [8, 23, 13.5]},
			"faces": {
				"north": {"uv": [10.5, 7.5, 12.25, 4], "texture": "#1"},
				"east": {"uv": [10.25, 7.5, 10.5, 4], "texture": "#1"},
				"south": {"uv": [8.5, 7.5, 10.25, 4], "texture": "#1"},
				"west": {"uv": [8.25, 7.5, 8.5, 4], "texture": "#1"},
				"up": {"uv": [10.25, 3.5, 12, 4], "texture": "#1"},
				"down": {"uv": [8.5, 4, 10.25, 3.5], "texture": "#1"}
			}
		}
	],
	"display": {
		"thirdperson_righthand": {
			"rotation": [70, 0, 0],
			"translation": [-5.75, -4, -14.75]
		},
		"thirdperson_lefthand": {
			"rotation": [70, 0, 0],
			"translation": [-6, -3, -16.25]
		},
		"firstperson_righthand": {
			"translation": [-1, -12, 3],
			"scale": [0.8, 0.8, 0.8]
		},
		"firstperson_lefthand": {
			"translation": [-1, -12, 3],
			"scale": [0.8, 0.8, 0.8]
		},
		"ground": {
			"translation": [0, -16.25, 0],
			"scale": [1.2, 1.2, 1.2]
		},
		"gui": {
			"rotation": [0, 180, 0],
			"translation": [0, -19.25, 0],
			"scale": [1.2, 1.2, 1.2]
		},
		"head": {
			"translation": [0, -23, 0],
			"scale": [1.5, 1.5, 1.5]
		},
		"fixed": {
			"translation": [0, -18.5, -2.5],
			"scale": [1.2, 1.2, 1.2]
		}
	},
	"groups": [
		{
			"name": "helmet",
			"origin": [8, 24, 8],
			"color": 0,
			"children": [0, 1, 2, 3, 4, 5, 6, 7, 8, 9, 10]
		}
	]
}