{
	"credit": "Made with Blockbench",
	"texture_size": [64, 64],
	"textures": {
		"2": "expansion:armor/helmets/nasa",
		"particle": "expansion:armor/helmets/nasa"
	},
	"elements": [
		{
			"name": "visor_blocker",
			"from": [3.75, 18.5, 3.75],
			"to": [12.25, 27.5, 7.75],
			"rotation": {"angle": 0, "axis": "y", "origin": [9, 0, 4.75]},
			"faces": {
				"north": {"uv": [1.25, 9.25, 3.25, 11.5], "texture": "#2"},
				"east": {"uv": [0.25, 9.25, 1.25, 11.5], "texture": "#2"},
				"south": {"uv": [4.25, 9.25, 6.25, 11.5], "texture": "#2"},
				"west": {"uv": [3.25, 9.25, 4.25, 11.5], "texture": "#2"},
				"up": {"uv": [3.25, 9.25, 1.25, 8.25], "texture": "#2"},
				"down": {"uv": [5.25, 8.25, 3.25, 9.25], "texture": "#2"}
			}
		},
		{
			"name": "main",
			"from": [3.25, 18.25, 3.25],
			"to": [12.75, 27.75, 12.75],
			"rotation": {"angle": 0, "axis": "y", "origin": [3.25, 18.25, 3.25]},
			"faces": {
				"north": {"uv": [2, 2, 4, 4], "texture": "#2"},
				"east": {"uv": [0, 2, 2, 4], "texture": "#2"},
				"south": {"uv": [6, 2, 8, 4], "texture": "#2"},
				"west": {"uv": [4, 2, 6, 4], "texture": "#2"},
				"up": {"uv": [4, 2, 2, 0], "texture": "#2"},
				"down": {"uv": [6, 0, 4, 2], "texture": "#2"}
			}
		},
		{
			"name": "overlay",
			"from": [3, 18, 3],
			"to": [13, 28, 13],
			"rotation": {"angle": 0, "axis": "y", "origin": [3.25, 18.25, 3.25]},
			"faces": {
				"north": {"uv": [2, 6, 4, 8], "texture": "#2"},
				"east": {"uv": [0, 6, 2, 8], "texture": "#2"},
				"south": {"uv": [6, 6, 8, 8], "texture": "#2"},
				"west": {"uv": [4, 6, 6, 8], "texture": "#2"},
				"up": {"uv": [4, 6, 2, 4], "texture": "#2"},
				"down": {"uv": [6, 4, 4, 6], "texture": "#2"}
			}
		},
		{
			"name": "right_side",
			"from": [12.75, 25.5, 3.5],
			"to": [14, 27.5, 12.5],
			"rotation": {"angle": 0, "axis": "y", "origin": [11.75, 25.5, 4]},
			"faces": {
				"north": {"uv": [13.25, 2.75, 13.5, 3.25], "texture": "#2"},
				"east": {"uv": [11, 2.75, 13.25, 3.25], "texture": "#2"},
				"south": {"uv": [15.75, 2.75, 16, 3.25], "texture": "#2"},
				"west": {"uv": [13.5, 2.75, 15.75, 3.25], "texture": "#2"},
				"up": {"uv": [13.5, 2.75, 13.25, 0.5], "texture": "#2"},
				"down": {"uv": [13.75, 0.5, 13.5, 2.75], "texture": "#2"}
			}
		},
		{
			"name": "left_side",
			"from": [2, 25.5, 3.5],
			"to": [3.25, 27.5, 12.5],
			"rotation": {"angle": 0, "axis": "y", "origin": [1, 25.5, 4]},
			"faces": {
				"north": {"uv": [10.25, 2.25, 10.5, 2.75], "texture": "#2"},
				"east": {"uv": [8, 2.25, 10.25, 2.75], "texture": "#2"},
				"south": {"uv": [12.75, 2.25, 13, 2.75], "texture": "#2"},
				"west": {"uv": [10.5, 2.25, 12.75, 2.75], "texture": "#2"},
				"up": {"uv": [10.5, 2.25, 10.25, 0], "texture": "#2"},
				"down": {"uv": [10.75, 0, 10.5, 2.25], "texture": "#2"}
			}
		},
		{
			"name": "back_side",
			"from": [4.5, 15.25, 11.75],
			"to": [11.5, 26.25, 13.75],
			"rotation": {"angle": 0, "axis": "y", "origin": [1.25, 25.25, 12.75]},
			"faces": {
				"north": {"uv": [8.75, 3.75, 10.25, 6.5], "texture": "#2"},
				"east": {"uv": [8.25, 3.75, 8.75, 6.5], "texture": "#2"},
				"south": {"uv": [10.75, 3.75, 12.25, 6.5], "texture": "#2"},
				"west": {"uv": [10.25, 3.75, 10.75, 6.5], "texture": "#2"},
				"up": {"uv": [10.25, 3.75, 8.75, 3.25], "texture": "#2"},
				"down": {"uv": [11.75, 3.25, 10.25, 3.75], "texture": "#2"}
			}
		},
		{
			"name": "antenna",
			"from": [11.5, 25.25, 12.75],
			"to": [12.5, 31.75, 13.75],
			"rotation": {"angle": 0, "axis": "y", "origin": [11.5, 24.25, 11.75]},
			"faces": {
				"north": {"uv": [14.75, 1, 15, 2.25], "texture": "#2"},
				"east": {"uv": [14.5, 1, 14.75, 2.25], "texture": "#2"},
				"south": {"uv": [15.25, 1, 15.5, 2.25], "texture": "#2"},
				"west": {"uv": [15, 1, 15.25, 2.25], "texture": "#2"},
				"up": {"uv": [15, 1, 14.75, 0.75], "texture": "#2"},
				"down": {"uv": [15.25, 0.75, 15, 1], "texture": "#2"}
			}
		}
	],
	"display": {
		"thirdperson_righthand": {
			"rotation": [70, 0, 0],
			"translation": [-5.75, -4, -14.75]
		},
		"thirdperson_lefthand": {
			"rotation": [70, 0, 0],
			"translation": [-6, -3, -16.25]
		},
		"firstperson_righthand": {
			"translation": [-1, -12, 3],
			"scale": [0.8, 0.8, 0.8]
		},
		"firstperson_lefthand": {
			"translation": [-1, -12, 3],
			"scale": [0.8, 0.8, 0.8]
		},
		"ground": {
			"translation": [0, -16.25, 0],
			"scale": [1.2, 1.2, 1.2]
		},
		"gui": {
			"rotation": [0, 180, 0],
			"translation": [0, -19.25, 0],
			"scale": [1.2, 1.2, 1.2]
		},
		"head": {
			"translation": [0, -23, 0],
			"scale": [1.5, 1.5, 1.5]
		},
		"fixed": {
			"translation": [0, -18.5, -2.5],
			"scale": [1.2, 1.2, 1.2]
		}
	},
	"groups": [
		{
			"name": "helmet",
			"origin": [8, 24, 8],
			"color": 0,
			"children": [0, 1, 2, 3, 4, 5, 6]
		}
	]
}