{
	"credit": "Made with Blockbench",
	"texture_size": [64, 64],
	"textures": {
		"1": "expansion:armor/helmets/pilot"
	},
	"elements": [
		{
			"name": "visor_blocker",
			"from": [3.75, 18.5, 3.75],
			"to": [12.25, 27.5, 7.75],
			"rotation": {"angle": 0, "axis": "y", "origin": [9, 0, 4.75]},
			"faces": {
				"north": {"uv": [1, 1, 3, 3.25], "texture": "#1"},
				"east": {"uv": [0, 1, 1, 3.25], "texture": "#1"},
				"south": {"uv": [4, 1, 6, 3.25], "texture": "#1"},
				"west": {"uv": [3, 1, 4, 3.25], "texture": "#1"},
				"up": {"uv": [3, 1, 1, 0], "texture": "#1"},
				"down": {"uv": [5, 0, 3, 1], "texture": "#1"}
			}
		},
		{
			"name": "main",
			"from": [3.25, 18.25, 3.25],
			"to": [12.75, 27.75, 12.75],
			"rotation": {"angle": 0, "axis": "y", "origin": [3.25, 18.25, 3.25]},
			"faces": {
				"north": {"uv": [5.5, 5.75, 8, 8.25], "texture": "#1"},
				"east": {"uv": [0, 6, 2.5, 8.5], "texture": "#1"},
				"south": {"uv": [6, 0, 8.5, 2.5], "texture": "#1"},
				"west": {"uv": [2.5, 6, 5, 8.5], "texture": "#1"},
				"up": {"uv": [9.5, 5, 7, 2.5], "texture": "#1"},
				"down": {"uv": [10.5, 5, 8, 7.5], "texture": "#1"}
			}
		},
		{
			"name": "overlay",
			"from": [3, 18, 3],
			"to": [13, 28, 13],
			"rotation": {"angle": 0, "axis": "y", "origin": [3.25, 18.25, 3]},
			"faces": {
				"north": {"uv": [8, 7.5, 10.5, 10], "texture": "#1"},
				"east": {"uv": [5, 8.25, 7.5, 10.75], "texture": "#1"},
				"south": {"uv": [0, 8.5, 2.5, 11], "texture": "#1"},
				"west": {"uv": [8.5, 0, 11, 2.5], "texture": "#1"},
				"up": {"uv": [5, 11, 2.5, 8.5], "texture": "#1"},
				"down": {"uv": [12, 2.5, 9.5, 5], "texture": "#1"}
			}
		},
		{
			"from": [3.25, 18.8, 7],
			"to": [5.5, 25.8, 11.75],
			"rotation": {"angle": -22.5, "axis": "z", "origin": [3.875, 25.8, 8.75]},
			"faces": {
				"north": {"uv": [1, 4.25, 1.5, 6], "texture": "#1"},
				"east": {"uv": [0, 4.25, 1, 6], "texture": "#1"},
				"south": {"uv": [2.5, 4.25, 3, 6], "texture": "#1"},
				"west": {"uv": [1.5, 4.25, 2.5, 6], "texture": "#1"},
				"up": {"uv": [1.5, 4.25, 1, 3.25], "texture": "#1"},
				"down": {"uv": [2, 3.25, 1.5, 4.25], "texture": "#1"}
			}
		},
		{
			"from": [10.5, 18.8, 7],
			"to": [12.75, 25.8, 11.75],
			"rotation": {"angle": 22.5, "axis": "z", "origin": [12.125, 25.8, 8.75]},
			"faces": {
				"north": {"uv": [1.5, 4.25, 1, 6], "texture": "#1"},
				"east": {"uv": [2.5, 4.25, 1.5, 6], "texture": "#1"},
				"south": {"uv": [3, 4.25, 2.5, 6], "texture": "#1"},
				"west": {"uv": [1, 4.25, 0, 6], "texture": "#1"},
				"up": {"uv": [1, 4.25, 1.5, 3.25], "texture": "#1"},
				"down": {"uv": [1.5, 3.25, 2, 4.25], "texture": "#1"}
			}
		},
		{
			"from": [9.59358, 16.5, 0.77269],
			"to": [13.09358, 20, 3.77269],
			"rotation": {"angle": -22.5, "axis": "y", "origin": [11.34358, 18.25, 2.27269]},
			"faces": {
				"north": {"uv": [4.5, 4, 3.75, 4.75], "texture": "#1"},
				"east": {"uv": [5.25, 4, 4.5, 4.75], "texture": "#1"},
				"south": {"uv": [6, 4, 5.25, 4.75], "texture": "#1"},
				"west": {"uv": [3.75, 4, 3, 4.75], "texture": "#1"},
				"up": {"uv": [3.75, 4, 4.5, 3.25], "texture": "#1"},
				"down": {"uv": [4.5, 3.25, 5.25, 4], "texture": "#1"}
			}
		},
		{
			"from": [7, 16.75, 1.25],
			"to": [9, 19.75, 2.25],
			"rotation": {"angle": 0, "axis": "y", "origin": [8.875, 16.26517, 7.39017]},
			"faces": {
				"north": {"uv": [5.75, 5, 6.25, 5.75], "texture": "#1"},
				"east": {"uv": [5.5, 5, 5.75, 5.75], "texture": "#1"},
				"south": {"uv": [6.5, 5, 7, 5.75], "texture": "#1"},
				"west": {"uv": [6.25, 5, 6.5, 5.75], "texture": "#1"},
				"up": {"uv": [6.25, 5, 5.75, 4.75], "texture": "#1"},
				"down": {"uv": [6.75, 4.75, 6.25, 5], "texture": "#1"}
			}
		},
		{
			"from": [2.90642, 16.5, 0.77269],
			"to": [6.40642, 20, 3.77269],
			"rotation": {"angle": 22.5, "axis": "y", "origin": [4.65642, 18.25, 2.27269]},
			"faces": {
				"north": {"uv": [3.75, 4, 4.5, 4.75], "texture": "#1"},
				"east": {"uv": [3, 4, 3.75, 4.75], "texture": "#1"},
				"south": {"uv": [5.25, 4, 6, 4.75], "texture": "#1"},
				"west": {"uv": [4.5, 4, 5.25, 4.75], "texture": "#1"},
				"up": {"uv": [4.5, 4, 3.75, 3.25], "texture": "#1"},
				"down": {"uv": [5.25, 3.25, 4.5, 4], "texture": "#1"}
			}
		},
		{
			"from": [6, 16.75, 2.25],
			"to": [10, 20.75, 3.75],
			"rotation": {"angle": 0, "axis": "y", "origin": [8.875, 16.26517, 8.89017]},
			"faces": {
				"north": {"uv": [3.25, 5, 4.25, 6], "texture": "#1"},
				"east": {"uv": [3, 5, 3.25, 6], "texture": "#1"},
				"south": {"uv": [4.5, 5, 5.5, 6], "texture": "#1"},
				"west": {"uv": [4.25, 5, 4.5, 6], "texture": "#1"},
				"up": {"uv": [4.25, 5, 3.25, 4.75], "texture": "#1"},
				"down": {"uv": [5.25, 4.75, 4.25, 5], "texture": "#1"}
			}
		}
	],
	"display": {
		"thirdperson_righthand": {
			"rotation": [70, 0, 0],
			"translation": [-5.75, -4, -14.75]
		},
		"thirdperson_lefthand": {
			"rotation": [70, 0, 0],
			"translation": [-6, -3, -16.25]
		},
		"firstperson_righthand": {
			"translation": [-1, -12, 3],
			"scale": [0.8, 0.8, 0.8]
		},
		"firstperson_lefthand": {
			"translation": [-1, -12, 3],
			"scale": [0.8, 0.8, 0.8]
		},
		"ground": {
			"translation": [0, -16.25, 0],
			"scale": [1.2, 1.2, 1.2]
		},
		"gui": {
			"rotation": [0, 180, 0],
			"translation": [0, -19.25, 0],
			"scale": [1.2, 1.2, 1.2]
		},
		"head": {
			"translation": [0, -23, 0],
			"scale": [1.5, 1.5, 1.5]
		},
		"fixed": {
			"translation": [0, -18.5, -2.5],
			"scale": [1.2, 1.2, 1.2]
		}
	},
	"groups": [
		{
			"name": "helmet",
			"origin": [8, 24, 8],
			"color": 0,
			"children": [
				0,
				1,
				2,
				3,
				4,
				{
					"name": "breather_1",
					"origin": [8.875, 16.26517, 8.89017],
					"color": 0,
					"children": [5, 6, 7, 8]
				}
			]
		}
	]
}