{
	"textures": {
		"0": "expansion:guides/basic_guide/rocket_bottom_displayitem",
		"particle": "expansion:guides/basic_guide/rocket_bottom_displayitem"
	},
	"elements": [
		{
			"name": "rocket_bottom_displayitem_0",
			"from": [7, 0, 7.5],
			"to": [9, 16, 8.5],
			"rotation": {"angle": 0, "axis": "y", "origin": [0, 0, 7.5]},
			"faces": {
				"north": {"uv": [9, 0, 7, 16], "texture": "#0"},
				"east": {"uv": [8, 0, 9, 16], "texture": "#0"},
				"south": {"uv": [7, 0, 9, 16], "texture": "#0"},
				"west": {"uv": [7, 0, 8, 16], "texture": "#0"},
				"up": {"uv": [7, 0, 9, 1], "texture": "#0"},
				"down": {"uv": [7, 15, 9, 16], "texture": "#0"}
			}
		},
		{
			"name": "rocket_bottom_displayitem_1",
			"from": [5, 1, 7.5],
			"to": [7, 15, 8.5],
			"rotation": {"angle": 0, "axis": "y", "origin": [0, 0, 7.5]},
			"faces": {
				"north": {"uv": [7, 1, 5, 15], "texture": "#0"},
				"east": {"uv": [6, 1, 7, 15], "texture": "#0"},
				"south": {"uv": [5, 1, 7, 15], "texture": "#0"},
				"west": {"uv": [5, 1, 6, 15], "texture": "#0"},
				"up": {"uv": [5, 1, 7, 2], "texture": "#0"},
				"down": {"uv": [5, 14, 7, 15], "texture": "#0"}
			}
		},
		{
			"name": "rocket_bottom_displayitem_2",
			"from": [9, 1, 7.5],
			"to": [11, 15, 8.5],
			"rotation": {"angle": 0, "axis": "y", "origin": [0, 0, 7.5]},
			"faces": {
				"north": {"uv": [11, 1, 9, 15], "texture": "#0"},
				"east": {"uv": [10, 1, 11, 15], "texture": "#0"},
				"south": {"uv": [9, 1, 11, 15], "texture": "#0"},
				"west": {"uv": [9, 1, 10, 15], "texture": "#0"},
				"up": {"uv": [9, 1, 11, 2], "texture": "#0"},
				"down": {"uv": [9, 14, 11, 15], "texture": "#0"}
			}
		},
		{
			"name": "rocket_bottom_displayitem_3",
			"from": [3, 2, 7.5],
			"to": [5, 14, 8.5],
			"rotation": {"angle": 0, "axis": "y", "origin": [0, 0, 7.5]},
			"faces": {
				"north": {"uv": [5, 2, 3, 14], "texture": "#0"},
				"east": {"uv": [4, 2, 5, 14], "texture": "#0"},
				"south": {"uv": [3, 2, 5, 14], "texture": "#0"},
				"west": {"uv": [3, 2, 4, 14], "texture": "#0"},
				"up": {"uv": [3, 2, 5, 3], "texture": "#0"},
				"down": {"uv": [3, 13, 5, 14], "texture": "#0"}
			}
		},
		{
			"name": "rocket_bottom_displayitem_4",
			"from": [11, 2, 7.5],
			"to": [13, 14, 8.5],
			"rotation": {"angle": 0, "axis": "y", "origin": [0, 0, 7.5]},
			"faces": {
				"north": {"uv": [13, 2, 11, 14], "texture": "#0"},
				"east": {"uv": [12, 2, 13, 14], "texture": "#0"},
				"south": {"uv": [11, 2, 13, 14], "texture": "#0"},
				"west": {"uv": [11, 2, 12, 14], "texture": "#0"},
				"up": {"uv": [11, 2, 13, 3], "texture": "#0"},
				"down": {"uv": [11, 13, 13, 14], "texture": "#0"}
			}
		},
		{
			"name": "rocket_bottom_displayitem_5",
			"from": [2, 2, 7.5],
			"to": [3, 13, 8.5],
			"rotation": {"angle": 0, "axis": "y", "origin": [0, 0, 7.5]},
			"faces": {
				"north": {"uv": [3, 3, 2, 14], "texture": "#0"},
				"east": {"uv": [2, 3, 3, 14], "texture": "#0"},
				"south": {"uv": [2, 3, 3, 14], "texture": "#0"},
				"west": {"uv": [2, 3, 3, 14], "texture": "#0"},
				"up": {"uv": [2, 3, 3, 4], "texture": "#0"},
				"down": {"uv": [2, 13, 3, 14], "texture": "#0"}
			}
		},
		{
			"name": "rocket_bottom_displayitem_6",
			"from": [13, 2, 7.5],
			"to": [14, 13, 8.5],
			"rotation": {"angle": 0, "axis": "y", "origin": [0, 0, 7.5]},
			"faces": {
				"north": {"uv": [14, 3, 13, 14], "texture": "#0"},
				"east": {"uv": [13, 3, 14, 14], "texture": "#0"},
				"south": {"uv": [13, 3, 14, 14], "texture": "#0"},
				"west": {"uv": [13, 3, 14, 14], "texture": "#0"},
				"up": {"uv": [13, 3, 14, 4], "texture": "#0"},
				"down": {"uv": [13, 13, 14, 14], "texture": "#0"}
			}
		},
		{
			"name": "rocket_bottom_displayitem_7",
			"from": [1, 3, 7.5],
			"to": [2, 11, 8.5],
			"rotation": {"angle": 0, "axis": "y", "origin": [0, 0, 7.5]},
			"faces": {
				"north": {"uv": [2, 5, 1, 13], "texture": "#0"},
				"east": {"uv": [1, 5, 2, 13], "texture": "#0"},
				"south": {"uv": [1, 5, 2, 13], "texture": "#0"},
				"west": {"uv": [1, 5, 2, 13], "texture": "#0"},
				"up": {"uv": [1, 5, 2, 6], "texture": "#0"},
				"down": {"uv": [1, 12, 2, 13], "texture": "#0"}
			}
		},
		{
			"name": "rocket_bottom_displayitem_8",
			"from": [14, 3, 7.5],
			"to": [15, 11, 8.5],
			"rotation": {"angle": 0, "axis": "y", "origin": [0, 0, 7.5]},
			"faces": {
				"north": {"uv": [15, 5, 14, 13], "texture": "#0"},
				"east": {"uv": [14, 5, 15, 13], "texture": "#0"},
				"south": {"uv": [14, 5, 15, 13], "texture": "#0"},
				"west": {"uv": [14, 5, 15, 13], "texture": "#0"},
				"up": {"uv": [14, 5, 15, 6], "texture": "#0"},
				"down": {"uv": [14, 12, 15, 13], "texture": "#0"}
			}
		},
		{
			"name": "rocket_bottom_displayitem_9",
			"from": [6, 0, 7.5],
			"to": [7, 1, 8.5],
			"rotation": {"angle": 0, "axis": "y", "origin": [0, 0, 7.5]},
			"faces": {
				"north": {"uv": [7, 15, 6, 16], "texture": "#0"},
				"east": {"uv": [6, 15, 7, 16], "texture": "#0"},
				"south": {"uv": [6, 15, 7, 16], "texture": "#0"},
				"west": {"uv": [6, 15, 7, 16], "texture": "#0"},
				"up": {"uv": [6, 15, 7, 16], "texture": "#0"},
				"down": {"uv": [6, 15, 7, 16], "texture": "#0"}
			}
		},
		{
			"name": "rocket_bottom_displayitem_10",
			"from": [9, 0, 7.5],
			"to": [10, 1, 8.5],
			"rotation": {"angle": 0, "axis": "y", "origin": [0, 0, 7.5]},
			"faces": {
				"north": {"uv": [10, 15, 9, 16], "texture": "#0"},
				"east": {"uv": [9, 15, 10, 16], "texture": "#0"},
				"south": {"uv": [9, 15, 10, 16], "texture": "#0"},
				"west": {"uv": [9, 15, 10, 16], "texture": "#0"},
				"up": {"uv": [9, 15, 10, 16], "texture": "#0"},
				"down": {"uv": [9, 15, 10, 16], "texture": "#0"}
			}
		}
	],
	"gui_light": "front",
	"display": {
		"thirdperson_righthand": {
			"translation": [0, 3, 1],
			"scale": [0.55, 0.55, 0.55]
		},
		"thirdperson_lefthand": {
			"translation": [0, 3, 1],
			"scale": [0.55, 0.55, 0.55]
		},
		"firstperson_righthand": {
			"rotation": [0, -90, 25],
			"translation": [1.13, 3.2, 1.13],
			"scale": [0.68, 0.68, 0.68]
		},
		"firstperson_lefthand": {
			"rotation": [0, -90, 25],
			"translation": [1.13, 3.2, 1.13],
			"scale": [0.68, 0.68, 0.68]
		},
		"ground": {
			"translation": [0, 2, 0],
			"scale": [0.5, 0.5, 0.5]
		},
		"head": {
			"rotation": [90, 0, 0],
			"translation": [0, -42.4, 0],
			"scale": [1.6, 1.6, 1.6]
		},
		"fixed": {
			"rotation": [0, 180, 0]
		}
	},
	"groups": [
		{
			"name": "rocket_bottom_displayitem",
			"origin": [8, 8, 15.5],
			"color": 0,
			"nbt": "{}",
			"armAnimationEnabled": false,
			"children": [0, 1, 2, 3, 4, 5, 6, 7, 8, 9, 10]
		}
	]
}