{
	"textures": {
		"0": "expansion:guides/basic_guide/rocket_top_displayitem",
		"particle": "expansion:guides/basic_guide/rocket_top_displayitem"
	},
	"elements": [
		{
			"name": "rocket_top_displayitem_0",
			"from": [6, 0, 7.5],
			"to": [10, 14, 8.5],
			"rotation": {"angle": 0, "axis": "y", "origin": [0, 0, 7.5]},
			"faces": {
				"north": {"uv": [10, 1, 6, 15], "texture": "#0"},
				"east": {"uv": [9, 1, 10, 15], "texture": "#0"},
				"south": {"uv": [6, 1, 10, 15], "texture": "#0"},
				"west": {"uv": [6, 1, 7, 15], "texture": "#0"},
				"up": {"uv": [6, 1, 10, 2], "texture": "#0"},
				"down": {"uv": [6, 14, 10, 15], "texture": "#0"}
			}
		},
		{
			"name": "rocket_top_displayitem_1",
			"from": [5, 0, 7.5],
			"to": [6, 13, 8.5],
			"rotation": {"angle": 0, "axis": "y", "origin": [0, 0, 7.5]},
			"faces": {
				"north": {"uv": [6, 2, 5, 15], "texture": "#0"},
				"east": {"uv": [5, 2, 6, 15], "texture": "#0"},
				"south": {"uv": [5, 2, 6, 15], "texture": "#0"},
				"west": {"uv": [5, 2, 6, 15], "texture": "#0"},
				"up": {"uv": [5, 2, 6, 3], "texture": "#0"},
				"down": {"uv": [5, 14, 6, 15], "texture": "#0"}
			}
		},
		{
			"name": "rocket_top_displayitem_2",
			"from": [10, 0, 7.5],
			"to": [11, 13, 8.5],
			"rotation": {"angle": 0, "axis": "y", "origin": [0, 0, 7.5]},
			"faces": {
				"north": {"uv": [11, 2, 10, 15], "texture": "#0"},
				"east": {"uv": [10, 2, 11, 15], "texture": "#0"},
				"south": {"uv": [10, 2, 11, 15], "texture": "#0"},
				"west": {"uv": [10, 2, 11, 15], "texture": "#0"},
				"up": {"uv": [10, 2, 11, 3], "texture": "#0"},
				"down": {"uv": [10, 14, 11, 15], "texture": "#0"}
			}
		},
		{
			"name": "rocket_top_displayitem_3",
			"from": [4, 1, 7.5],
			"to": [5, 12, 8.5],
			"rotation": {"angle": 0, "axis": "y", "origin": [0, 0, 7.5]},
			"faces": {
				"north": {"uv": [5, 3, 4, 14], "texture": "#0"},
				"east": {"uv": [4, 3, 5, 14], "texture": "#0"},
				"south": {"uv": [4, 3, 5, 14], "texture": "#0"},
				"west": {"uv": [4, 3, 5, 14], "texture": "#0"},
				"up": {"uv": [4, 3, 5, 4], "texture": "#0"},
				"down": {"uv": [4, 13, 5, 14], "texture": "#0"}
			}
		},
		{
			"name": "rocket_top_displayitem_4",
			"from": [11, 1, 7.5],
			"to": [12, 12, 8.5],
			"rotation": {"angle": 0, "axis": "y", "origin": [0, 0, 7.5]},
			"faces": {
				"north": {"uv": [12, 3, 11, 14], "texture": "#0"},
				"east": {"uv": [11, 3, 12, 14], "texture": "#0"},
				"south": {"uv": [11, 3, 12, 14], "texture": "#0"},
				"west": {"uv": [11, 3, 12, 14], "texture": "#0"},
				"up": {"uv": [11, 3, 12, 4], "texture": "#0"},
				"down": {"uv": [11, 13, 12, 14], "texture": "#0"}
			}
		},
		{
			"name": "rocket_top_displayitem_5",
			"from": [3, 1, 7.5],
			"to": [4, 9, 8.5],
			"rotation": {"angle": 0, "axis": "y", "origin": [0, 0, 7.5]},
			"faces": {
				"north": {"uv": [4, 6, 3, 14], "texture": "#0"},
				"east": {"uv": [3, 6, 4, 14], "texture": "#0"},
				"south": {"uv": [3, 6, 4, 14], "texture": "#0"},
				"west": {"uv": [3, 6, 4, 14], "texture": "#0"},
				"up": {"uv": [3, 6, 4, 7], "texture": "#0"},
				"down": {"uv": [3, 13, 4, 14], "texture": "#0"}
			}
		},
		{
			"name": "rocket_top_displayitem_6",
			"from": [12, 1, 7.5],
			"to": [13, 9, 8.5],
			"rotation": {"angle": 0, "axis": "y", "origin": [0, 0, 7.5]},
			"faces": {
				"north": {"uv": [13, 6, 12, 14], "texture": "#0"},
				"east": {"uv": [12, 6, 13, 14], "texture": "#0"},
				"south": {"uv": [12, 6, 13, 14], "texture": "#0"},
				"west": {"uv": [12, 6, 13, 14], "texture": "#0"},
				"up": {"uv": [12, 6, 13, 7], "texture": "#0"},
				"down": {"uv": [12, 13, 13, 14], "texture": "#0"}
			}
		},
		{
			"name": "rocket_top_displayitem_7",
			"from": [2, 2, 7.5],
			"to": [3, 7, 8.5],
			"rotation": {"angle": 0, "axis": "y", "origin": [0, 0, 7.5]},
			"faces": {
				"north": {"uv": [3, 8, 2, 13], "texture": "#0"},
				"east": {"uv": [2, 8, 3, 13], "texture": "#0"},
				"south": {"uv": [2, 8, 3, 13], "texture": "#0"},
				"west": {"uv": [2, 8, 3, 13], "texture": "#0"},
				"up": {"uv": [2, 8, 3, 9], "texture": "#0"},
				"down": {"uv": [2, 12, 3, 13], "texture": "#0"}
			}
		},
		{
			"name": "rocket_top_displayitem_8",
			"from": [13, 2, 7.5],
			"to": [14, 7, 8.5],
			"rotation": {"angle": 0, "axis": "y", "origin": [0, 0, 7.5]},
			"faces": {
				"north": {"uv": [14, 8, 13, 13], "texture": "#0"},
				"east": {"uv": [13, 8, 14, 13], "texture": "#0"},
				"south": {"uv": [13, 8, 14, 13], "texture": "#0"},
				"west": {"uv": [13, 8, 14, 13], "texture": "#0"},
				"up": {"uv": [13, 8, 14, 9], "texture": "#0"},
				"down": {"uv": [13, 12, 14, 13], "texture": "#0"}
			}
		}
	],
	"gui_light": "front",
	"display": {
		"thirdperson_righthand": {
			"translation": [0, 3, 1],
			"scale": [0.55, 0.55, 0.55]
		},
		"thirdperson_lefthand": {
			"translation": [0, 3, 1],
			"scale": [0.55, 0.55, 0.55]
		},
		"firstperson_righthand": {
			"rotation": [0, -90, 25],
			"translation": [1.13, 3.2, 1.13],
			"scale": [0.68, 0.68, 0.68]
		},
		"firstperson_lefthand": {
			"rotation": [0, -90, 25],
			"translation": [1.13, 3.2, 1.13],
			"scale": [0.68, 0.68, 0.68]
		},
		"ground": {
			"translation": [0, 2, 0],
			"scale": [0.5, 0.5, 0.5]
		},
		"head": {
			"rotation": [90, 0, 0],
			"translation": [0, -42.4, 0],
			"scale": [1.6, 1.6, 1.6]
		},
		"fixed": {
			"rotation": [0, 180, 0]
		}
	},
	"groups": [
		{
			"name": "rocket_top_displayitem",
			"origin": [8, 8, 8],
			"color": 0,
			"nbt": "{}",
			"armAnimationEnabled": false,
			"children": [0, 1, 2, 3, 4, 5, 6, 7, 8]
		}
	]
}