{
	"textures": {
		"0": "expansion:structures/assembler/assembler"
	},
	"elements": [
		{
			"from": [
				7.25,
				13.4114,
				0.9140800000000002
			],
			"to": [
				8.75,
				14.9114,
				9.914079999999998
			],
			"rotation": {
				"angle": -45,
				"axis": "x",
				"origin": [
					20.25,
					3.7168600000000005,
					16.31497
				]
			},
			"faces": {
				"north": {
					"uv": [
						11.3125,
						0.1875,
						11.4375,
						0.3125
					],
					"texture": "#0"
				},
				"east": {
					"uv": [
						8.875,
						4.5,
						9.4375,
						4.625
					],
					"texture": "#0"
				},
				"south": {
					"uv": [
						0.3125,
						11.3125,
						0.4375,
						11.4375
					],
					"texture": "#0"
				},
				"west": {
					"uv": [
						8.875,
						8.6875,
						9.4375,
						8.8125
					],
					"texture": "#0"
				},
				"up": {
					"uv": [
						6.1875,
						9.375,
						6.0625,
						8.8125
					],
					"texture": "#0"
				},
				"down": {
					"uv": [
						8.5,
						8.8125,
						8.375,
						9.375
					],
					"texture": "#0"
				}
			}
		},
		{
			"from": [
				7,
				13.1614,
				9.914079999999998
			],
			"to": [
				9,
				15.1614,
				11.664079999999998
			],
			"rotation": {
				"angle": -45,
				"axis": "x",
				"origin": [
					20.25,
					3.7168600000000005,
					16.31497
				]
			},
			"faces": {
				"north": {
					"uv": [
						11.3125,
						0.375,
						11.4375,
						0.5
					],
					"texture": "#0"
				},
				"east": {
					"uv": [
						0.5,
						11.3125,
						0.625,
						11.4375
					],
					"texture": "#0"
				},
				"south": {
					"uv": [
						0.6875,
						11.3125,
						0.8125,
						11.4375
					],
					"texture": "#0"
				},
				"west": {
					"uv": [
						0.875,
						11.3125,
						1,
						11.4375
					],
					"texture": "#0"
				},
				"up": {
					"uv": [
						1.1875,
						11.4375,
						1.0625,
						11.3125
					],
					"texture": "#0"
				},
				"down": {
					"uv": [
						11.4375,
						1.0625,
						11.3125,
						1.1875
					],
					"texture": "#0"
				}
			}
		},
		{
			"from": [
				7,
				8.0207,
				4.93378
			],
			"to": [
				9,
				8.5207,
				5.63378
			],
			"rotation": {
				"angle": 0,
				"axis": "y",
				"origin": [
					8,
					8.2707,
					5.28378
				]
			},
			"faces": {
				"north": {
					"uv": [
						4.5,
						12.125,
						4.625,
						12.1875
					],
					"texture": "#0"
				},
				"east": {
					"uv": [
						12.1875,
						11.3125,
						12.25,
						11.375
					],
					"texture": "#0"
				},
				"south": {
					"uv": [
						12.125,
						4.8125,
						12.25,
						4.875
					],
					"texture": "#0"
				},
				"west": {
					"uv": [
						12.1875,
						11.4375,
						12.25,
						11.5
					],
					"texture": "#0"
				},
				"up": {
					"uv": [
						12.25,
						5,
						12.125,
						4.9375
					],
					"texture": "#0"
				},
				"down": {
					"uv": [
						5.1875,
						12.125,
						5.0625,
						12.1875
					],
					"texture": "#0"
				}
			}
		},
		{
			"from": [
				7,
				13.6614,
				11.664079999999998
			],
			"to": [
				9,
				14.6614,
				12.164079999999998
			],
			"rotation": {
				"angle": -45,
				"axis": "x",
				"origin": [
					20.25,
					3.7168600000000005,
					16.31497
				]
			},
			"faces": {
				"north": {
					"uv": [
						3.375,
						12.125,
						3.5,
						12.1875
					],
					"texture": "#0"
				},
				"east": {
					"uv": [
						12.1875,
						11.0625,
						12.25,
						11.125
					],
					"texture": "#0"
				},
				"south": {
					"uv": [
						12.125,
						4,
						12.25,
						4.0625
					],
					"texture": "#0"
				},
				"west": {
					"uv": [
						12.1875,
						11.1875,
						12.25,
						11.25
					],
					"texture": "#0"
				},
				"up": {
					"uv": [
						12.25,
						4.1875,
						12.125,
						4.125
					],
					"texture": "#0"
				},
				"down": {
					"uv": [
						12.25,
						4.25,
						12.125,
						4.3125
					],
					"texture": "#0"
				}
			}
		},
		{
			"from": [
				7,
				7.106480000000001,
				5.847989999999999
			],
			"to": [
				9,
				7.8064800000000005,
				6.347989999999999
			],
			"rotation": {
				"angle": 0,
				"axis": "y",
				"origin": [
					8,
					7.456480000000001,
					6.097989999999999
				]
			},
			"faces": {
				"north": {
					"uv": [
						12.125,
						5.0625,
						12.25,
						5.125
					],
					"texture": "#0"
				},
				"east": {
					"uv": [
						12.1875,
						11.75,
						12.25,
						11.8125
					],
					"texture": "#0"
				},
				"south": {
					"uv": [
						12.125,
						5.1875,
						12.25,
						5.25
					],
					"texture": "#0"
				},
				"west": {
					"uv": [
						11.8125,
						12.1875,
						11.875,
						12.25
					],
					"texture": "#0"
				},
				"up": {
					"uv": [
						12.25,
						5.375,
						12.125,
						5.3125
					],
					"texture": "#0"
				},
				"down": {
					"uv": [
						12.25,
						5.4375,
						12.125,
						5.5
					],
					"texture": "#0"
				}
			}
		}
	],
	"display": {
		"head": {
			"rotation": [
				0,
				180,
				0
			]
		}
	}
}