{
	"textures": {
		"0": "expansion:structures/assembler/assembler"
	},
	"elements": [
		{
			"from": [
				-2.5558702219656038,
				8.11236253087537,
				11.956736747313265
			],
			"to": [
				-0.797320556493041,
				9.87091219634793,
				16.353110910994673
			],
			"rotation": {
				"angle": -45,
				"axis": "z",
				"origin": [
					1.8450761708460313,
					27.124227612014117,
					8.87927483273628
				]
			},
			"faces": {
				"north": {
					"uv": [
						10.625,
						10.1875,
						10.75,
						10.3125
					],
					"texture": "#0"
				},
				"east": {
					"uv": [
						0.875,
						10.25,
						1.1875,
						10.375
					],
					"texture": "#0"
				},
				"south": {
					"uv": [
						11.1875,
						10.125,
						11.3125,
						10.25
					],
					"texture": "#0"
				},
				"west": {
					"uv": [
						2.8125,
						10.25,
						3.125,
						10.375
					],
					"texture": "#0"
				},
				"up": {
					"uv": [
						7.25,
						10.5,
						7.125,
						10.1875
					],
					"texture": "#0"
				},
				"down": {
					"uv": [
						10.375,
						2.875,
						10.25,
						3.1875
					],
					"texture": "#0"
				}
			}
		},
		{
			"from": [
				-13.981870818407032,
				15.913473494626531,
				11.956736747313265
			],
			"to": [
				-11.344046320198188,
				16.792748327362812,
				16.353110910994673
			],
			"rotation": {
				"angle": 0,
				"axis": "y",
				"origin": [
					1.8450761708460313,
					27.124227612014117,
					8.87927483273628
				]
			},
			"faces": {
				"north": {
					"uv": [
						8.5625,
						8.125,
						8.75,
						8.1875
					],
					"texture": "#0"
				},
				"east": {
					"uv": [
						1.4375,
						11.1875,
						1.75,
						11.25
					],
					"texture": "#0"
				},
				"south": {
					"uv": [
						9.125,
						1.875,
						9.3125,
						1.9375
					],
					"texture": "#0"
				},
				"west": {
					"uv": [
						1.8125,
						11.1875,
						2.125,
						11.25
					],
					"texture": "#0"
				},
				"up": {
					"uv": [
						0.375,
						9.8125,
						0.1875,
						9.5
					],
					"texture": "#0"
				},
				"down": {
					"uv": [
						7.875,
						9.5625,
						7.6875,
						9.875
					],
					"texture": "#0"
				}
			}
		},
		{
			"from": [
				-16,
				17.45918589408695,
				11.956736747313265
			],
			"to": [
				-14.241450334527435,
				20.976285225032072,
				16.353110910994673
			],
			"rotation": {
				"angle": 22.5,
				"axis": "z",
				"origin": [
					-13.679945426342048,
					20.367879797268532,
					14.154923829153969
				]
			},
			"faces": {
				"north": {
					"uv": [
						1,
						10.8125,
						1.125,
						11.0625
					],
					"texture": "#0"
				},
				"east": {
					"uv": [
						8.75,
						1.3125,
						9.0625,
						1.5625
					],
					"texture": "#0"
				},
				"south": {
					"uv": [
						10.8125,
						2.4375,
						10.9375,
						2.6875
					],
					"texture": "#0"
				},
				"west": {
					"uv": [
						8.75,
						1.625,
						9.0625,
						1.875
					],
					"texture": "#0"
				},
				"up": {
					"uv": [
						5.375,
						10.5625,
						5.25,
						10.25
					],
					"texture": "#0"
				},
				"down": {
					"uv": [
						5.5625,
						10.25,
						5.4375,
						10.5625
					],
					"texture": "#0"
				}
			}
		},
		{
			"from": [
				-16,
				20.976285225032072,
				11.956736747313265
			],
			"to": [
				-15.120725167263718,
				22.734834890504636,
				16.353110910994673
			],
			"rotation": {
				"angle": 22.5,
				"axis": "z",
				"origin": [
					-13.679945426342048,
					20.367879797268532,
					14.154923829153969
				]
			},
			"faces": {
				"north": {
					"uv": [
						4.625,
						10.4375,
						4.6875,
						10.5625
					],
					"texture": "#0"
				},
				"east": {
					"uv": [
						10.25,
						6,
						10.5625,
						6.125
					],
					"texture": "#0"
				},
				"south": {
					"uv": [
						5.125,
						10.4375,
						5.1875,
						10.5625
					],
					"texture": "#0"
				},
				"west": {
					"uv": [
						6.4375,
						10.25,
						6.75,
						10.375
					],
					"texture": "#0"
				},
				"up": {
					"uv": [
						4.125,
						10.25,
						4.0625,
						9.9375
					],
					"texture": "#0"
				},
				"down": {
					"uv": [
						6.1875,
						11.0625,
						6.125,
						11.375
					],
					"texture": "#0"
				}
			}
		},
		{
			"from": [
				-15.120725167263718,
				20.976285225032072,
				6.681087750895578
			],
			"to": [
				-14.241450334527435,
				22.734834890504636,
				21.62875990741236
			],
			"rotation": {
				"angle": 22.5,
				"axis": "z",
				"origin": [
					-13.679945426342048,
					20.367879797268532,
					14.154923829153969
				]
			},
			"faces": {
				"north": {
					"uv": [
						6.8125,
						10.25,
						6.875,
						10.375
					],
					"texture": "#0"
				},
				"east": {
					"uv": [
						3.6875,
						6.6875,
						4.75,
						6.8125
					],
					"texture": "#0"
				},
				"south": {
					"uv": [
						3.5625,
						10.3125,
						3.625,
						10.4375
					],
					"texture": "#0"
				},
				"west": {
					"uv": [
						0,
						6.8125,
						1.0625,
						6.9375
					],
					"texture": "#0"
				},
				"up": {
					"uv": [
						6.1875,
						7.6875,
						6.125,
						6.625
					],
					"texture": "#0"
				},
				"down": {
					"uv": [
						5.125,
						8.5,
						5.0625,
						9.5625
					],
					"texture": "#0"
				}
			}
		},
		{
			"from": [
				-15.120725167263718,
				19.217735559559515,
				16.353110910994673
			],
			"to": [
				-14.241450334527435,
				20.976285225032072,
				21.62875990741236
			],
			"rotation": {
				"angle": 22.5,
				"axis": "z",
				"origin": [
					-13.679945426342048,
					20.367879797268532,
					14.154923829153969
				]
			},
			"faces": {
				"north": {
					"uv": [
						6.5,
						9.875,
						6.5625,
						10
					],
					"texture": "#0"
				},
				"east": {
					"uv": [
						9.625,
						9.8125,
						10,
						9.9375
					],
					"texture": "#0"
				},
				"south": {
					"uv": [
						1.25,
						10.25,
						1.3125,
						10.375
					],
					"texture": "#0"
				},
				"west": {
					"uv": [
						0,
						9.875,
						0.375,
						10
					],
					"texture": "#0"
				},
				"up": {
					"uv": [
						3,
						6.5,
						2.9375,
						6.125
					],
					"texture": "#0"
				},
				"down": {
					"uv": [
						5.125,
						6.6875,
						5.0625,
						7.0625
					],
					"texture": "#0"
				}
			}
		},
		{
			"from": [
				-14.940860707479185,
				18.855228131519,
				6.681087750895578
			],
			"to": [
				-14.061585874742903,
				20.613777796991563,
				11.956736747313265
			],
			"rotation": {
				"angle": 22.5,
				"axis": "z",
				"origin": [
					-14.501223291111042,
					19.734502964255277,
					9.318912249104422
				]
			},
			"faces": {
				"north": {
					"uv": [
						1,
						10.625,
						1.0625,
						10.75
					],
					"texture": "#0"
				},
				"east": {
					"uv": [
						9.875,
						0.1875,
						10.25,
						0.3125
					],
					"texture": "#0"
				},
				"south": {
					"uv": [
						6.875,
						10.625,
						6.9375,
						10.75
					],
					"texture": "#0"
				},
				"west": {
					"uv": [
						1,
						9.875,
						1.375,
						10
					],
					"texture": "#0"
				},
				"up": {
					"uv": [
						6.1875,
						8.125,
						6.125,
						7.75
					],
					"texture": "#0"
				},
				"down": {
					"uv": [
						6,
						9,
						5.9375,
						9.375
					],
					"texture": "#0"
				}
			}
		},
		{
			"from": [
				-14.803324538142576,
				19.53095963322516,
				6.059343723919426
			],
			"to": [
				-11.286225207197454,
				23.048058964170284,
				6.938618556655707
			],
			"rotation": {
				"angle": 22.5,
				"axis": "z",
				"origin": [
					-13.044774872670011,
					21.28950929869772,
					6.498981140287567
				]
			},
			"faces": {
				"north": {
					"uv": [
						8.25,
						9.4375,
						8.5,
						9.6875
					],
					"texture": "#0"
				},
				"east": {
					"uv": [
						11.25,
						3.25,
						11.3125,
						3.5
					],
					"texture": "#0"
				},
				"south": {
					"uv": [
						9.125,
						9.4375,
						9.375,
						9.6875
					],
					"texture": "#0"
				},
				"west": {
					"uv": [
						11.25,
						3.5625,
						11.3125,
						3.8125
					],
					"texture": "#0"
				},
				"up": {
					"uv": [
						11.5,
						2.75,
						11.25,
						2.6875
					],
					"texture": "#0"
				},
				"down": {
					"uv": [
						11.5,
						2.8125,
						11.25,
						2.875
					],
					"texture": "#0"
				}
			}
		},
		{
			"from": [
				-11.346156579796755,
				19.47003468006486,
				6.732912209537054
			],
			"to": [
				-10.466881747060476,
				22.987134011009985,
				8.491461875009616
			],
			"rotation": {
				"angle": 22.5,
				"axis": "z",
				"origin": [
					-13.070836578712317,
					20.62017891777388,
					14.411091758923359
				]
			},
			"faces": {
				"north": {
					"uv": [
						4.5625,
						11.25,
						4.625,
						11.5
					],
					"texture": "#0"
				},
				"east": {
					"uv": [
						2.875,
						10.8125,
						3,
						11.0625
					],
					"texture": "#0"
				},
				"south": {
					"uv": [
						4.6875,
						11.25,
						4.75,
						11.5
					],
					"texture": "#0"
				},
				"west": {
					"uv": [
						4.0625,
						10.8125,
						4.1875,
						11.0625
					],
					"texture": "#0"
				},
				"up": {
					"uv": [
						10.75,
						7.25,
						10.6875,
						7.125
					],
					"texture": "#0"
				},
				"down": {
					"uv": [
						10.8125,
						1.125,
						10.75,
						1.25
					],
					"texture": "#0"
				}
			}
		},
		{
			"from": [
				-11.812989966741426,
				20.22328305102505,
				19.860054617621692
			],
			"to": [
				-10.933715134005148,
				23.74038238197018,
				21.618604283094257
			],
			"rotation": {
				"angle": 22.5,
				"axis": "z",
				"origin": [
					-11.373352550373287,
					21.981832716497614,
					20.739329450357975
				]
			},
			"faces": {
				"north": {
					"uv": [
						11.25,
						2.0625,
						11.3125,
						2.3125
					],
					"texture": "#0"
				},
				"east": {
					"uv": [
						2.6875,
						10.8125,
						2.8125,
						11.0625
					],
					"texture": "#0"
				},
				"south": {
					"uv": [
						11.25,
						2.375,
						11.3125,
						2.625
					],
					"texture": "#0"
				},
				"west": {
					"uv": [
						10.8125,
						2.75,
						10.9375,
						3
					],
					"texture": "#0"
				},
				"up": {
					"uv": [
						3.375,
						10.8125,
						3.3125,
						10.6875
					],
					"texture": "#0"
				},
				"down": {
					"uv": [
						10.75,
						5.375,
						10.6875,
						5.5
					],
					"texture": "#0"
				}
			}
		},
		{
			"from": [
				-14.498981140287565,
				19.217735559559515,
				21.371229101652233
			],
			"to": [
				-10.98188180934244,
				22.734834890504636,
				22.25050393438851
			],
			"rotation": {
				"angle": 22.5,
				"axis": "z",
				"origin": [
					-13.679945426342048,
					20.367879797268532,
					14.154923829153969
				]
			},
			"faces": {
				"north": {
					"uv": [
						5.9375,
						9.4375,
						6.1875,
						9.6875
					],
					"texture": "#0"
				},
				"east": {
					"uv": [
						11.1875,
						10.3125,
						11.25,
						10.5625
					],
					"texture": "#0"
				},
				"south": {
					"uv": [
						9.4375,
						6.0625,
						9.6875,
						6.3125
					],
					"texture": "#0"
				},
				"west": {
					"uv": [
						11.25,
						1.625,
						11.3125,
						1.875
					],
					"texture": "#0"
				},
				"up": {
					"uv": [
						8.4375,
						1.5,
						8.1875,
						1.4375
					],
					"texture": "#0"
				},
				"down": {
					"uv": [
						11.5,
						1.9375,
						11.25,
						2
					],
					"texture": "#0"
				}
			}
		},
		{
			"from": [
				-14.861145651143314,
				12.836011580049547,
				15.47383607825839
			],
			"to": [
				-13.981870818407032,
				15.47383607825839,
				16.353110910994673
			],
			"rotation": {
				"angle": 0,
				"axis": "y",
				"origin": [
					1.8450761708460313,
					27.124227612014117,
					8.87927483273628
				]
			},
			"faces": {
				"north": {
					"uv": [
						0,
						11.5625,
						0.0625,
						11.75
					],
					"texture": "#0"
				},
				"east": {
					"uv": [
						2.375,
						11.625,
						2.4375,
						11.8125
					],
					"texture": "#0"
				},
				"south": {
					"uv": [
						3.25,
						11.625,
						3.3125,
						11.8125
					],
					"texture": "#0"
				},
				"west": {
					"uv": [
						3.375,
						11.625,
						3.4375,
						11.8125
					],
					"texture": "#0"
				},
				"up": {
					"uv": [
						4.875,
						11.0625,
						4.8125,
						11
					],
					"texture": "#0"
				},
				"down": {
					"uv": [
						11.375,
						9,
						11.3125,
						9.0625
					],
					"texture": "#0"
				}
			}
		},
		{
			"from": [
				-12.22332115293447,
				12.836011580049547,
				11.956736747313265
			],
			"to": [
				-11.344046320198188,
				15.47383607825839,
				12.836011580049547
			],
			"rotation": {
				"angle": 0,
				"axis": "y",
				"origin": [
					1.8450761708460313,
					27.124227612014117,
					8.87927483273628
				]
			},
			"faces": {
				"north": {
					"uv": [
						5.0625,
						7.125,
						5.125,
						7.3125
					],
					"texture": "#0"
				},
				"east": {
					"uv": [
						2.125,
						8.375,
						2.1875,
						8.5625
					],
					"texture": "#0"
				},
				"south": {
					"uv": [
						1.1875,
						8.5625,
						1.25,
						8.75
					],
					"texture": "#0"
				},
				"west": {
					"uv": [
						8.75,
						9.0625,
						8.8125,
						9.25
					],
					"texture": "#0"
				},
				"up": {
					"uv": [
						10.8125,
						6.5,
						10.75,
						6.4375
					],
					"texture": "#0"
				},
				"down": {
					"uv": [
						7.875,
						10.8125,
						7.8125,
						10.875
					],
					"texture": "#0"
				}
			}
		},
		{
			"from": [
				-14.861145651143314,
				12.836011580049547,
				11.956736747313265
			],
			"to": [
				-13.981870818407032,
				15.47383607825839,
				12.836011580049547
			],
			"rotation": {
				"angle": 0,
				"axis": "y",
				"origin": [
					1.8450761708460313,
					27.124227612014117,
					8.87927483273628
				]
			},
			"faces": {
				"north": {
					"uv": [
						3.375,
						9.875,
						3.4375,
						10.0625
					],
					"texture": "#0"
				},
				"east": {
					"uv": [
						5.25,
						10,
						5.3125,
						10.1875
					],
					"texture": "#0"
				},
				"south": {
					"uv": [
						5.75,
						11.5,
						5.8125,
						11.6875
					],
					"texture": "#0"
				},
				"west": {
					"uv": [
						8.6875,
						11.5,
						8.75,
						11.6875
					],
					"texture": "#0"
				},
				"up": {
					"uv": [
						4.6875,
						10.9375,
						4.625,
						10.875
					],
					"texture": "#0"
				},
				"down": {
					"uv": [
						10.9375,
						6.6875,
						10.875,
						6.75
					],
					"texture": "#0"
				}
			}
		},
		{
			"from": [
				-12.22332115293447,
				12.836011580049547,
				15.47383607825839
			],
			"to": [
				-11.344046320198188,
				15.47383607825839,
				16.353110910994673
			],
			"rotation": {
				"angle": 0,
				"axis": "y",
				"origin": [
					1.8450761708460313,
					27.124227612014117,
					8.87927483273628
				]
			},
			"faces": {
				"north": {
					"uv": [
						3.5,
						11.625,
						3.5625,
						11.8125
					],
					"texture": "#0"
				},
				"east": {
					"uv": [
						4,
						11.625,
						4.0625,
						11.8125
					],
					"texture": "#0"
				},
				"south": {
					"uv": [
						11.625,
						4.875,
						11.6875,
						5.0625
					],
					"texture": "#0"
				},
				"west": {
					"uv": [
						11.625,
						5.125,
						11.6875,
						5.3125
					],
					"texture": "#0"
				},
				"up": {
					"uv": [
						11.375,
						10.5625,
						11.3125,
						10.5
					],
					"texture": "#0"
				},
				"down": {
					"uv": [
						5.4375,
						11.375,
						5.375,
						11.4375
					],
					"texture": "#0"
				}
			}
		},
		{
			"from": [
				-14.861145651143314,
				15.47383607825839,
				11.956736747313265
			],
			"to": [
				-11.344046320198188,
				15.913473494626531,
				16.353110910994673
			],
			"rotation": {
				"angle": 0,
				"axis": "y",
				"origin": [
					1.8450761708460313,
					27.124227612014117,
					8.87927483273628
				]
			},
			"faces": {
				"north": {
					"uv": [
						7.6875,
						2.125,
						7.9375,
						2.1875
					],
					"texture": "#0"
				},
				"east": {
					"uv": [
						8.9375,
						0.1875,
						9.25,
						0.25
					],
					"texture": "#0"
				},
				"south": {
					"uv": [
						7.6875,
						8.125,
						7.9375,
						8.1875
					],
					"texture": "#0"
				},
				"west": {
					"uv": [
						11.125,
						0.9375,
						11.4375,
						1
					],
					"texture": "#0"
				},
				"up": {
					"uv": [
						8.9375,
						5.4375,
						8.6875,
						5.125
					],
					"texture": "#0"
				},
				"down": {
					"uv": [
						8.8125,
						8.6875,
						8.5625,
						9
					],
					"texture": "#0"
				}
			}
		}
	],
	"display": {
		"head": {
			"rotation": [
				0,
				180,
				0
			]
		}
	}
}