{
	"textures": {
		"1": "animated_java:item/mech_torso/mech"
	},
	"display": {
		"head": {
			"rotation": [0, 180, 0]
		}
	},
	"elements": [
		{
			"from": [6, -4.5, 4.5],
			"to": [10, 5.5, 10.5],
			"rotation": {
				"angle": 0,
				"axis": "y",
				"origin": [6.5, 3.5, 8]
			},
			"faces": {
				"north": {
					"uv": [7.5625, 4.0625, 7.8125, 4.6875],
					"texture": "#1"
				},
				"east": {
					"uv": [4.625, 6.4375, 5, 7.0625],
					"texture": "#1"
				},
				"south": {
					"uv": [1.125, 7.625, 1.375, 8.25],
					"texture": "#1"
				},
				"west": {
					"uv": [6.4375, 5.4375, 6.8125, 6.0625],
					"texture": "#1"
				},
				"up": {
					"uv": [6.3125, 8.9375, 6.0625, 8.5625],
					"texture": "#1"
				},
				"down": {
					"uv": [8.8125, 6.3125, 8.5625, 6.6875],
					"texture": "#1"
				}
			}
		},
		{
			"from": [5, -1.5, 5.5],
			"to": [6, 8.5, 9.5],
			"rotation": {
				"angle": 0,
				"axis": "y",
				"origin": [6.5, 3.5, 8]
			},
			"faces": {
				"north": {
					"uv": [0.8125, 5.8125, 0.875, 6.4375],
					"texture": "#1"
				},
				"east": {
					"uv": [1.4375, 7.625, 1.6875, 8.25],
					"texture": "#1"
				},
				"south": {
					"uv": [7.25, 9.5, 7.3125, 10.125],
					"texture": "#1"
				},
				"west": {
					"uv": [3.125, 7.625, 3.375, 8.25],
					"texture": "#1"
				},
				"up": {
					"uv": [6.0625, 6.8125, 6, 6.5625],
					"texture": "#1"
				},
				"down": {
					"uv": [1.1875, 7.1875, 1.125, 7.4375],
					"texture": "#1"
				}
			}
		},
		{
			"from": [6, 5.5, 4.5],
			"to": [8, 9.5, 10.5],
			"rotation": {
				"angle": 0,
				"axis": "y",
				"origin": [3.5, 3.5, 8]
			},
			"faces": {
				"north": {
					"uv": [1.75, 9.75, 1.875, 10],
					"texture": "#1"
				},
				"east": {
					"uv": [7.0625, 3, 7.4375, 3.25],
					"texture": "#1"
				},
				"south": {
					"uv": [1.9375, 9.75, 2.0625, 10],
					"texture": "#1"
				},
				"west": {
					"uv": [8.5625, 2.6875, 8.9375, 2.9375],
					"texture": "#1"
				},
				"up": {
					"uv": [9.25, 9.75, 9.125, 9.375],
					"texture": "#1"
				},
				"down": {
					"uv": [9.5625, 2.125, 9.4375, 2.5],
					"texture": "#1"
				}
			}
		},
		{
			"from": [10, 0.5, 4.5],
			"to": [12, 9.5, 10.5],
			"rotation": {
				"angle": 0,
				"axis": "y",
				"origin": [8.5, 3.5, 8]
			},
			"faces": {
				"north": {
					"uv": [5.8125, 7, 5.9375, 7.5625],
					"texture": "#1"
				},
				"east": {
					"uv": [6.875, 6.1875, 7.25, 6.75],
					"texture": "#1"
				},
				"south": {
					"uv": [5.0625, 8.875, 5.1875, 9.4375],
					"texture": "#1"
				},
				"west": {
					"uv": [0.375, 7.0625, 0.75, 7.625],
					"texture": "#1"
				},
				"up": {
					"uv": [3.8125, 7.25, 3.6875, 6.875],
					"texture": "#1"
				},
				"down": {
					"uv": [9.5, 9.0625, 9.375, 9.4375],
					"texture": "#1"
				}
			}
		},
		{
			"from": [10, -3.5, 5.5],
			"to": [11, 0.5, 9.5],
			"rotation": {
				"angle": 0,
				"axis": "y",
				"origin": [8.5, 3.5, 8]
			},
			"faces": {
				"north": {
					"uv": [7.1875, 8, 7.25, 8.25],
					"texture": "#1"
				},
				"east": {
					"uv": [9, 2.6875, 9.25, 2.9375],
					"texture": "#1"
				},
				"south": {
					"uv": [0.1875, 8.0625, 0.25, 8.3125],
					"texture": "#1"
				},
				"west": {
					"uv": [9, 3.5625, 9.25, 3.8125],
					"texture": "#1"
				},
				"up": {
					"uv": [4.125, 8.4375, 4.0625, 8.1875],
					"texture": "#1"
				},
				"down": {
					"uv": [4.6875, 9.1875, 4.625, 9.4375],
					"texture": "#1"
				}
			}
		},
		{
			"from": [7, -8.5, 5.5],
			"to": [9, -1.5, 9.5],
			"rotation": {
				"angle": 0,
				"axis": "y",
				"origin": [8.5, -2.5, 8]
			},
			"faces": {
				"north": {
					"uv": [4.4375, 9.1875, 4.5625, 9.625],
					"texture": "#1"
				},
				"east": {
					"uv": [8.1875, 6.875, 8.4375, 7.3125],
					"texture": "#1"
				},
				"south": {
					"uv": [9.375, 4.5625, 9.5, 5],
					"texture": "#1"
				},
				"west": {
					"uv": [8.3125, 0, 8.5625, 0.4375],
					"texture": "#1"
				},
				"up": {
					"uv": [3.4375, 10, 3.3125, 9.75],
					"texture": "#1"
				},
				"down": {
					"uv": [4.75, 9.75, 4.625, 10],
					"texture": "#1"
				}
			}
		}
	]
}