{
	"textures": {
		"0": "expansion:vehicles/mech/mech"
	},
	"elements": [
		{
			"from": [
				0.4999999999999982,
				11.82211000000001,
				11.85293
			],
			"to": [
				12.5,
				14.822110000000006,
				15.85293
			],
			"rotation": {
				"angle": 22.5,
				"axis": "x",
				"origin": [
					7,
					11.791380000000004,
					6.54845
				]
			},
			"faces": {
				"north": {
					"uv": [
						10.375,
						2.875,
						11.125,
						3.0625
					],
					"texture": "#0"
				},
				"east": {
					"uv": [
						9.375,
						5.75,
						9.625,
						5.9375
					],
					"texture": "#0"
				},
				"south": {
					"uv": [
						10.375,
						9,
						11.125,
						9.1875
					],
					"texture": "#0"
				},
				"west": {
					"uv": [
						11.5625,
						2.8125,
						11.8125,
						3
					],
					"texture": "#0"
				},
				"up": {
					"uv": [
						9.875,
						7.25,
						9.125,
						7
					],
					"texture": "#0"
				},
				"down": {
					"uv": [
						10.0625,
						1.25,
						9.3125,
						1.5
					],
					"texture": "#0"
				}
			}
		},
		{
			"from": [
				0.4999999999999982,
				8.030740000000009,
				1.3044799999999999
			],
			"to": [
				12.5,
				11.030740000000009,
				16.304479999999998
			],
			"rotation": {
				"angle": 0,
				"axis": "y",
				"origin": [
					7,
					8,
					8
				]
			},
			"faces": {
				"north": {
					"uv": [
						10.375,
						9.25,
						11.125,
						9.4375
					],
					"texture": "#0"
				},
				"east": {
					"uv": [
						9.0625,
						8.1875,
						10,
						8.375
					],
					"texture": "#0"
				},
				"south": {
					"uv": [
						10.375,
						9.5,
						11.125,
						9.6875
					],
					"texture": "#0"
				},
				"west": {
					"uv": [
						9.375,
						2.875,
						10.3125,
						3.0625
					],
					"texture": "#0"
				},
				"up": {
					"uv": [
						3.9375,
						1.9375,
						3.1875,
						1
					],
					"texture": "#0"
				},
				"down": {
					"uv": [
						3.9375,
						2,
						3.1875,
						2.9375
					],
					"texture": "#0"
				}
			}
		},
		{
			"from": [
				0.4999999999999982,
				8.718940000000003,
				-1.235669999999999
			],
			"to": [
				3.4999999999999982,
				11.718940000000003,
				7.76433
			],
			"rotation": {
				"angle": -22.5,
				"axis": "x",
				"origin": [
					3.4999999999999982,
					10.218940000000003,
					0.26433000000000106
				]
			},
			"faces": {
				"north": {
					"uv": [
						11.625,
						6.4375,
						11.8125,
						6.625
					],
					"texture": "#0"
				},
				"east": {
					"uv": [
						10.75,
						0.5,
						11.3125,
						0.6875
					],
					"texture": "#0"
				},
				"south": {
					"uv": [
						6.5,
						11.625,
						6.6875,
						11.8125
					],
					"texture": "#0"
				},
				"west": {
					"uv": [
						10.75,
						1,
						11.3125,
						1.1875
					],
					"texture": "#0"
				},
				"up": {
					"uv": [
						2.3125,
						11.1875,
						2.125,
						10.625
					],
					"texture": "#0"
				},
				"down": {
					"uv": [
						1.125,
						10.75,
						0.9375,
						11.3125
					],
					"texture": "#0"
				}
			}
		},
		{
			"from": [
				0.4999999999999982,
				11.22175,
				5.9762699999999995
			],
			"to": [
				12.5,
				11.97175,
				7.7262699999999995
			],
			"rotation": {
				"angle": -22.5,
				"axis": "x",
				"origin": [
					8,
					11.941020000000009,
					8.42178
				]
			},
			"faces": {
				"north": {
					"uv": [
						6.4375,
						1.75,
						7.1875,
						1.8125
					],
					"texture": "#0"
				},
				"east": {
					"uv": [
						3,
						4.3125,
						3.125,
						4.375
					],
					"texture": "#0"
				},
				"south": {
					"uv": [
						11.1875,
						9.625,
						11.9375,
						9.6875
					],
					"texture": "#0"
				},
				"west": {
					"uv": [
						2.8125,
						4.9375,
						2.9375,
						5
					],
					"texture": "#0"
				},
				"up": {
					"uv": [
						8.8125,
						2.1875,
						8.0625,
						2.0625
					],
					"texture": "#0"
				},
				"down": {
					"uv": [
						11.625,
						7.75,
						10.875,
						7.875
					],
					"texture": "#0"
				}
			}
		},
		{
			"from": [
				0.4999999999999982,
				8.030740000000009,
				-1.6955200000000001
			],
			"to": [
				3.4999999999999982,
				11.030740000000009,
				1.3044799999999999
			],
			"rotation": {
				"angle": 0,
				"axis": "y",
				"origin": [
					-1.7763568394002505e-15,
					8,
					8
				]
			},
			"faces": {
				"north": {
					"uv": [
						7.875,
						11.625,
						8.0625,
						11.8125
					],
					"texture": "#0"
				},
				"east": {
					"uv": [
						8.125,
						11.625,
						8.3125,
						11.8125
					],
					"texture": "#0"
				},
				"south": {
					"uv": [
						11.625,
						11.5625,
						11.8125,
						11.75
					],
					"texture": "#0"
				},
				"west": {
					"uv": [
						0.5625,
						11.6875,
						0.75,
						11.875
					],
					"texture": "#0"
				},
				"up": {
					"uv": [
						4.75,
						11.875,
						4.5625,
						11.6875
					],
					"texture": "#0"
				},
				"down": {
					"uv": [
						5,
						11.6875,
						4.8125,
						11.875
					],
					"texture": "#0"
				}
			}
		},
		{
			"from": [
				9.5,
				8.718940000000003,
				-1.235669999999999
			],
			"to": [
				12.5,
				11.718940000000003,
				7.76433
			],
			"rotation": {
				"angle": -22.5,
				"axis": "x",
				"origin": [
					9.5,
					10.218940000000003,
					0.26433000000000106
				]
			},
			"faces": {
				"north": {
					"uv": [
						5.0625,
						11.6875,
						5.25,
						11.875
					],
					"texture": "#0"
				},
				"east": {
					"uv": [
						10.75,
						1.25,
						11.3125,
						1.4375
					],
					"texture": "#0"
				},
				"south": {
					"uv": [
						11.6875,
						5.0625,
						11.875,
						5.25
					],
					"texture": "#0"
				},
				"west": {
					"uv": [
						10.75,
						5.375,
						11.3125,
						5.5625
					],
					"texture": "#0"
				},
				"up": {
					"uv": [
						7.1875,
						11.3125,
						7,
						10.75
					],
					"texture": "#0"
				},
				"down": {
					"uv": [
						9.625,
						10.75,
						9.4375,
						11.3125
					],
					"texture": "#0"
				}
			}
		},
		{
			"from": [
				3.4999999999999982,
				9.280740000000009,
				1.8044799999999999
			],
			"to": [
				10.5,
				12.280740000000005,
				7.80448
			],
			"rotation": {
				"angle": -22.5,
				"axis": "x",
				"origin": [
					6.5,
					10.780740000000009,
					4.80448
				]
			},
			"faces": {
				"north": {
					"uv": [
						11.125,
						6.25,
						11.5625,
						6.4375
					],
					"texture": "#0"
				},
				"east": {
					"uv": [
						3.625,
						5.0625,
						4,
						5.25
					],
					"texture": "#0"
				},
				"south": {
					"uv": [
						11.125,
						6.5,
						11.5625,
						6.6875
					],
					"texture": "#0"
				},
				"west": {
					"uv": [
						8.0625,
						3.6875,
						8.4375,
						3.875
					],
					"texture": "#0"
				},
				"up": {
					"uv": [
						10.5,
						2.375,
						10.0625,
						2
					],
					"texture": "#0"
				},
				"down": {
					"uv": [
						10.5,
						2.4375,
						10.0625,
						2.8125
					],
					"texture": "#0"
				}
			}
		},
		{
			"from": [
				9.5,
				8.030740000000009,
				-1.6955200000000001
			],
			"to": [
				12.5,
				11.030740000000009,
				1.3044799999999999
			],
			"rotation": {
				"angle": 0,
				"axis": "y",
				"origin": [
					8,
					8,
					8
				]
			},
			"faces": {
				"north": {
					"uv": [
						11.6875,
						7.5625,
						11.875,
						7.75
					],
					"texture": "#0"
				},
				"east": {
					"uv": [
						11.6875,
						8.125,
						11.875,
						8.3125
					],
					"texture": "#0"
				},
				"south": {
					"uv": [
						11.6875,
						8.375,
						11.875,
						8.5625
					],
					"texture": "#0"
				},
				"west": {
					"uv": [
						9.3125,
						11.6875,
						9.5,
						11.875
					],
					"texture": "#0"
				},
				"up": {
					"uv": [
						9.75,
						11.875,
						9.5625,
						11.6875
					],
					"texture": "#0"
				},
				"down": {
					"uv": [
						11.875,
						11.1875,
						11.6875,
						11.375
					],
					"texture": "#0"
				}
			}
		}
	]
}