{
	"textures": {
		"1": "animated_java:item/mech_legs/mech"
	},
	"elements": [
		{
			"from": [2.5, 11.82211, 11.85293],
			"to": [12.5, 14.82211, 15.85293],
			"rotation": {
				"angle": 22.5,
				"axis": "x",
				"origin": [7, 11.79138, 6.54845]
			},
			"faces": {
				"north": {
					"uv": [5.875, 0.4375, 6.5, 0.625],
					"texture": "#1"
				},
				"east": {
					"uv": [2.1875, 1.375, 2.4375, 1.5625],
					"texture": "#1"
				},
				"south": {
					"uv": [5.875, 2.5625, 6.5, 2.75],
					"texture": "#1"
				},
				"west": {
					"uv": [7.375, 2.5, 7.625, 2.6875],
					"texture": "#1"
				},
				"up": {
					"uv": [5.8125, 0.75, 5.1875, 0.5],
					"texture": "#1"
				},
				"down": {
					"uv": [5.8125, 2.625, 5.1875, 2.875],
					"texture": "#1"
				}
			}
		},
		{
			"from": [2.48999, 8.03074, 1.30448],
			"to": [12.50999, 11.03074, 16.30448],
			"rotation": {
				"angle": 0,
				"axis": "y",
				"origin": [7, 8, 8]
			},
			"faces": {
				"north": {
					"uv": [0.3125, 5.9375, 0.9375, 6.125],
					"texture": "#1"
				},
				"east": {
					"uv": [2.375, 5.0625, 3.3125, 5.25],
					"texture": "#1"
				},
				"south": {
					"uv": [5.9375, 1.625, 6.5625, 1.8125],
					"texture": "#1"
				},
				"west": {
					"uv": [5.125, 0.875, 6.0625, 1.0625],
					"texture": "#1"
				},
				"up": {
					"uv": [0.625, 0.9375, 0, 0],
					"texture": "#1"
				},
				"down": {
					"uv": [1.3125, 0, 0.6875, 0.9375],
					"texture": "#1"
				}
			}
		},
		{
			"from": [2.5, 8.71894, -1.23567],
			"to": [5.5, 11.71894, 7.76433],
			"rotation": {
				"angle": -22.5,
				"axis": "x",
				"origin": [5.5, 10.21894, 0.26433]
			},
			"faces": {
				"north": {
					"uv": [4.625, 2.125, 4.8125, 2.3125],
					"texture": "#1"
				},
				"east": {
					"uv": [4.375, 6.4375, 4.9375, 6.625],
					"texture": "#1"
				},
				"south": {
					"uv": [4.375, 4.75, 4.5625, 4.9375],
					"texture": "#1"
				},
				"west": {
					"uv": [6.5, 0.9375, 7.0625, 1.125],
					"texture": "#1"
				},
				"up": {
					"uv": [3, 6.625, 2.8125, 6.0625],
					"texture": "#1"
				},
				"down": {
					"uv": [1, 6.4375, 0.8125, 7],
					"texture": "#1"
				}
			}
		},
		{
			"from": [2.5, 11.22175, 5.97627],
			"to": [12.5, 11.97175, 7.72627],
			"rotation": {
				"angle": -22.5,
				"axis": "x",
				"origin": [8, 11.94102, 8.42178]
			},
			"faces": {
				"north": {
					"uv": [7.125, 3.5625, 7.75, 3.625],
					"texture": "#1"
				},
				"east": {
					"uv": [0, 4.1875, 0.125, 4.25],
					"texture": "#1"
				},
				"south": {
					"uv": [7.5, 0.375, 8.125, 0.4375],
					"texture": "#1"
				},
				"west": {
					"uv": [0.1875, 4.1875, 0.3125, 4.25],
					"texture": "#1"
				},
				"up": {
					"uv": [7.1875, 2.75, 6.5625, 2.625],
					"texture": "#1"
				},
				"down": {
					"uv": [7.375, 0, 6.75, 0.125],
					"texture": "#1"
				}
			}
		},
		{
			"from": [2.48999, 8.03074, -1.69552],
			"to": [5.50999, 11.03074, 1.30448],
			"rotation": {
				"angle": 0,
				"axis": "y",
				"origin": [2, 8, 8]
			},
			"faces": {
				"north": {
					"uv": [0.8125, 5.6875, 1, 5.875],
					"texture": "#1"
				},
				"east": {
					"uv": [7.5, 7.125, 7.6875, 7.3125],
					"texture": "#1"
				},
				"south": {
					"uv": [0.375, 7.5625, 0.5625, 7.75],
					"texture": "#1"
				},
				"west": {
					"uv": [1.4375, 7.5625, 1.625, 7.75],
					"texture": "#1"
				},
				"up": {
					"uv": [7.75, 1.6875, 7.5625, 1.5],
					"texture": "#1"
				},
				"down": {
					"uv": [1.875, 7.5625, 1.6875, 7.75],
					"texture": "#1"
				}
			}
		},
		{
			"from": [9.5, 8.71894, -1.23567],
			"to": [12.5, 11.71894, 7.76433],
			"rotation": {
				"angle": -22.5,
				"axis": "x",
				"origin": [9.5, 10.21894, 0.26433]
			},
			"faces": {
				"north": {
					"uv": [7.5625, 1.75, 7.75, 1.9375],
					"texture": "#1"
				},
				"east": {
					"uv": [2.125, 6.5, 2.6875, 6.6875],
					"texture": "#1"
				},
				"south": {
					"uv": [1.9375, 7.5625, 2.125, 7.75],
					"texture": "#1"
				},
				"west": {
					"uv": [6.5, 2.8125, 7.0625, 3],
					"texture": "#1"
				},
				"up": {
					"uv": [0, 7.0625, 0.1875, 6.5],
					"texture": "#1"
				},
				"down": {
					"uv": [6.6875, 4, 6.5, 4.5625],
					"texture": "#1"
				}
			}
		},
		{
			"from": [5.5, 9.28074, 1.80448],
			"to": [10.5, 12.28074, 7.80448],
			"rotation": {
				"angle": -22.5,
				"axis": "x",
				"origin": [6.5, 10.78074, 4.80448]
			},
			"faces": {
				"north": {
					"uv": [5.5625, 7.1875, 5.875, 7.375],
					"texture": "#1"
				},
				"east": {
					"uv": [7.125, 3.0625, 7.5, 3.25],
					"texture": "#1"
				},
				"south": {
					"uv": [5.9375, 7.1875, 6.25, 7.375],
					"texture": "#1"
				},
				"west": {
					"uv": [7.125, 3.3125, 7.5, 3.5],
					"texture": "#1"
				},
				"up": {
					"uv": [3.375, 1.3125, 3.0625, 0.9375],
					"texture": "#1"
				},
				"down": {
					"uv": [6.3125, 3.5625, 6, 3.9375],
					"texture": "#1"
				}
			}
		},
		{
			"from": [9.48999, 8.03074, -1.69552],
			"to": [12.50999, 11.03074, 1.30448],
			"rotation": {
				"angle": 0,
				"axis": "y",
				"origin": [8, 8, 8]
			},
			"faces": {
				"north": {
					"uv": [7.75, 2, 7.5625, 2.1875],
					"texture": "#1"
				},
				"east": {
					"uv": [7.5625, 2.25, 7.75, 2.4375],
					"texture": "#1"
				},
				"south": {
					"uv": [7.5625, 3.0625, 7.75, 3.25],
					"texture": "#1"
				},
				"west": {
					"uv": [7.5625, 3.3125, 7.75, 3.5],
					"texture": "#1"
				},
				"up": {
					"uv": [7.75, 3.875, 7.5625, 3.6875],
					"texture": "#1"
				},
				"down": {
					"uv": [7.75, 3.9375, 7.5625, 4.125],
					"texture": "#1"
				}
			}
		}
	],
	"display": {
		"head": {
			"rotation": [0, 180, 0]
		}
	}
}