{
	"textures": {
		"1": "animated_java:item/mech_legs/mech"
	},
	"elements": [
		{
			"from": [3.5, 11.82211, 11.85293],
			"to": [13.5, 14.82211, 15.85293],
			"rotation": {
				"angle": 22.5,
				"axis": "x",
				"origin": [9, 11.79138, 6.54845]
			},
			"faces": {
				"north": {
					"uv": [6, 5.75, 6.625, 5.9375],
					"texture": "#1"
				},
				"east": {
					"uv": [7.4375, 6.625, 7.6875, 6.8125],
					"texture": "#1"
				},
				"south": {
					"uv": [6, 6, 6.625, 6.1875],
					"texture": "#1"
				},
				"west": {
					"uv": [7.4375, 6.875, 7.6875, 7.0625],
					"texture": "#1"
				},
				"up": {
					"uv": [3, 5.5625, 2.375, 5.3125],
					"texture": "#1"
				},
				"down": {
					"uv": [5.9375, 3.6875, 5.3125, 3.9375],
					"texture": "#1"
				}
			}
		},
		{
			"from": [3.49001, 8.03074, 1.30448],
			"to": [13.51001, 11.03074, 16.30448],
			"rotation": {
				"angle": 0,
				"axis": "y",
				"origin": [9, 8, 8]
			},
			"faces": {
				"north": {
					"uv": [6.0625, 0, 6.6875, 0.1875],
					"texture": "#1"
				},
				"east": {
					"uv": [5.125, 1.125, 6.0625, 1.3125],
					"texture": "#1"
				},
				"south": {
					"uv": [6.125, 0.6875, 6.75, 0.875],
					"texture": "#1"
				},
				"west": {
					"uv": [5.125, 1.375, 6.0625, 1.5625],
					"texture": "#1"
				},
				"up": {
					"uv": [0.625, 1.9375, 0, 1],
					"texture": "#1"
				},
				"down": {
					"uv": [1.3125, 1, 0.6875, 1.9375],
					"texture": "#1"
				}
			}
		},
		{
			"from": [10.5, 8.71894, -1.23567],
			"to": [13.5, 11.71894, 7.76433],
			"rotation": {
				"angle": -22.5,
				"axis": "x",
				"origin": [10.5, 10.21894, 0.26433]
			},
			"faces": {
				"north": {
					"uv": [7.5625, 4.5625, 7.75, 4.75],
					"texture": "#1"
				},
				"east": {
					"uv": [6.5, 4.625, 7.0625, 4.8125],
					"texture": "#1"
				},
				"south": {
					"uv": [7.5625, 4.8125, 7.75, 5],
					"texture": "#1"
				},
				"west": {
					"uv": [6.5, 4.875, 7.0625, 5.0625],
					"texture": "#1"
				},
				"up": {
					"uv": [5.5625, 7.0625, 5.375, 6.5],
					"texture": "#1"
				},
				"down": {
					"uv": [3.25, 6.5625, 3.0625, 7.125],
					"texture": "#1"
				}
			}
		},
		{
			"from": [3.5, 11.22175, 5.97627],
			"to": [13.5, 11.97175, 7.72627],
			"rotation": {
				"angle": -22.5,
				"axis": "x",
				"origin": [8, 11.94102, 8.42178]
			},
			"faces": {
				"north": {
					"uv": [7.5, 6.125, 8.125, 6.1875],
					"texture": "#1"
				},
				"east": {
					"uv": [4.5, 3.6875, 4.625, 3.75],
					"texture": "#1"
				},
				"south": {
					"uv": [7.5, 6.25, 8.125, 6.3125],
					"texture": "#1"
				},
				"west": {
					"uv": [5.125, 1.625, 5.25, 1.6875],
					"texture": "#1"
				},
				"up": {
					"uv": [7.375, 4.5625, 6.75, 4.4375],
					"texture": "#1"
				},
				"down": {
					"uv": [7.5, 3.6875, 6.875, 3.8125],
					"texture": "#1"
				}
			}
		},
		{
			"from": [10.49001, 8.03074, -1.69552],
			"to": [13.51001, 11.03074, 1.30448],
			"rotation": {
				"angle": 0,
				"axis": "y",
				"origin": [14, 8, 8]
			},
			"faces": {
				"north": {
					"uv": [7.625, 0.5, 7.8125, 0.6875],
					"texture": "#1"
				},
				"east": {
					"uv": [7.625, 0.75, 7.8125, 0.9375],
					"texture": "#1"
				},
				"south": {
					"uv": [7.625, 1, 7.8125, 1.1875],
					"texture": "#1"
				},
				"west": {
					"uv": [7.625, 1.25, 7.8125, 1.4375],
					"texture": "#1"
				},
				"up": {
					"uv": [7.8125, 2.9375, 7.625, 2.75],
					"texture": "#1"
				},
				"down": {
					"uv": [6.6875, 7.625, 6.5, 7.8125],
					"texture": "#1"
				}
			}
		},
		{
			"from": [3.5, 8.71894, -1.23567],
			"to": [6.5, 11.71894, 7.76433],
			"rotation": {
				"angle": -22.5,
				"axis": "x",
				"origin": [6.5, 10.21894, 0.26433]
			},
			"faces": {
				"north": {
					"uv": [7, 7.625, 7.1875, 7.8125],
					"texture": "#1"
				},
				"east": {
					"uv": [6.5625, 0.25, 7.125, 0.4375],
					"texture": "#1"
				},
				"south": {
					"uv": [7.25, 7.625, 7.4375, 7.8125],
					"texture": "#1"
				},
				"west": {
					"uv": [6.5625, 2.375, 7.125, 2.5625],
					"texture": "#1"
				},
				"up": {
					"uv": [3.3125, 7.125, 3.5, 6.5625],
					"texture": "#1"
				},
				"down": {
					"uv": [5.1875, 6.5625, 5, 7.125],
					"texture": "#1"
				}
			}
		},
		{
			"from": [5.5, 9.28074, 1.80448],
			"to": [10.5, 12.28074, 7.80448],
			"rotation": {
				"angle": -22.5,
				"axis": "x",
				"origin": [9.5, 10.78074, 4.80448]
			},
			"faces": {
				"north": {
					"uv": [7.125, 7.1875, 7.4375, 7.375],
					"texture": "#1"
				},
				"east": {
					"uv": [7.125, 4.625, 7.5, 4.8125],
					"texture": "#1"
				},
				"south": {
					"uv": [3.75, 7.25, 4.0625, 7.4375],
					"texture": "#1"
				},
				"west": {
					"uv": [7.125, 4.875, 7.5, 5.0625],
					"texture": "#1"
				},
				"up": {
					"uv": [2.75, 6.4375, 2.4375, 6.0625],
					"texture": "#1"
				},
				"down": {
					"uv": [6.4375, 0.9375, 6.125, 1.3125],
					"texture": "#1"
				}
			}
		},
		{
			"from": [3.49001, 8.03074, -1.69552],
			"to": [6.51001, 11.03074, 1.30448],
			"rotation": {
				"angle": 0,
				"axis": "y",
				"origin": [8, 8, 8]
			},
			"faces": {
				"north": {
					"uv": [7.6875, 7.625, 7.5, 7.8125],
					"texture": "#1"
				},
				"east": {
					"uv": [1, 7.6875, 1.1875, 7.875],
					"texture": "#1"
				},
				"south": {
					"uv": [7.6875, 2.5, 7.875, 2.6875],
					"texture": "#1"
				},
				"west": {
					"uv": [2.75, 7.6875, 2.9375, 7.875],
					"texture": "#1"
				},
				"up": {
					"uv": [3.1875, 7.875, 3, 7.6875],
					"texture": "#1"
				},
				"down": {
					"uv": [3.8125, 7.6875, 3.625, 7.875],
					"texture": "#1"
				}
			}
		}
	],
	"display": {
		"head": {
			"rotation": [0, 180, 0]
		}
	}
}